seats_count,total_amount,bookings_last_1min,bookings_last_10min,same_device_flag,duplicate_route_flag,account_age_days,night_booking_flag,cancellation_history_ratio,label
3,6816.0,0,0,1,0,178,0,0.057,0
2,6944.0,0,4,0,0,62,0,0.182,0
1,4363.0,0,1,0,0,69,0,0.185,0
1,2856.0,1,4,0,0,45,0,0.107,0
4,9225.0,1,4,0,0,32,0,0.065,0
4,13250.0,1,2,0,0,13,0,0.428,0
2,7298.0,0,5,0,0,68,0,0.192,0
5,14220.0,1,3,0,0,158,0,0.078,0
2,5101.0,2,6,0,0,49,0,0.152,0
2,6064.0,2,3,0,0,86,0,0.265,0
1,2165.0,0,2,0,1,85,0,0.379,0
4,15745.0,0,0,0,0,25,0,0.224,0
1,3744.0,0,4,0,0,32,0,0.121,0
9,25118.0,0,3,0,0,40,0,0.084,0
2,8751.0,0,5,0,0,110,0,0.095,0
3,9957.0,2,3,0,0,45,0,0.236,0
1,3172.0,0,5,0,0,195,0,0.59,0
7,17366.0,0,0,0,0,7,0,0.258,1
2,5122.0,0,3,0,0,14,0,0.434,0
1,3077.0,2,5,0,0,183,0,0.364,0
5,20857.0,2,2,0,0,53,0,0.511,0
4,10620.0,0,0,0,0,24,0,0.16,0
1,4214.0,0,2,0,0,29,0,0.04,0
4,10657.0,0,5,0,0,170,0,0.235,1
3,9815.0,1,1,0,0,23,0,0.391,0
4,16507.0,1,2,0,0,4,1,0.199,0
4,12876.0,2,4,0,0,42,0,0.334,0
3,9055.0,0,4,0,0,94,0,0.146,0
6,18503.0,1,3,0,0,56,0,0.39,0
2,4774.0,0,3,0,0,51,0,0.06,0
4,12392.0,0,1,0,0,63,0,0.278,0
2,7508.0,1,5,0,0,281,0,0.285,0
2,6431.0,0,4,0,0,20,0,0.069,0
2,5523.0,2,4,0,0,56,0,0.125,0
2,7931.0,1,4,0,0,36,0,0.182,0
1,3128.0,3,4,0,0,100,0,0.127,1
5,13358.0,0,3,1,0,39,0,0.243,0
4,9662.0,0,3,0,0,18,0,0.272,0
1,3041.0,3,6,0,0,112,0,0.172,0
3,7438.0,0,0,0,0,3,0,0.02,1
5,11798.0,0,0,0,0,39,0,0.259,0
2,8627.0,4,5,0,0,29,0,0.153,0
2,7294.0,0,1,0,0,22,0,0.31,0
3,12224.0,1,1,0,0,98,0,0.061,0
1,2665.0,1,3,0,0,124,0,0.018,0
2,6279.0,0,2,0,0,9,1,0.311,0
4,12879.0,0,1,0,0,45,0,0.285,0
3,10873.0,0,2,0,0,146,0,0.332,0
10,40422.0,0,0,0,0,112,0,0.46,0
2,7779.0,1,2,0,0,83,0,0.118,0
2,5992.0,0,2,0,0,16,0,0.218,0
2,7953.0,3,5,0,0,163,0,0.185,0
6,17280.0,0,3,0,0,43,0,0.106,0
7,18340.0,0,0,0,0,61,0,0.052,0
3,11337.0,0,0,0,0,146,0,0.232,0
3,7220.0,0,1,0,0,49,0,0.102,0
10,27584.0,3,5,1,0,42,0,0.183,1
3,11614.0,1,1,1,0,163,1,0.165,0
2,6512.0,1,2,0,0,106,0,0.109,0
9,38261.0,0,3,0,0,171,0,0.293,0
6,16744.0,0,4,0,0,124,0,0.216,0
3,11769.0,0,3,0,0,112,1,0.079,0
2,7274.0,0,1,0,0,275,0,0.426,0
6,18798.0,0,1,1,0,114,0,0.111,0
1,2395.0,0,0,0,0,54,0,0.204,0
5,16452.0,0,5,0,0,155,0,0.109,0
2,7432.0,0,2,0,0,84,1,0.232,0
2,7082.0,0,1,0,0,53,0,0.046,1
8,26975.0,1,2,0,0,210,0,0.205,0
5,15224.0,0,3,0,0,85,0,0.454,0
1,3771.0,2,3,0,1,80,0,0.22,0
7,23620.0,2,2,0,0,60,1,0.31,1
3,10738.0,0,1,0,0,107,1,0.386,0
1,3261.0,0,4,1,1,72,0,0.191,1
2,8447.0,0,3,0,0,2,1,0.044,0
3,10402.0,0,3,0,0,74,0,0.174,0
3,10104.0,1,2,0,0,163,0,0.399,0
1,2890.0,0,2,0,0,219,1,0.254,0
2,8386.0,1,2,0,0,9,1,0.146,0
2,7288.0,0,1,0,0,41,0,0.389,0
3,12902.0,2,3,0,0,16,0,0.181,0
5,19143.0,0,3,0,0,42,0,0.131,0
3,12747.0,0,1,0,0,148,0,0.152,0
4,12455.0,0,1,0,0,96,0,0.124,0
1,2318.0,0,4,0,0,20,0,0.344,0
2,4857.0,0,2,0,1,85,0,0.315,0
3,7912.0,0,0,0,0,120,0,0.252,0
4,12172.0,0,4,0,0,46,0,0.222,1
8,19281.0,0,3,0,1,41,0,0.177,0
1,3571.0,0,1,0,0,8,0,0.278,0
1,3728.0,2,3,1,0,26,0,0.231,0
2,6491.0,0,0,0,0,29,0,0.208,0
2,7710.0,0,1,0,0,77,0,0.418,0
4,9671.0,0,2,0,0,64,1,0.145,0
4,13281.0,0,1,0,0,19,1,0.2,0
1,4581.0,0,0,0,0,109,0,0.262,0
3,11708.0,0,1,0,0,102,0,0.157,0
1,3495.0,0,3,0,0,75,0,0.188,0
8,25217.0,2,2,0,0,96,0,0.091,1
2,5692.0,0,2,0,0,5,0,0.219,0
1,4194.0,0,1,0,0,52,1,0.319,0
3,7969.0,0,2,0,0,33,0,0.114,0
1,3127.0,0,0,0,0,229,0,0.314,0
2,8131.0,0,0,1,0,17,0,0.086,1
1,2515.0,1,4,0,0,0,0,0.041,0
1,3894.0,0,3,0,0,53,0,0.287,0
3,9551.0,0,2,0,0,203,0,0.33,0
3,9854.0,0,4,0,0,148,0,0.112,0
2,8658.0,0,2,0,0,42,0,0.092,0
3,9710.0,0,5,0,0,26,0,0.146,0
2,8324.0,0,1,0,0,298,0,0.186,0
3,10213.0,2,3,0,1,27,0,0.049,0
1,3407.0,0,2,0,0,2,0,0.036,0
2,8027.0,0,5,0,0,134,0,0.392,0
7,28348.0,0,4,0,0,82,0,0.372,0
7,20284.0,0,2,0,0,126,0,0.347,0
3,10854.0,1,3,0,0,174,0,0.152,0
4,8927.0,1,4,0,0,101,0,0.123,0
4,14025.0,0,2,0,0,49,0,0.472,0
3,7599.0,2,3,0,0,7,0,0.196,1
2,6326.0,0,3,0,1,53,0,0.044,0
9,28058.0,0,0,0,0,144,0,0.091,0
8,26063.0,1,2,0,0,12,0,0.649,0
6,16074.0,0,2,1,0,66,0,0.14,0
1,4755.0,0,2,0,0,22,0,0.197,0
3,9860.0,0,5,0,0,185,0,0.064,0
3,11998.0,2,4,0,0,172,0,0.216,0
3,11616.0,0,3,0,0,41,0,0.667,0
3,8166.0,2,4,0,0,74,0,0.313,0
6,17894.0,0,2,0,0,69,0,0.199,0
3,10997.0,0,4,0,0,186,0,0.092,0
1,1921.0,2,4,0,0,68,0,0.019,0
2,5930.0,0,2,1,0,170,0,0.288,0
1,3362.0,0,3,0,0,50,0,0.249,0
2,7136.0,0,0,0,0,110,0,0.273,0
1,2426.0,2,4,0,0,262,0,0.346,0
5,15866.0,2,3,0,0,61,0,0.204,0
4,9838.0,0,5,0,0,24,0,0.245,0
1,4455.0,0,1,0,0,34,0,0.071,1
1,3025.0,0,3,0,0,69,0,0.278,0
1,3258.0,0,0,0,0,47,0,0.277,0
2,8616.0,0,4,0,0,28,0,0.11,0
2,8206.0,0,2,0,0,64,0,0.217,0
2,7229.0,0,1,0,0,1,0,0.224,1
10,32502.0,0,2,0,0,181,0,0.203,0
1,4408.0,0,5,0,0,18,1,0.276,0
3,11366.0,0,5,0,0,14,0,0.344,0
1,4104.0,0,1,0,0,76,0,0.116,0
8,21721.0,0,0,0,0,10,0,0.086,0
2,6065.0,0,0,0,0,10,0,0.185,0
4,17082.0,0,3,0,0,34,1,0.151,0
7,28596.0,0,2,0,1,109,0,0.369,1
5,15842.0,0,0,0,0,65,0,0.143,0
4,15795.0,0,3,0,0,66,0,0.32,0
1,3847.0,0,3,0,0,6,0,0.268,0
1,3740.0,0,1,0,0,224,0,0.465,0
5,19679.0,0,0,0,1,25,0,0.274,0
2,6287.0,1,5,0,0,260,0,0.355,0
1,4438.0,1,5,1,0,62,0,0.196,0
2,8041.0,0,1,0,1,175,0,0.321,0
1,3378.0,0,1,0,0,142,0,0.302,0
2,5738.0,0,3,0,0,165,0,0.059,0
6,14668.0,0,1,0,0,136,0,0.202,0
3,8371.0,0,2,0,0,58,1,0.198,0
9,37156.0,0,4,0,0,18,0,0.038,1
2,7597.0,0,2,0,0,5,0,0.391,0
1,4025.0,1,5,0,0,95,0,0.107,0
1,4361.0,0,3,0,0,50,0,0.669,1
3,10925.0,0,2,0,0,7,0,0.053,1
5,13094.0,0,1,0,0,182,0,0.357,0
1,2707.0,0,4,0,0,129,0,0.13,0
8,24872.0,1,2,0,0,102,0,0.303,0
3,6843.0,0,2,0,0,144,1,0.306,0
3,9324.0,3,3,0,1,99,0,0.225,0
3,11286.0,0,1,0,0,114,0,0.097,0
2,5229.0,0,3,0,0,13,0,0.164,0
8,32026.0,0,2,0,0,94,0,0.084,0
6,13662.0,4,4,0,0,39,1,0.146,0
2,6865.0,0,1,0,0,120,0,0.248,1
2,6024.0,0,3,0,1,61,0,0.233,1
1,2406.0,0,0,0,0,87,0,0.318,0
4,14450.0,1,6,0,0,167,0,0.11,0
3,9422.0,0,2,0,0,161,0,0.25,1
7,18051.0,0,0,0,0,118,1,0.079,0
3,9906.0,0,1,0,0,204,0,0.131,0
3,11463.0,0,3,0,0,44,1,0.389,0
3,11185.0,0,2,0,0,42,0,0.31,0
2,7343.0,1,1,0,0,26,0,0.105,0
1,2774.0,1,1,0,0,129,1,0.045,0
6,21415.0,0,2,0,0,15,1,0.146,0
2,6224.0,0,0,0,0,202,0,0.163,0
1,4128.0,0,1,0,0,17,1,0.501,0
4,12895.0,0,0,0,0,23,0,0.27,1
3,10444.0,1,3,0,0,170,0,0.183,0
1,3702.0,0,2,1,0,107,0,0.227,0
3,12230.0,2,4,0,0,119,0,0.145,1
3,11182.0,0,4,0,0,27,0,0.032,0
1,3945.0,0,5,0,0,97,0,0.067,0
5,16100.0,0,3,0,0,68,0,0.062,0
7,24727.0,0,2,0,0,155,0,0.492,1
3,9294.0,1,6,0,0,17,0,0.056,0
6,23878.0,0,1,1,0,24,0,0.371,0
2,6343.0,0,1,0,0,63,0,0.075,0
1,3094.0,0,1,0,0,136,0,0.268,0
2,5942.0,2,2,0,0,98,0,0.112,0
2,7806.0,0,2,0,0,16,1,0.324,0
2,7774.0,0,1,0,0,38,0,0.301,0
1,2688.0,1,1,0,0,69,0,0.282,0
1,3093.0,0,1,0,0,31,0,0.11,0
2,7810.0,0,4,0,0,23,0,0.168,0
2,6640.0,0,2,0,1,76,0,0.114,0
3,6773.0,0,0,0,0,64,0,0.246,0
4,16179.0,3,4,0,0,15,0,0.291,0
4,9119.0,2,4,0,1,178,0,0.47,1
5,19708.0,0,0,0,0,11,0,0.346,0
5,18539.0,1,3,0,1,72,0,0.08,0
2,6620.0,0,3,0,0,188,0,0.21,0
4,14177.0,0,5,0,0,136,0,0.269,0
6,20341.0,0,5,0,0,41,0,0.172,0
5,12245.0,0,2,0,0,149,0,0.055,0
8,28163.0,2,4,0,0,3,0,0.282,0
3,6811.0,0,2,0,0,94,0,0.157,0
1,4249.0,0,4,0,1,89,0,0.18,0
8,18250.0,1,3,0,0,48,0,0.252,0
2,6902.0,0,5,0,0,157,0,0.273,0
3,7762.0,0,1,0,0,15,0,0.234,0
3,11052.0,1,5,0,1,120,0,0.281,0
3,7124.0,1,2,0,0,60,0,0.258,0
4,12016.0,0,1,0,0,77,0,0.221,0
7,19019.0,0,2,0,0,55,0,0.181,0
7,23558.0,1,3,0,0,102,0,0.229,0
2,7954.0,1,2,0,0,0,0,0.446,0
7,18474.0,1,2,0,0,247,0,0.165,0
2,7978.0,0,5,0,0,49,1,0.055,0
7,25917.0,0,3,0,0,94,0,0.399,0
2,5479.0,0,3,0,0,197,1,0.171,0
2,8619.0,0,0,0,0,88,0,0.168,0
8,18409.0,2,2,0,0,173,0,0.083,0
1,2528.0,0,1,0,1,160,0,0.227,0
8,23210.0,1,2,0,0,52,0,0.363,0
1,2845.0,1,4,0,0,14,0,0.148,0
1,2560.0,2,2,0,0,46,0,0.239,1
1,4635.0,0,3,0,0,17,0,0.204,0
4,13667.0,1,1,0,0,122,0,0.503,0
1,3492.0,0,3,0,1,93,0,0.059,0
3,9751.0,0,2,0,0,89,0,0.191,1
6,18439.0,0,2,0,0,50,0,0.306,0
3,10916.0,0,0,0,1,12,0,0.067,0
1,4528.0,1,6,0,0,85,0,0.157,0
1,3805.0,2,4,0,1,139,0,0.478,0
2,7220.0,0,2,0,0,151,1,0.114,0
2,7828.0,0,3,0,0,203,0,0.479,0
1,3236.0,0,0,0,0,191,0,0.11,0
1,3906.0,1,2,0,0,81,0,0.111,0
4,12287.0,0,2,0,0,96,0,0.118,0
1,2692.0,0,2,0,0,26,0,0.136,0
4,13536.0,1,3,0,0,20,0,0.107,0
3,11930.0,0,3,0,0,50,0,0.088,0
2,6055.0,1,3,0,0,20,0,0.31,0
1,3190.0,3,5,0,0,229,0,0.186,0
2,5196.0,1,5,0,0,76,0,0.057,0
2,5059.0,0,1,0,0,208,0,0.354,0
2,8855.0,0,1,0,0,159,0,0.401,0
1,3216.0,3,4,0,0,98,0,0.155,0
3,11520.0,0,4,1,0,113,0,0.107,0
2,6077.0,1,1,0,0,103,0,0.083,0
2,5834.0,0,3,0,0,33,0,0.127,1
3,10240.0,3,7,0,0,71,0,0.128,1
6,23037.0,1,3,0,0,8,0,0.091,1
7,22806.0,0,3,0,0,235,1,0.116,0
1,3096.0,1,3,0,0,204,0,0.223,0
3,10013.0,2,4,0,0,65,0,0.013,0
3,10098.0,0,3,0,0,96,0,0.102,0
3,10529.0,1,4,0,0,27,0,0.083,0
1,2050.0,0,2,0,0,76,0,0.112,0
10,31054.0,0,4,0,1,89,0,0.069,0
1,4186.0,0,5,0,0,106,1,0.13,1
2,5528.0,0,0,1,0,61,0,0.378,0
3,11548.0,0,3,0,0,60,0,0.146,0
3,10771.0,1,2,0,0,108,0,0.232,0
7,25690.0,0,4,0,0,158,1,0.136,0
3,11247.0,1,1,0,0,2,0,0.121,1
1,2913.0,0,0,0,0,3,0,0.023,0
2,6640.0,0,3,0,1,189,0,0.272,0
2,5767.0,1,3,0,0,168,0,0.193,0
2,6657.0,1,3,0,0,109,0,0.293,0
2,7468.0,0,2,1,0,61,1,0.238,1
4,16589.0,2,4,0,0,45,1,0.156,0
3,7593.0,1,4,0,0,138,0,0.194,0
4,12037.0,0,4,1,0,104,0,0.389,0
2,5117.0,0,3,0,0,16,0,0.195,0
2,5064.0,0,3,0,0,93,0,0.078,0
2,8863.0,0,3,1,0,13,0,0.121,0
1,3853.0,0,1,0,1,68,1,0.297,0
1,3300.0,0,2,0,0,198,0,0.351,0
2,7787.0,0,2,0,0,43,0,0.299,0
8,26328.0,0,5,0,1,24,0,0.185,0
10,23236.0,2,3,0,0,10,0,0.239,0
2,7052.0,0,0,0,0,8,0,0.179,0
1,2979.0,0,3,0,1,129,0,0.094,0
1,2347.0,0,5,0,0,31,0,0.287,0
2,7898.0,2,7,0,0,83,0,0.169,0
7,24199.0,1,2,0,0,168,0,0.179,0
8,20800.0,0,4,0,0,70,0,0.292,0
1,4017.0,0,1,0,0,6,0,0.154,0
1,2853.0,0,0,0,0,21,0,0.297,0
7,23947.0,1,1,0,0,8,0,0.791,1
1,4517.0,0,2,0,0,31,1,0.208,0
3,6622.0,1,3,0,1,99,0,0.084,0
1,3817.0,0,0,0,0,69,0,0.128,0
1,2042.0,0,5,0,0,22,0,0.211,0
7,24858.0,0,3,0,0,103,0,0.102,0
3,9494.0,0,1,0,0,81,0,0.05,0
2,7491.0,3,7,0,0,118,0,0.054,0
2,8081.0,2,2,1,0,55,0,0.139,0
5,14738.0,0,4,0,0,20,0,0.5,0
2,8413.0,0,1,0,0,180,0,0.029,0
2,7746.0,0,4,0,0,152,0,0.182,0
3,7316.0,0,0,0,0,70,0,0.117,0
1,3006.0,0,0,0,0,49,0,0.267,0
1,4932.0,0,1,0,0,136,0,0.316,0
4,9893.0,0,0,0,0,105,1,0.365,0
5,14753.0,0,0,0,0,137,0,0.247,0
1,3409.0,0,2,0,0,64,0,0.11,0
3,8519.0,1,4,0,0,19,1,0.079,0
3,11913.0,0,2,0,0,118,0,0.327,0
2,6137.0,2,3,0,0,97,0,0.475,0
5,11891.0,2,7,0,0,175,0,0.03,0
2,6120.0,0,0,0,0,102,0,0.03,0
1,3296.0,1,5,0,0,168,0,0.191,1
2,7376.0,1,2,0,1,165,1,0.124,0
1,2918.0,0,2,0,0,63,0,0.196,1
2,8570.0,0,1,0,0,89,0,0.184,0
3,10729.0,1,3,0,0,51,0,0.126,0
2,7567.0,0,3,0,0,100,0,0.122,0
1,3906.0,0,2,0,0,76,0,0.191,0
3,9465.0,0,2,0,0,8,0,0.323,0
3,10663.0,0,1,0,0,166,0,0.393,0
2,6671.0,1,1,0,0,94,0,0.053,0
3,7011.0,1,1,0,0,47,0,0.294,0
1,3941.0,1,2,0,0,78,0,0.062,0
3,8516.0,0,0,0,0,67,0,0.238,0
7,25226.0,0,3,0,0,157,0,0.134,0
8,31487.0,0,2,0,1,140,0,0.184,0
6,21684.0,0,5,0,0,19,0,0.205,0
2,8253.0,0,2,0,1,220,0,0.158,0
7,28472.0,0,2,0,0,81,0,0.38,0
2,5808.0,0,3,0,1,151,0,0.115,0
2,5652.0,1,3,0,0,36,0,0.333,0
1,2862.0,0,0,0,0,170,0,0.418,0
7,23727.0,0,3,0,0,30,0,0.201,0
2,7814.0,0,0,0,0,98,0,0.167,0
3,12494.0,0,3,0,0,109,0,0.308,0
2,4785.0,1,5,0,0,14,0,0.086,0
3,12643.0,0,0,0,0,48,0,0.056,0
3,8327.0,3,7,0,0,211,0,0.372,0
3,8189.0,2,3,0,0,326,0,0.136,1
4,14808.0,2,2,0,0,23,1,0.301,0
4,12615.0,0,2,1,0,82,0,0.129,0
4,9802.0,2,5,0,0,93,0,0.168,0
1,3261.0,0,5,0,0,139,0,0.127,0
2,6307.0,0,2,0,0,147,0,0.31,0
1,2232.0,0,4,0,0,65,0,0.082,1
5,13939.0,0,1,0,0,11,0,0.099,0
8,29804.0,0,1,0,0,180,0,0.054,0
7,18879.0,0,1,0,0,99,0,0.176,0
7,17141.0,3,5,0,0,69,0,0.285,0
2,5340.0,2,2,0,0,13,0,0.326,0
2,7110.0,1,1,0,0,0,0,0.095,0
8,32568.0,0,3,0,0,204,0,0.302,0
1,4875.0,1,1,0,0,108,0,0.092,0
2,7139.0,0,3,0,0,103,0,0.355,0
4,12472.0,0,1,0,0,35,0,0.177,0
1,3298.0,0,5,0,1,131,0,0.234,0
5,19306.0,0,3,0,0,12,0,0.138,0
2,7691.0,1,3,0,0,22,0,0.398,0
7,22981.0,0,1,0,0,58,0,0.104,1
1,4675.0,0,0,0,0,110,1,0.426,0
1,4000.0,2,3,0,0,116,0,0.092,0
8,19154.0,2,6,0,0,77,0,0.408,0
2,6033.0,0,2,0,0,12,0,0.128,0
2,8278.0,0,0,0,0,115,0,0.207,0
2,6526.0,1,5,0,0,101,0,0.178,0
3,12062.0,2,3,0,0,50,0,0.185,1
4,15239.0,0,0,0,0,112,0,0.323,0
6,21240.0,0,3,0,0,43,0,0.048,0
4,15880.0,0,0,0,0,37,1,0.287,0
2,8649.0,0,1,0,1,138,1,0.306,0
2,6205.0,0,2,0,0,61,0,0.139,0
1,4086.0,0,5,0,0,4,0,0.276,0
2,6097.0,0,4,1,0,99,0,0.182,0
1,4427.0,0,1,0,0,96,0,0.233,0
1,3023.0,1,5,0,0,4,0,0.26,0
2,4996.0,0,3,0,0,30,0,0.071,0
2,4671.0,0,1,0,0,106,0,0.058,0
1,3531.0,3,5,0,0,236,1,0.247,0
1,4228.0,2,4,0,0,164,0,0.081,0
4,11098.0,0,0,0,0,76,0,0.315,0
1,3602.0,0,3,0,0,68,0,0.231,0
2,8567.0,2,5,0,1,4,0,0.575,1
5,13038.0,0,4,0,0,69,1,0.138,0
3,9343.0,0,2,0,1,117,0,0.199,0
2,4462.0,0,2,0,0,226,0,0.357,0
5,19262.0,0,1,0,0,136,0,0.165,0
1,3786.0,0,1,0,0,133,0,0.184,0
1,4010.0,0,2,0,0,181,0,0.297,0
3,12182.0,0,3,0,0,47,0,0.238,1
1,2861.0,0,1,0,0,45,0,0.014,0
6,14392.0,0,0,0,0,21,0,0.208,0
1,3318.0,0,4,0,0,55,0,0.106,0
4,9118.0,0,1,0,0,128,0,0.153,0
1,2308.0,1,1,0,0,112,0,0.228,0
4,14037.0,2,2,0,0,3,0,0.049,0
1,3775.0,1,6,0,0,6,0,0.281,0
1,3871.0,0,3,0,0,27,0,0.208,0
5,16154.0,0,4,0,0,54,0,0.261,0
1,3422.0,2,4,0,1,37,0,0.112,0
3,9640.0,2,4,0,0,32,0,0.119,0
1,3161.0,0,3,0,0,64,0,0.073,1
2,4305.0,1,3,0,0,49,0,0.322,0
1,2004.0,0,3,0,0,40,1,0.075,0
1,2608.0,0,4,0,1,53,0,0.079,1
5,15771.0,1,4,0,0,34,0,0.203,0
2,6808.0,0,0,0,0,133,0,0.201,0
6,18097.0,1,4,0,0,122,0,0.202,0
1,3260.0,0,3,0,0,158,0,0.129,0
4,11945.0,0,1,0,0,36,0,0.224,0
1,2699.0,1,6,0,0,68,0,0.066,0
2,7480.0,1,4,0,0,121,0,0.227,0
1,3006.0,1,2,0,0,13,0,0.044,0
3,11956.0,0,3,0,0,38,1,0.361,0
3,11331.0,2,7,0,0,103,0,0.096,0
2,6956.0,2,4,0,0,11,0,0.486,0
6,20197.0,0,0,1,0,43,0,0.425,0
1,2585.0,0,2,0,0,167,0,0.016,0
7,25526.0,1,2,0,0,19,0,0.246,0
2,5371.0,1,1,0,0,234,0,0.207,0
6,21264.0,1,2,0,0,115,0,0.173,0
8,27792.0,0,1,0,0,33,1,0.088,0
1,4215.0,0,2,0,0,84,0,0.1,0
3,11698.0,1,1,0,0,54,0,0.044,0
1,3622.0,0,0,0,0,5,0,0.232,0
1,2301.0,1,2,0,0,8,0,0.175,0
1,2137.0,0,1,0,0,123,0,0.069,1
1,4191.0,0,5,0,0,83,0,0.237,1
3,11751.0,0,5,0,0,29,0,0.148,0
9,34211.0,0,1,0,0,143,1,0.509,1
5,15109.0,1,2,0,0,99,0,0.042,0
6,22662.0,2,7,0,0,105,0,0.079,1
2,7753.0,1,3,0,1,90,1,0.306,0
1,3289.0,0,1,0,0,64,0,0.222,0
9,37872.0,0,2,0,0,25,1,0.07,0
3,10959.0,0,2,0,0,58,0,0.282,0
2,7987.0,0,5,0,0,207,0,0.187,1
1,3038.0,1,6,0,0,80,0,0.127,0
4,16644.0,1,2,0,0,164,0,0.103,0
1,3819.0,2,3,0,1,166,0,0.049,1
5,14806.0,0,1,0,0,164,0,0.271,1
2,6700.0,0,0,0,0,32,0,0.206,0
1,2599.0,0,2,0,0,10,0,0.227,0
1,3224.0,1,3,0,0,137,0,0.054,0
5,16982.0,0,1,0,1,111,0,0.144,0
4,10799.0,0,5,0,0,37,1,0.141,0
2,5031.0,0,4,0,0,75,0,0.085,0
7,27628.0,2,6,0,0,106,0,0.145,1
3,8357.0,0,0,0,0,62,0,0.191,0
1,3815.0,1,2,0,0,3,0,0.177,0
2,5670.0,0,1,0,0,22,0,0.317,0
2,6703.0,0,1,0,0,11,1,0.069,1
1,2367.0,0,1,0,0,17,0,0.421,0
3,9970.0,0,1,0,0,129,0,0.263,0
1,3663.0,0,2,0,0,93,0,0.104,0
3,8685.0,0,0,0,0,71,0,0.186,0
1,3373.0,2,2,0,0,137,0,0.512,0
1,3790.0,0,1,0,0,123,0,0.043,0
2,4295.0,0,4,0,0,150,0,0.214,0
3,8311.0,0,1,0,0,101,0,0.165,0
2,6973.0,0,0,0,0,62,0,0.11,0
2,6823.0,0,2,0,0,110,0,0.154,0
2,8152.0,0,1,0,0,63,0,0.025,0
1,1798.0,0,3,0,0,147,0,0.28,0
5,16920.0,0,0,0,1,57,0,0.147,0
1,4070.0,0,3,1,1,131,0,0.406,0
2,6078.0,1,2,0,0,178,0,0.198,0
2,8620.0,0,1,0,0,25,0,0.134,0
1,3543.0,0,5,0,0,22,0,0.056,0
1,3360.0,1,4,0,1,192,1,0.145,1
1,3508.0,0,3,0,0,65,1,0.176,0
4,11266.0,0,2,0,0,67,0,0.034,0
3,8079.0,0,1,0,0,17,1,0.148,0
5,20458.0,0,0,0,0,47,0,0.122,0
1,4427.0,0,0,0,0,39,0,0.123,0
4,11183.0,0,2,0,0,26,1,0.224,0
7,29183.0,3,4,1,0,68,0,0.237,1
2,7200.0,1,4,1,0,59,0,0.326,0
2,6989.0,0,2,0,0,224,1,0.231,0
1,3343.0,3,5,0,0,2,0,0.045,0
7,21235.0,0,0,0,0,19,0,0.181,0
2,5272.0,0,1,0,0,105,0,0.389,1
1,4070.0,1,1,1,0,37,0,0.117,1
2,7690.0,0,1,0,0,25,0,0.108,0
1,3037.0,0,3,0,0,94,0,0.191,0
2,7376.0,0,2,0,0,142,0,0.351,0
2,7275.0,0,2,0,0,205,0,0.47,0
7,25114.0,0,5,0,0,263,0,0.265,0
4,11482.0,2,5,0,0,44,0,0.151,1
1,2107.0,0,3,0,0,197,1,0.238,0
3,7680.0,0,2,0,0,11,0,0.263,0
3,9024.0,4,4,0,0,200,0,0.216,0
3,6787.0,1,4,1,0,9,0,0.166,0
4,11011.0,1,3,0,0,125,0,0.278,0
4,11233.0,0,3,0,0,60,0,0.308,0
8,28199.0,0,0,0,0,0,0,0.299,0
2,7827.0,0,0,0,0,94,0,0.238,0
2,7428.0,0,0,0,0,4,0,0.217,1
5,17349.0,0,3,0,0,247,0,0.32,0
3,11400.0,0,0,0,0,10,0,0.059,0
1,3344.0,0,5,0,0,6,0,0.137,0
1,3003.0,0,2,0,0,121,0,0.063,0
4,14806.0,0,1,0,0,31,0,0.055,0
1,3193.0,0,1,0,1,33,0,0.098,0
2,6780.0,1,5,0,0,56,0,0.128,0
5,16593.0,0,0,0,0,7,0,0.059,0
9,34974.0,0,1,0,0,132,0,0.438,1
4,16231.0,0,0,0,0,55,0,0.139,0
6,21529.0,0,2,0,0,186,0,0.057,0
3,10747.0,3,6,0,1,140,0,0.219,0
6,16870.0,1,5,0,1,34,0,0.091,0
7,28954.0,1,1,0,0,159,0,0.384,0
6,13102.0,1,2,0,0,25,0,0.106,0
1,3915.0,0,1,0,1,122,0,0.167,0
7,20944.0,0,5,0,1,72,0,0.048,1
1,3085.0,0,3,0,0,88,1,0.277,0
3,8468.0,0,0,0,0,126,0,0.015,0
9,24074.0,0,0,0,0,33,1,0.338,0
2,5938.0,0,1,0,0,72,0,0.249,0
1,2664.0,2,2,0,0,57,0,0.094,0
1,3490.0,0,0,0,0,5,0,0.194,0
3,10642.0,0,5,0,0,283,0,0.34,0
2,6942.0,0,0,0,0,48,1,0.249,0
1,2251.0,0,1,0,0,77,0,0.073,0
8,28752.0,0,0,1,0,120,0,0.185,0
4,12767.0,0,2,0,0,11,0,0.275,0
1,2872.0,0,2,0,0,82,0,0.079,0
1,3075.0,0,2,1,0,58,0,0.044,0
1,4906.0,0,3,0,0,219,0,0.045,0
2,5012.0,0,1,0,0,42,1,0.126,0
3,10722.0,0,5,0,1,95,0,0.219,0
2,8924.0,1,3,0,0,17,0,0.089,0
4,10155.0,0,1,0,0,131,0,0.107,0
8,28259.0,0,3,0,0,21,0,0.233,0
3,11145.0,1,2,0,0,347,1,0.097,0
5,21312.0,0,4,0,0,106,0,0.034,0
5,19733.0,0,1,0,0,91,0,0.074,0
2,8420.0,1,2,0,0,163,1,0.015,0
7,22715.0,1,2,0,0,193,0,0.14,0
5,19819.0,0,2,0,0,12,1,0.14,0
1,2051.0,0,0,0,0,108,0,0.123,0
1,2349.0,3,6,0,0,162,0,0.091,0
4,9694.0,1,3,0,0,76,0,0.314,0
3,13046.0,0,3,0,0,60,0,0.162,0
1,4192.0,0,0,0,0,13,0,0.333,0
7,22547.0,0,0,0,0,69,0,0.372,0
3,10543.0,0,2,0,0,4,1,0.635,0
3,9560.0,0,0,0,0,23,0,0.279,1
1,2733.0,1,1,0,0,22,0,0.196,0
3,8561.0,2,3,0,0,32,1,0.253,0
2,7740.0,2,4,0,0,26,0,0.207,0
3,7981.0,0,3,0,0,50,0,0.312,0
4,10921.0,0,2,0,0,168,1,0.216,0
8,18766.0,0,5,0,0,39,0,0.146,0
3,9746.0,0,1,0,0,45,0,0.161,0
3,10083.0,0,2,0,0,218,0,0.281,0
1,3639.0,0,0,0,0,36,0,0.155,0
5,18515.0,0,1,0,0,71,0,0.424,0
1,3528.0,1,3,0,0,55,0,0.068,0
3,10928.0,0,1,0,0,95,0,0.181,0
2,4471.0,0,0,0,0,66,0,0.185,0
1,3490.0,0,2,0,0,64,0,0.111,1
2,6591.0,0,1,0,0,91,0,0.136,0
4,10383.0,0,0,0,0,52,1,0.187,0
1,2857.0,0,2,0,0,164,1,0.109,0
2,7967.0,0,5,0,0,120,0,0.452,0
2,6898.0,1,3,0,0,14,0,0.112,0
5,18191.0,0,0,0,0,93,0,0.208,1
2,6968.0,1,5,0,0,22,0,0.079,0
2,7887.0,0,1,0,0,112,0,0.089,0
3,12538.0,3,7,0,0,22,0,0.027,0
2,6819.0,0,0,0,0,17,0,0.536,0
10,40032.0,0,0,1,0,33,0,0.055,0
3,12064.0,0,0,0,0,38,0,0.253,0
1,4270.0,0,1,0,0,49,0,0.46,0
1,4164.0,0,0,0,0,90,0,0.197,0
2,8818.0,1,3,0,0,70,0,0.541,0
6,15544.0,0,2,0,0,7,0,0.084,1
3,11462.0,0,0,0,0,92,0,0.072,0
1,2995.0,0,4,0,0,31,0,0.375,0
1,1899.0,0,4,0,0,46,0,0.317,0
8,23960.0,3,7,0,0,132,1,0.005,1
2,4884.0,1,1,0,0,87,0,0.279,0
2,7838.0,0,1,0,0,67,0,0.027,0
7,21619.0,0,1,0,0,18,0,0.107,0
1,2174.0,0,3,0,0,83,0,0.373,0
2,6363.0,0,0,0,0,27,0,0.222,0
6,23376.0,1,4,0,0,81,0,0.298,0
3,9512.0,3,3,0,0,54,0,0.118,0
2,4858.0,0,2,0,0,23,0,0.099,0
2,6524.0,0,2,0,0,150,0,0.176,0
4,11773.0,0,0,0,1,124,0,0.427,0
2,4396.0,1,4,0,0,58,0,0.17,0
9,20410.0,0,1,0,0,107,0,0.205,0
1,4349.0,0,2,0,0,96,1,0.094,0
8,29960.0,0,1,0,0,61,0,0.141,0
1,4283.0,3,5,0,0,47,0,0.167,0
2,7997.0,0,3,0,0,76,0,0.136,0
2,5093.0,0,2,0,1,86,1,0.111,0
6,18342.0,0,4,0,0,47,0,0.35,0
2,5749.0,0,0,0,0,58,0,0.459,0
1,3645.0,2,3,0,0,34,1,0.187,0
3,7083.0,0,2,0,0,142,0,0.193,0
5,15227.0,0,4,0,0,94,0,0.341,0
6,17265.0,0,1,0,0,54,0,0.274,0
7,29113.0,1,4,0,0,307,0,0.057,0
5,20911.0,0,0,0,0,84,0,0.49,0
2,4700.0,0,4,0,0,145,0,0.147,0
3,11056.0,2,3,0,0,88,0,0.261,0
7,18860.0,1,4,0,0,202,0,0.274,0
1,3250.0,1,3,0,0,48,0,0.345,0
3,11022.0,3,3,0,0,96,0,0.054,0
1,2853.0,1,3,0,0,47,0,0.242,0
1,4458.0,0,1,0,0,40,1,0.214,0
3,9818.0,0,1,0,1,54,0,0.136,0
3,12243.0,1,3,0,0,142,0,0.192,0
1,3005.0,2,3,0,0,0,1,0.191,0
1,3274.0,0,3,0,0,135,1,0.358,0
3,10267.0,0,0,0,0,41,0,0.357,0
2,7337.0,0,5,0,0,21,1,0.021,0
3,8652.0,0,2,0,0,31,0,0.589,0
2,5476.0,1,3,0,0,1,0,0.431,0
2,8661.0,0,1,0,0,139,0,0.166,0
1,2820.0,0,0,0,0,29,0,0.105,0
3,9192.0,0,0,0,0,65,0,0.542,0
1,4226.0,0,2,0,0,87,0,0.117,0
1,4475.0,2,7,0,0,225,0,0.157,0
2,5394.0,0,4,0,0,92,0,0.066,0
2,7514.0,0,1,0,0,97,0,0.304,0
2,4646.0,0,0,0,0,146,0,0.163,0
3,11991.0,0,1,0,0,45,0,0.111,0
1,4041.0,1,1,0,0,12,1,0.198,0
3,7889.0,0,4,0,0,71,0,0.177,0
1,2726.0,0,2,0,0,53,0,0.109,0
5,18333.0,0,2,0,0,32,0,0.216,0
3,9048.0,1,4,0,0,101,0,0.08,0
1,3192.0,0,1,0,0,99,0,0.235,0
3,8389.0,0,0,0,0,31,1,0.296,0
1,3607.0,1,2,0,0,122,0,0.044,0
2,6135.0,1,2,0,0,53,0,0.458,0
2,5069.0,0,0,0,0,45,0,0.189,0
2,4735.0,3,5,1,0,135,0,0.221,1
8,24079.0,0,2,0,0,120,0,0.348,0
5,18761.0,0,2,0,1,65,0,0.29,0
2,9165.0,0,2,0,0,53,0,0.171,0
1,4381.0,0,2,1,0,11,0,0.058,0
6,20955.0,0,1,0,0,4,0,0.22,0
1,4134.0,0,1,0,0,79,0,0.325,0
2,6652.0,0,0,0,0,85,0,0.136,0
1,2603.0,0,0,0,0,68,0,0.197,0
1,2617.0,0,3,0,0,92,0,0.048,0
1,3652.0,0,1,0,0,16,0,0.239,0
3,9622.0,1,3,0,0,16,1,0.345,0
2,4653.0,0,1,0,0,100,0,0.245,0
10,36438.0,0,0,0,0,39,0,0.145,1
2,6723.0,1,1,0,0,82,0,0.209,0
4,12400.0,1,2,0,0,10,0,0.562,0
1,2699.0,0,0,1,0,4,0,0.144,0
2,4561.0,0,0,1,0,8,1,0.173,0
7,27681.0,1,4,0,0,27,0,0.209,0
2,5281.0,0,1,0,0,75,0,0.075,0
8,26682.0,0,3,0,0,54,1,0.089,0
1,3350.0,0,4,0,0,154,0,0.382,0
2,6503.0,1,2,0,0,2,0,0.306,0
8,24874.0,0,2,0,0,225,0,0.035,0
4,12866.0,0,0,0,0,171,0,0.132,0
2,5514.0,0,3,0,0,2,0,0.118,0
4,12998.0,0,0,0,0,87,0,0.372,0
6,21103.0,0,0,0,0,83,0,0.183,0
1,3312.0,1,2,0,0,78,0,0.016,0
4,10484.0,1,5,0,0,96,0,0.076,0
1,4849.0,0,2,1,0,77,0,0.05,0
1,2613.0,0,1,0,0,11,1,0.286,0
2,8118.0,0,2,0,0,89,0,0.261,0
4,9910.0,0,3,0,0,7,0,0.262,0
4,13510.0,4,6,0,1,95,0,0.132,0
7,19964.0,1,2,0,0,45,0,0.277,0
1,4405.0,1,3,1,0,6,0,0.153,1
3,11032.0,0,0,0,0,201,0,0.117,0
1,4176.0,0,1,0,0,210,1,0.179,0
10,33772.0,0,0,0,0,85,0,0.201,0
8,30882.0,0,2,0,0,78,0,0.248,1
2,6003.0,2,3,0,0,79,0,0.063,0
3,9184.0,3,3,0,0,67,0,0.309,0
1,2186.0,0,2,0,0,20,0,0.186,0
4,8886.0,1,4,0,0,30,0,0.196,0
5,11709.0,1,5,0,0,56,0,0.275,0
4,14558.0,0,2,0,0,102,0,0.242,0
3,9053.0,1,3,0,0,66,0,0.188,0
2,7078.0,0,3,0,0,42,0,0.038,0
4,13363.0,0,4,0,0,187,0,0.138,0
2,6770.0,0,1,0,0,71,0,0.088,0
4,13059.0,1,2,0,0,183,0,0.161,0
4,11128.0,1,2,0,0,48,0,0.199,0
1,3398.0,1,3,0,0,211,1,0.196,0
2,5129.0,0,4,0,0,41,0,0.389,0
8,26904.0,0,2,0,0,50,0,0.201,0
1,4141.0,1,1,0,0,113,0,0.084,0
3,13045.0,0,3,0,0,33,0,0.266,0
4,10710.0,0,4,0,0,43,0,0.199,0
8,24214.0,1,6,0,0,61,0,0.155,1
1,3404.0,0,4,0,0,112,0,0.338,0
2,6288.0,0,0,0,0,137,0,0.31,0
5,17147.0,0,2,0,0,14,0,0.487,0
6,22290.0,2,3,0,0,102,0,0.336,0
2,5990.0,1,1,0,0,146,0,0.246,1
3,7879.0,0,2,0,0,129,0,0.038,0
7,22918.0,0,2,0,0,90,0,0.148,0
5,17861.0,1,3,0,0,25,0,0.382,0
2,7848.0,1,3,0,0,136,0,0.166,0
1,4440.0,0,5,1,0,238,0,0.137,0
2,7325.0,0,3,0,0,135,0,0.071,0
2,4706.0,1,2,0,0,112,0,0.266,0
2,4985.0,0,0,0,1,10,0,0.127,0
1,3072.0,1,4,0,0,137,1,0.159,0
1,3780.0,2,2,1,0,27,0,0.13,0
3,8986.0,0,4,0,0,151,0,0.248,0
1,2721.0,0,2,0,0,60,0,0.184,0
7,23730.0,0,3,0,0,148,0,0.317,0
1,4662.0,0,5,0,0,7,0,0.235,0
1,4154.0,1,2,0,0,78,1,0.116,0
7,29779.0,0,4,0,0,141,0,0.098,0
1,3533.0,0,3,0,0,114,0,0.229,0
2,6564.0,3,7,0,1,12,0,0.13,1
2,5472.0,1,4,0,0,137,0,0.129,0
3,11441.0,0,0,0,0,44,0,0.104,0
6,17451.0,2,2,0,0,96,0,0.298,1
4,17386.0,1,2,0,0,121,0,0.045,0
2,7144.0,3,3,0,0,191,0,0.211,0
2,7391.0,0,2,0,0,74,0,0.29,0
7,18214.0,1,5,0,0,38,0,0.568,0
2,4951.0,1,2,0,0,94,0,0.03,0
2,6255.0,1,1,0,0,21,0,0.22,0
4,10498.0,1,3,0,0,9,0,0.028,0
3,8007.0,0,0,0,0,178,0,0.095,0
4,16077.0,0,5,0,0,31,0,0.145,0
1,2806.0,3,7,0,0,36,0,0.106,0
1,4076.0,1,2,0,0,72,0,0.487,0
4,13430.0,0,0,0,0,89,0,0.128,1
10,23096.0,0,2,0,1,141,0,0.251,0
1,2951.0,1,2,0,0,35,0,0.111,0
3,11003.0,0,2,0,0,42,0,0.081,0
7,23918.0,1,2,0,0,112,0,0.278,0
3,7296.0,0,0,0,0,50,1,0.103,1
1,4274.0,0,2,0,0,100,0,0.062,0
2,6527.0,2,6,0,0,72,0,0.371,1
3,9101.0,2,4,0,0,15,1,0.11,0
6,24999.0,1,5,0,0,14,1,0.13,0
1,2633.0,0,0,1,0,149,0,0.06,0
4,14136.0,0,0,0,0,132,0,0.252,0
8,18844.0,1,3,0,0,97,0,0.089,1
3,12370.0,0,1,0,0,126,0,0.198,0
3,12686.0,0,5,0,1,53,0,0.214,0
3,7274.0,0,3,0,0,100,0,0.172,0
7,19439.0,1,2,0,0,66,0,0.21,0
3,7009.0,0,1,0,0,52,0,0.104,0
3,9508.0,1,1,0,0,101,0,0.323,1
3,11204.0,0,0,0,0,112,0,0.103,0
7,24930.0,0,2,0,0,82,0,0.301,0
10,39888.0,0,0,0,0,77,0,0.074,0
2,7830.0,0,1,0,0,7,0,0.147,0
6,20268.0,0,1,0,0,19,0,0.195,0
2,8669.0,0,1,0,0,9,0,0.196,0
4,15540.0,0,5,0,0,51,0,0.057,0
5,16053.0,1,2,0,0,152,0,0.293,0
3,12160.0,3,5,0,0,119,0,0.34,0
3,8132.0,2,7,0,0,169,0,0.065,0
4,14179.0,3,4,0,0,7,1,0.025,1
1,2813.0,0,4,0,0,122,0,0.029,0
1,4875.0,0,2,0,0,40,0,0.14,0
3,7622.0,1,3,0,0,10,0,0.27,0
1,2214.0,0,0,1,1,109,0,0.335,0
2,8153.0,1,1,0,0,161,0,0.218,0
6,16824.0,0,2,0,0,146,0,0.436,0
6,20155.0,1,4,0,0,111,0,0.236,0
5,18523.0,0,2,0,1,127,0,0.132,0
3,7553.0,0,2,0,0,133,0,0.127,0
4,11982.0,4,4,0,0,37,0,0.088,0
7,19068.0,0,0,0,0,94,0,0.096,0
8,26668.0,0,2,0,0,44,0,0.091,0
1,4643.0,1,2,0,0,136,0,0.257,0
5,15437.0,3,3,0,0,28,0,0.414,1
1,2619.0,1,3,0,0,179,0,0.262,0
2,7071.0,0,4,0,0,197,1,0.367,0
1,3700.0,0,0,0,0,48,0,0.505,0
4,11120.0,1,2,1,0,65,0,0.404,1
3,9832.0,0,3,0,0,116,0,0.056,0
3,9530.0,0,2,0,1,3,0,0.186,1
1,3104.0,2,3,0,0,67,0,0.193,0
5,19259.0,0,0,0,0,119,0,0.061,0
1,3763.0,0,1,0,0,65,1,0.263,0
3,6857.0,1,3,0,0,70,0,0.126,0
2,5771.0,0,2,0,0,33,0,0.114,0
4,14935.0,1,4,0,1,185,0,0.279,0
1,2805.0,0,3,0,0,41,0,0.144,1
1,1763.0,0,4,0,0,256,0,0.114,0
1,3348.0,2,3,0,0,43,0,0.104,0
2,7207.0,0,1,0,0,42,0,0.017,0
3,7892.0,0,1,0,1,105,0,0.449,0
5,11566.0,0,2,0,0,37,0,0.178,0
2,5920.0,0,3,0,0,163,0,0.065,0
3,11653.0,0,4,0,0,110,0,0.314,0
10,32725.0,0,2,0,0,56,0,0.391,0
2,8060.0,0,1,0,0,65,1,0.31,1
1,4272.0,0,1,1,0,111,1,0.171,0
2,5571.0,1,2,0,0,13,0,0.248,1
3,12174.0,1,4,0,0,45,0,0.104,0
1,3167.0,0,5,0,0,135,0,0.25,0
2,6327.0,0,3,0,1,96,0,0.382,1
1,3571.0,0,2,0,0,215,0,0.048,0
2,7007.0,0,0,0,0,46,0,0.187,0
3,8829.0,0,1,0,0,140,0,0.075,0
1,3180.0,0,1,0,0,0,0,0.557,0
5,19137.0,0,2,0,0,19,0,0.075,0
4,16457.0,0,1,0,0,57,0,0.028,0
3,11997.0,2,4,0,0,61,0,0.155,0
4,16511.0,0,2,0,0,24,0,0.379,0
3,9673.0,0,2,0,0,0,0,0.122,0
3,8866.0,0,1,0,0,27,0,0.185,0
3,10153.0,0,2,0,0,15,0,0.272,0
2,7390.0,2,4,0,0,22,1,0.357,0
7,23984.0,1,3,0,0,2,0,0.083,0
10,22483.0,0,2,0,0,41,0,0.015,1
3,10150.0,2,3,0,0,61,0,0.297,0
4,9515.0,0,1,0,0,66,0,0.01,0
8,29280.0,0,1,1,0,170,0,0.187,1
2,5503.0,0,0,0,0,130,0,0.122,0
8,29493.0,0,3,0,0,94,0,0.244,0
2,5038.0,1,3,0,0,73,0,0.06,0
6,16352.0,0,2,0,0,64,1,0.048,0
1,3316.0,0,0,0,0,83,0,0.596,0
1,2849.0,0,0,0,0,110,0,0.355,0
3,6495.0,3,3,0,0,34,0,0.312,0
3,12074.0,1,3,0,0,29,0,0.283,0
6,19794.0,0,0,0,0,57,0,0.369,0
2,7770.0,0,1,0,0,215,0,0.077,0
1,3028.0,1,3,0,1,305,0,0.107,0
3,8429.0,0,1,0,0,3,0,0.185,0
2,8125.0,0,5,0,0,155,0,0.203,0
1,2410.0,0,0,0,0,8,0,0.292,1
4,14879.0,0,4,0,0,128,1,0.164,0
2,8267.0,0,1,0,0,136,0,0.3,0
2,6770.0,0,2,0,0,82,0,0.111,0
2,7758.0,0,1,0,0,106,0,0.145,0
1,4378.0,0,1,0,0,135,0,0.332,1
1,3347.0,0,1,0,0,227,0,0.1,0
7,25662.0,1,1,0,0,99,1,0.468,0
1,3536.0,0,2,0,0,91,0,0.12,0
6,21618.0,0,2,0,0,96,0,0.279,0
1,2877.0,0,0,0,0,77,0,0.068,0
1,2820.0,0,0,0,0,232,0,0.225,0
8,25360.0,0,4,0,0,67,1,0.156,0
2,7074.0,0,3,0,0,86,1,0.231,0
2,8624.0,4,6,0,0,13,0,0.292,0
6,22608.0,0,4,0,0,239,0,0.278,0
1,2251.0,0,0,0,0,153,0,0.39,0
3,9210.0,1,3,0,0,37,0,0.321,0
1,4134.0,0,1,0,0,57,0,0.299,0
7,29054.0,0,3,0,0,63,0,0.195,0
4,11404.0,0,1,0,0,140,0,0.122,0
2,6089.0,1,2,0,0,114,0,0.162,0
7,27105.0,0,2,0,1,22,0,0.198,0
1,3294.0,0,4,0,0,35,1,0.291,0
5,13579.0,1,1,0,0,12,0,0.093,0
2,5961.0,0,5,0,0,6,0,0.075,1
4,10296.0,0,4,0,0,46,0,0.272,0
4,9270.0,2,3,0,1,21,1,0.239,0
1,4059.0,2,3,0,0,30,0,0.311,0
3,8399.0,0,2,0,0,36,0,0.041,0
2,7160.0,2,3,0,0,61,0,0.215,1
1,4200.0,0,3,0,0,77,0,0.352,0
3,11225.0,0,1,0,0,12,0,0.18,0
1,4419.0,0,2,0,0,55,1,0.199,0
2,4925.0,1,3,0,0,11,0,0.138,0
1,3501.0,0,1,0,0,161,0,0.253,0
1,3080.0,0,1,0,0,115,0,0.449,0
1,4407.0,0,1,0,0,2,0,0.366,0
3,7466.0,0,0,0,0,60,0,0.242,0
1,3500.0,0,3,0,0,277,0,0.097,0
7,19901.0,0,1,0,0,179,0,0.251,0
6,14105.0,0,1,0,0,58,0,0.179,0
1,3705.0,0,0,0,0,132,0,0.35,0
4,15145.0,1,2,0,0,4,0,0.023,0
1,2772.0,0,3,0,0,131,0,0.1,0
2,5855.0,1,2,0,0,10,0,0.075,0
4,9446.0,0,3,0,0,101,0,0.262,0
3,11684.0,0,2,0,0,0,0,0.067,0
3,7402.0,1,3,0,0,53,0,0.024,0
4,9644.0,0,3,0,0,35,0,0.156,0
1,2729.0,0,3,0,0,89,0,0.188,0
4,9891.0,1,2,0,1,40,0,0.04,0
2,6377.0,0,2,0,0,64,0,0.199,1
3,10902.0,0,1,0,0,89,0,0.02,0
1,2344.0,2,6,0,0,58,0,0.116,1
1,3554.0,0,0,0,0,54,1,0.123,0
1,3056.0,1,1,0,0,29,0,0.232,0
6,20172.0,1,5,0,0,148,0,0.147,0
2,5641.0,0,5,0,0,136,1,0.112,0
1,3075.0,1,2,0,0,28,0,0.074,0
6,15008.0,1,4,0,0,73,0,0.057,0
1,3679.0,4,4,0,0,40,1,0.175,0
5,19606.0,1,3,0,1,257,0,0.25,0
1,3881.0,0,2,0,0,85,0,0.358,0
6,19404.0,0,2,0,0,125,0,0.127,0
5,12551.0,0,2,0,0,148,0,0.165,0
2,6725.0,0,5,0,0,55,1,0.244,0
2,6772.0,0,4,0,0,111,0,0.089,0
2,5543.0,0,2,0,0,114,0,0.201,0
9,34070.0,0,1,0,0,189,0,0.094,1
3,7448.0,1,3,0,0,178,1,0.134,0
7,22205.0,0,1,0,0,74,0,0.3,0
1,3533.0,0,0,0,0,17,0,0.13,0
7,19292.0,0,2,0,0,145,0,0.127,0
2,8229.0,0,1,0,0,1,0,0.061,0
6,25330.0,2,2,0,0,146,0,0.203,0
2,6153.0,0,0,0,0,67,0,0.363,0
4,10753.0,1,2,0,0,131,0,0.424,0
2,4363.0,1,4,0,0,24,0,0.254,0
2,6591.0,1,5,0,0,120,0,0.038,0
3,8832.0,0,5,0,0,168,0,0.358,0
1,3186.0,1,3,0,0,68,0,0.072,0
2,7178.0,0,4,0,0,22,0,0.369,0
5,18005.0,0,2,0,0,14,0,0.328,0
2,5286.0,0,0,0,1,99,0,0.302,0
4,13758.0,0,4,0,0,211,0,0.35,0
1,3514.0,1,3,0,0,45,0,0.536,1
1,4156.0,3,3,0,0,86,0,0.311,0
2,4678.0,0,0,0,0,90,0,0.077,0
1,3389.0,0,2,1,0,17,0,0.286,0
2,4290.0,0,4,0,0,155,0,0.363,0
3,12544.0,0,2,0,0,15,0,0.318,0
6,18548.0,0,0,0,0,75,1,0.51,0
2,6583.0,0,2,0,0,152,0,0.14,0
3,6919.0,0,3,0,0,82,0,0.454,0
1,3333.0,0,4,0,0,126,0,0.228,0
1,3503.0,3,6,0,0,48,0,0.086,0
4,15205.0,0,5,0,0,121,0,0.264,0
7,17565.0,1,2,0,0,187,0,0.258,0
1,2724.0,0,0,0,0,11,0,0.343,0
1,1953.0,1,2,0,0,31,0,0.078,0
5,16069.0,0,1,0,0,76,0,0.41,1
2,6554.0,0,5,0,1,146,0,0.098,0
5,14888.0,0,0,0,0,19,0,0.14,0
2,4869.0,0,1,0,0,17,0,0.178,0
1,2586.0,3,7,0,0,221,0,0.604,0
3,7673.0,3,3,0,0,193,0,0.195,1
1,2903.0,1,3,0,0,28,0,0.485,0
8,28482.0,0,0,0,0,12,0,0.101,0
5,18318.0,0,0,0,1,75,0,0.082,0
2,5088.0,0,2,0,0,21,0,0.153,0
2,8601.0,2,3,0,0,19,0,0.296,1
2,5094.0,1,1,0,0,93,0,0.132,0
6,24642.0,1,4,0,0,5,0,0.097,0
6,15851.0,0,1,0,0,30,0,0.131,0
1,4380.0,0,3,0,0,101,0,0.125,0
2,4798.0,0,4,0,0,4,0,0.064,0
4,15479.0,0,0,0,0,112,0,0.229,0
2,6737.0,0,2,0,0,34,0,0.071,0
3,7714.0,0,4,0,0,92,0,0.026,0
2,4187.0,0,2,0,0,23,0,0.012,0
8,20290.0,0,0,0,0,95,1,0.161,0
1,2713.0,0,0,0,0,79,0,0.215,0
4,9201.0,0,1,0,0,1,0,0.503,1
1,4460.0,1,3,0,0,111,1,0.131,0
2,8578.0,1,5,0,0,195,0,0.38,0
7,17570.0,0,1,0,0,15,0,0.018,0
2,5543.0,0,2,0,0,173,1,0.26,0
2,5292.0,1,4,0,0,20,0,0.075,0
6,17761.0,0,1,0,0,80,0,0.185,0
1,2957.0,1,4,0,0,34,1,0.24,0
2,6154.0,0,3,0,1,12,0,0.339,0
1,1960.0,1,2,0,0,279,0,0.178,0
3,9717.0,1,3,0,0,0,0,0.335,0
7,27807.0,2,3,0,0,109,1,0.052,0
1,2076.0,0,2,0,1,36,0,0.194,0
1,2351.0,0,5,0,0,204,1,0.359,0
1,3807.0,1,4,0,0,24,0,0.081,0
1,2716.0,0,1,0,0,19,0,0.049,0
8,19433.0,0,0,0,0,128,0,0.356,0
5,20852.0,2,5,0,0,72,0,0.461,0
8,30168.0,0,2,0,0,27,1,0.267,1
7,28292.0,0,3,0,0,87,0,0.412,1
3,11559.0,1,2,0,0,164,1,0.073,0
2,8635.0,0,3,0,0,107,0,0.188,0
2,5092.0,2,4,0,0,92,0,0.225,0
7,24129.0,0,2,0,0,213,0,0.198,0
1,2036.0,0,0,0,0,218,0,0.249,0
1,3613.0,0,2,0,0,79,0,0.192,0
1,3630.0,0,3,0,0,46,0,0.134,0
5,11059.0,0,5,0,0,60,0,0.224,0
7,23415.0,2,7,0,0,159,0,0.211,0
1,2419.0,0,1,0,0,84,0,0.203,0
6,22477.0,0,2,0,0,133,0,0.079,0
3,11763.0,1,1,0,0,20,0,0.248,0
4,15720.0,0,1,0,0,59,0,0.158,0
2,5067.0,0,2,0,0,92,0,0.333,1
4,10775.0,0,3,0,0,24,0,0.389,0
1,2463.0,1,2,0,0,115,0,0.302,0
1,1827.0,1,4,0,0,90,0,0.248,0
4,13457.0,0,0,0,0,122,1,0.196,1
4,12726.0,0,2,0,0,162,0,0.035,0
7,19726.0,0,3,0,0,106,0,0.097,0
2,6368.0,1,4,0,0,134,0,0.141,0
2,5677.0,1,6,0,0,57,0,0.101,1
1,2411.0,2,7,0,0,35,0,0.09,0
1,4541.0,0,3,0,1,141,0,0.26,0
2,7616.0,0,2,0,0,94,0,0.076,0
1,4298.0,0,2,0,0,26,0,0.135,0
5,20240.0,1,3,0,0,11,0,0.218,0
2,8860.0,0,1,0,0,26,0,0.136,0
9,29350.0,1,5,0,0,196,0,0.463,1
1,2953.0,0,1,0,0,73,1,0.049,0
5,20061.0,1,3,0,0,71,1,0.052,0
5,17985.0,1,5,0,0,3,0,0.163,0
2,6536.0,0,5,0,0,67,0,0.443,0
2,6870.0,0,0,0,0,62,0,0.082,0
1,1834.0,0,5,0,1,13,1,0.04,1
4,13399.0,0,2,0,0,166,0,0.016,0
1,3956.0,0,1,0,0,16,1,0.21,0
2,6564.0,0,1,0,1,12,0,0.202,0
3,9232.0,1,3,0,1,90,0,0.12,1
1,3383.0,0,1,0,0,156,0,0.072,0
5,16441.0,0,2,0,0,118,0,0.174,0
4,10750.0,0,2,0,1,23,0,0.189,0
1,2912.0,2,2,0,0,17,0,0.031,0
2,8812.0,0,4,0,0,114,1,0.092,1
7,23434.0,0,0,0,0,108,0,0.074,0
7,20475.0,1,1,0,0,81,0,0.172,0
5,17367.0,2,4,0,0,5,0,0.376,0
2,6862.0,0,2,0,0,188,1,0.605,0
4,14780.0,0,1,0,0,148,0,0.072,0
1,3759.0,0,4,0,0,32,0,0.298,0
2,7148.0,0,1,0,0,131,0,0.102,0
8,20864.0,0,5,1,1,122,0,0.125,0
1,2075.0,0,2,0,0,32,0,0.317,0
2,7201.0,2,3,0,0,122,0,0.07,0
1,4316.0,1,4,0,0,134,0,0.335,0
2,5086.0,0,1,0,1,77,0,0.284,0
1,3093.0,3,5,0,0,212,1,0.004,0
3,11353.0,0,2,0,0,77,0,0.196,0
1,3234.0,0,0,0,0,173,0,0.168,1
3,8562.0,0,3,0,0,193,0,0.298,0
5,14591.0,0,0,0,0,52,0,0.096,0
3,11334.0,1,1,0,1,78,0,0.593,0
2,4922.0,0,4,0,0,136,0,0.061,0
10,34002.0,0,4,0,0,84,0,0.209,0
2,4741.0,0,2,0,0,179,1,0.12,0
8,20041.0,1,4,0,0,100,0,0.296,1
2,7279.0,0,2,0,0,2,0,0.084,0
1,3589.0,0,0,0,0,146,0,0.403,0
2,4014.0,0,1,0,0,47,0,0.048,0
1,4431.0,0,3,0,0,19,0,0.305,0
1,3617.0,0,5,0,0,45,0,0.346,0
6,21750.0,0,3,0,0,80,0,0.1,0
3,11243.0,0,1,0,0,78,0,0.093,0
1,3294.0,0,2,0,0,79,1,0.173,0
2,7067.0,0,3,0,0,94,0,0.103,0
2,5331.0,0,0,0,0,74,1,0.253,1
2,5023.0,0,1,0,0,169,0,0.103,0
2,7134.0,3,5,0,0,46,0,0.292,1
1,4253.0,2,7,0,0,93,1,0.085,1
5,20554.0,0,1,0,0,40,0,0.128,0
1,4582.0,0,0,0,0,154,0,0.122,0
6,14415.0,0,1,0,0,197,1,0.247,0
1,4070.0,0,1,0,0,91,0,0.171,0
8,28871.0,0,1,0,0,231,0,0.246,0
1,5062.0,2,2,0,0,28,0,0.157,0
3,8373.0,0,3,0,0,20,0,0.158,0
1,4011.0,1,6,0,0,1,0,0.086,0
2,5656.0,0,1,0,0,216,0,0.082,0
2,4160.0,0,0,0,0,94,0,0.314,0
7,26649.0,0,2,0,0,303,0,0.341,0
3,8421.0,1,5,0,0,77,0,0.151,0
3,8336.0,0,0,0,0,19,0,0.166,0
6,20436.0,2,4,0,0,44,0,0.247,1
2,6670.0,1,5,0,0,119,0,0.295,0
4,13200.0,1,3,0,0,7,0,0.156,0
3,11976.0,0,5,0,0,95,0,0.297,0
1,3143.0,2,3,0,0,186,0,0.314,0
1,4064.0,0,4,1,0,207,0,0.293,0
3,8676.0,1,3,1,0,38,0,0.101,0
2,7398.0,0,2,0,1,131,0,0.057,0
2,4779.0,0,0,1,0,104,0,0.373,0
7,23588.0,1,2,0,0,146,0,0.289,0
1,3311.0,0,2,0,0,50,0,0.206,0
7,25884.0,2,5,0,0,43,1,0.082,1
1,2117.0,0,0,0,0,145,0,0.239,0
3,9789.0,0,2,0,0,110,0,0.134,0
2,5988.0,1,3,0,0,203,0,0.06,0
1,3881.0,0,3,0,0,95,0,0.092,0
3,9410.0,0,5,0,0,22,0,0.404,0
6,20466.0,0,5,0,0,67,0,0.164,1
2,8014.0,1,1,0,0,79,0,0.287,0
3,12388.0,0,0,0,0,367,0,0.07,0
2,6364.0,1,2,1,0,23,0,0.016,1
4,11288.0,0,0,0,0,206,1,0.134,0
3,8999.0,0,1,0,0,130,0,0.191,0
1,3937.0,0,4,0,0,43,0,0.11,0
3,6830.0,0,2,0,0,33,0,0.591,0
3,11899.0,0,1,0,0,64,0,0.325,0
1,3265.0,1,5,0,0,110,0,0.127,0
1,3038.0,4,6,0,0,64,0,0.139,1
1,3368.0,1,2,0,0,141,1,0.152,1
1,2889.0,0,5,0,0,90,0,0.119,0
4,14861.0,0,3,0,1,187,0,0.192,0
4,16356.0,1,3,0,0,9,0,0.481,0
1,4388.0,0,3,0,1,3,0,0.224,0
1,3259.0,1,1,0,0,61,0,0.096,0
2,7850.0,0,4,0,0,40,0,0.054,0
1,3115.0,3,5,0,0,40,0,0.282,1
1,3002.0,0,1,0,0,47,0,0.332,0
7,17094.0,1,2,0,0,41,0,0.37,0
1,3723.0,1,4,0,0,46,0,0.151,0
7,25004.0,1,2,0,0,48,0,0.239,0
1,3498.0,0,1,0,1,196,0,0.128,0
4,14424.0,0,2,0,0,15,0,0.482,0
4,11464.0,0,4,0,0,173,0,0.073,0
1,3840.0,0,4,0,0,126,0,0.186,0
2,5423.0,1,4,0,0,146,0,0.226,0
2,6121.0,2,3,0,0,4,0,0.368,1
1,2360.0,1,1,0,0,95,0,0.126,1
6,19704.0,0,3,0,0,42,0,0.34,0
1,3453.0,1,1,0,0,25,0,0.115,0
6,24227.0,0,0,0,0,24,0,0.246,0
1,3529.0,2,6,0,0,110,0,0.308,0
8,32876.0,0,2,0,0,61,0,0.071,0
1,3847.0,1,2,0,0,140,0,0.112,0
2,5620.0,0,3,0,0,31,0,0.153,0
3,12813.0,0,4,0,0,31,0,0.134,0
3,10902.0,1,2,0,0,4,0,0.221,0
3,12282.0,0,1,0,0,46,0,0.22,0
9,25035.0,1,3,0,0,45,1,0.27,1
1,4694.0,0,2,0,0,16,0,0.27,0
10,28686.0,0,1,0,0,4,0,0.138,0
3,6512.0,1,1,1,0,7,0,0.196,0
1,3888.0,0,4,1,0,174,0,0.125,0
2,4767.0,2,7,0,0,29,0,0.141,0
2,5410.0,2,5,0,0,184,0,0.053,0
7,21526.0,0,1,0,0,111,0,0.129,0
4,10178.0,0,0,0,0,78,0,0.147,0
2,4795.0,1,4,0,0,16,0,0.227,0
1,3017.0,0,0,0,0,212,0,0.153,0
3,9205.0,0,0,0,0,33,0,0.066,0
1,3682.0,0,2,0,0,19,0,0.148,0
4,15893.0,0,3,0,0,22,0,0.118,0
1,3007.0,0,3,0,0,34,0,0.178,0
1,3682.0,0,2,0,0,228,0,0.115,0
4,13300.0,0,2,0,0,115,0,0.162,0
2,7851.0,3,4,0,0,78,0,0.398,1
1,4034.0,1,4,0,0,38,1,0.113,0
2,7808.0,0,2,0,0,22,0,0.185,0
1,3018.0,0,0,0,0,56,0,0.354,0
5,19867.0,0,5,0,0,60,0,0.049,0
1,2518.0,0,1,0,0,90,0,0.117,0
3,11597.0,1,3,0,0,262,0,0.137,0
2,5202.0,1,2,1,0,31,0,0.576,1
2,7204.0,0,1,0,0,48,0,0.371,1
2,8379.0,1,5,0,0,54,0,0.453,0
2,6275.0,0,1,0,0,77,0,0.174,0
8,19331.0,0,1,0,0,40,0,0.262,0
1,5048.0,0,2,1,0,164,0,0.095,1
1,3875.0,0,3,0,0,45,0,0.255,0
3,6383.0,0,1,0,0,50,0,0.187,0
1,2922.0,0,3,0,0,19,0,0.146,0
5,21366.0,0,3,0,0,164,0,0.379,0
2,6437.0,1,4,1,0,148,0,0.134,0
2,7049.0,1,6,0,0,71,0,0.273,1
5,20298.0,3,3,1,0,93,0,0.171,0
4,12138.0,0,0,0,0,61,1,0.25,0
1,3949.0,0,5,1,0,104,0,0.41,0
2,5013.0,0,5,0,1,147,0,0.375,0
7,20188.0,0,0,0,0,38,1,0.156,0
4,14485.0,0,1,0,0,34,1,0.138,0
1,4279.0,0,2,0,0,117,0,0.096,0
2,4862.0,0,3,0,0,55,0,0.066,1
5,15680.0,0,1,0,0,110,0,0.167,0
1,2158.0,3,7,0,0,51,0,0.429,1
3,8231.0,0,0,0,0,49,0,0.103,0
1,3094.0,1,2,0,0,167,0,0.388,0
1,3714.0,1,5,0,0,33,0,0.021,0
5,16386.0,3,3,0,0,133,0,0.031,0
7,18588.0,0,3,0,0,101,0,0.283,0
1,2386.0,1,1,0,0,109,0,0.102,0
2,6095.0,0,0,0,0,56,0,0.171,0
4,13751.0,1,1,0,0,149,0,0.279,0
4,11868.0,3,8,0,0,229,0,0.065,1
3,8519.0,0,0,0,0,173,1,0.132,0
4,16816.0,0,0,0,1,46,0,0.35,0
3,9031.0,2,3,0,0,20,0,0.093,1
1,3206.0,0,5,1,0,58,0,0.148,1
4,12540.0,3,4,1,0,171,0,0.093,0
2,5470.0,0,2,0,0,5,0,0.292,1
1,2931.0,0,0,0,0,202,0,0.12,0
1,4085.0,0,1,0,0,208,0,0.103,0
2,6094.0,0,4,0,1,183,0,0.396,1
7,22792.0,0,5,0,0,7,0,0.475,0
2,6157.0,3,7,0,0,54,0,0.167,1
2,5584.0,0,0,0,0,64,0,0.203,0
1,4044.0,2,5,0,0,148,0,0.332,0
1,3869.0,1,4,0,0,35,0,0.489,0
2,5617.0,0,2,0,0,17,0,0.22,0
4,11345.0,1,6,0,0,82,0,0.174,0
2,8027.0,0,4,0,0,63,0,0.122,0
3,12084.0,0,3,0,0,74,0,0.114,0
2,4300.0,2,5,0,0,99,0,0.285,0
2,8198.0,2,4,0,0,260,0,0.107,0
4,12441.0,1,3,0,0,120,1,0.169,1
1,4124.0,0,1,0,0,94,0,0.036,0
1,3109.0,1,3,0,1,81,0,0.164,0
1,3935.0,0,0,0,0,182,0,0.272,0
2,6968.0,0,4,0,0,133,0,0.096,0
1,3619.0,0,1,0,0,282,0,0.07,0
3,8979.0,1,3,0,0,62,0,0.413,0
1,3421.0,1,4,0,0,199,0,0.11,0
1,3933.0,1,5,0,0,133,0,0.471,0
2,6039.0,0,1,0,0,85,0,0.101,0
4,12425.0,0,0,0,0,140,1,0.139,0
3,6918.0,0,1,0,0,169,0,0.036,0
1,2733.0,0,3,0,0,23,0,0.401,0
6,21517.0,0,5,0,0,149,0,0.397,0
2,4944.0,2,5,0,0,91,0,0.131,1
4,15002.0,2,4,0,0,96,0,0.127,0
4,12590.0,0,2,0,0,22,0,0.329,0
5,18441.0,0,1,0,0,112,0,0.245,0
8,19710.0,0,3,0,0,162,0,0.259,1
5,12713.0,0,0,0,0,136,0,0.268,0
4,16290.0,1,1,0,0,146,0,0.133,0
1,3495.0,3,7,0,0,123,0,0.089,0
2,7998.0,0,2,0,0,157,0,0.098,0
8,27203.0,0,4,0,0,40,0,0.103,0
3,8442.0,0,0,0,0,120,0,0.147,0
5,13473.0,0,0,0,0,136,0,0.241,0
1,4054.0,0,0,0,0,125,1,0.241,0
4,13960.0,0,1,0,0,54,0,0.137,0
1,2843.0,0,2,0,0,25,0,0.321,1
4,15677.0,0,4,0,0,34,0,0.202,0
6,17789.0,0,4,0,0,13,0,0.072,0
1,2782.0,2,6,0,0,48,0,0.069,1
2,7506.0,0,2,0,0,140,0,0.101,0
2,5392.0,0,3,0,0,136,1,0.294,0
4,15612.0,0,0,0,0,75,0,0.228,0
5,12957.0,2,5,0,0,163,0,0.226,0
3,11659.0,1,3,0,0,113,0,0.296,0
1,4602.0,2,5,0,0,164,0,0.145,0
2,7614.0,0,2,0,0,117,0,0.142,0
3,10978.0,0,4,0,0,14,0,0.199,0
1,3432.0,0,3,0,0,114,0,0.081,0
8,24528.0,3,8,0,0,124,1,0.159,1
1,3122.0,0,4,0,0,36,0,0.257,0
1,3204.0,0,1,0,0,127,0,0.103,0
2,7726.0,0,3,0,0,90,0,0.448,0
1,2889.0,0,2,0,0,125,1,0.222,0
2,5674.0,0,1,0,0,55,0,0.411,0
1,4066.0,0,2,1,0,52,0,0.168,0
1,3070.0,0,3,0,0,76,1,0.114,0
1,3087.0,0,4,0,0,55,1,0.342,0
6,22454.0,0,5,0,0,187,0,0.165,0
2,7089.0,0,0,0,0,73,1,0.178,1
3,9373.0,2,4,0,0,60,0,0.296,0
4,12584.0,2,4,0,1,5,1,0.234,1
5,15429.0,1,3,0,0,98,0,0.304,0
5,17639.0,0,0,0,0,133,0,0.436,0
4,11925.0,0,5,0,0,72,0,0.306,0
1,3095.0,0,3,0,0,210,0,0.305,0
2,5417.0,0,3,0,0,55,0,0.385,0
1,4445.0,0,1,0,0,146,0,0.172,0
4,11924.0,1,4,0,0,8,0,0.472,0
1,2636.0,2,4,0,0,159,0,0.066,0
1,2112.0,2,5,0,0,82,0,0.056,0
6,20022.0,0,1,0,0,59,0,0.129,0
2,6966.0,3,3,1,0,16,1,0.327,0
1,2908.0,0,4,0,0,62,1,0.113,0
10,36422.0,2,2,0,0,208,0,0.119,0
1,3095.0,0,0,0,0,7,0,0.041,0
1,2623.0,1,5,0,0,29,0,0.245,0
1,3016.0,1,2,0,0,137,0,0.18,0
10,41430.0,0,0,0,0,22,0,0.219,0
6,24174.0,0,0,0,0,54,0,0.178,1
6,18581.0,3,7,0,0,184,0,0.083,1
3,10120.0,0,4,1,0,9,0,0.606,1
4,9308.0,4,5,0,1,248,0,0.39,1
4,15703.0,1,5,0,0,160,0,0.103,0
1,4166.0,0,2,0,0,104,0,0.093,1
1,2864.0,0,5,0,0,155,0,0.321,0
2,7953.0,0,4,0,0,20,1,0.282,0
4,16786.0,1,1,0,0,62,0,0.15,0
1,3719.0,0,2,0,0,306,0,0.263,0
1,3162.0,0,1,0,0,133,0,0.156,0
2,4887.0,0,0,0,0,68,0,0.111,0
2,6224.0,0,2,1,0,19,0,0.408,0
6,14550.0,0,3,0,0,38,0,0.043,0
2,5416.0,0,5,0,0,128,0,0.048,1
7,25460.0,0,1,0,0,109,0,0.309,1
3,7437.0,0,1,0,0,86,0,0.091,1
6,23867.0,1,5,0,0,46,0,0.036,0
3,12116.0,1,1,0,0,115,0,0.167,0
1,2172.0,0,1,0,0,32,0,0.141,0
3,8901.0,1,6,0,0,163,0,0.264,0
3,9681.0,1,6,0,0,122,0,0.191,0
2,5579.0,0,0,0,0,86,0,0.067,0
3,9956.0,0,1,0,0,103,0,0.048,0
3,11598.0,0,4,0,1,89,0,0.144,0
7,25036.0,0,1,0,0,91,1,0.367,1
2,6206.0,0,2,0,0,24,0,0.063,0
1,3966.0,0,1,0,0,75,0,0.142,0
2,4905.0,0,0,0,0,17,1,0.257,0
2,4916.0,0,1,0,0,120,0,0.244,0
3,12694.0,0,1,0,0,53,0,0.27,0
3,9413.0,0,0,0,0,77,0,0.229,0
3,12275.0,1,1,0,0,42,0,0.03,0
3,11371.0,0,3,0,0,139,0,0.279,0
8,24524.0,1,3,0,0,54,0,0.127,0
1,2406.0,1,1,0,0,8,0,0.08,0
3,12388.0,0,3,0,0,111,0,0.057,1
2,5058.0,0,3,0,0,2,0,0.274,0
8,24328.0,0,3,0,0,52,0,0.064,0
2,5423.0,0,0,0,0,117,0,0.282,0
2,6585.0,2,6,0,0,11,0,0.397,1
8,22239.0,1,2,0,0,14,0,0.462,0
2,6261.0,1,2,0,0,151,1,0.109,0
2,4691.0,1,6,0,0,55,0,0.267,1
1,2222.0,1,2,0,0,3,0,0.189,0
3,11716.0,1,1,0,0,45,0,0.213,0
1,2870.0,0,0,0,0,43,0,0.173,0
4,12011.0,0,1,0,0,41,0,0.194,1
1,2791.0,0,1,0,0,11,0,0.14,0
6,17230.0,4,4,0,0,10,1,0.153,0
1,3205.0,0,0,0,1,91,0,0.561,0
2,6960.0,0,3,0,0,146,0,0.029,0
7,25942.0,1,2,0,1,178,0,0.516,1
3,10755.0,1,5,0,0,205,0,0.247,0
6,18819.0,0,3,1,0,61,0,0.118,0
2,5821.0,3,3,0,0,46,0,0.395,1
2,6435.0,0,4,0,0,96,0,0.146,0
1,4412.0,1,6,0,0,4,0,0.056,0
7,17587.0,0,1,0,1,65,0,0.276,0
2,6443.0,0,5,0,0,62,0,0.042,1
2,5115.0,1,5,0,0,134,0,0.4,0
3,13097.0,0,0,0,1,108,0,0.401,0
3,7813.0,2,3,0,0,35,0,0.212,0
5,17313.0,1,5,0,0,59,1,0.283,0
2,6684.0,0,1,0,0,32,0,0.38,0
7,27537.0,0,2,0,0,40,0,0.222,0
2,4502.0,0,2,1,0,136,0,0.113,0
2,6857.0,0,4,0,0,146,0,0.162,0
4,10535.0,0,3,0,0,163,0,0.441,0
5,14656.0,1,1,0,0,87,0,0.076,0
2,4484.0,0,1,0,0,30,0,0.13,0
1,3790.0,1,4,0,0,59,0,0.222,0
2,5633.0,0,2,0,0,67,0,0.353,0
3,9493.0,1,3,0,0,71,0,0.305,0
4,14197.0,0,4,0,0,17,0,0.127,0
2,5541.0,2,6,0,0,10,0,0.277,1
3,8992.0,0,0,0,0,74,0,0.116,0
1,3877.0,1,3,0,0,82,0,0.336,0
5,16814.0,0,2,0,0,63,0,0.259,0
6,16038.0,0,1,0,0,22,1,0.226,0
8,22756.0,0,0,0,0,109,0,0.137,0
2,7125.0,0,1,0,0,56,0,0.055,0
4,15071.0,0,1,0,0,12,0,0.168,0
1,3069.0,1,2,0,1,180,0,0.326,0
2,4586.0,1,4,0,0,50,0,0.078,0
8,18697.0,2,3,0,0,43,0,0.159,0
2,7922.0,0,0,0,0,31,0,0.261,0
1,3001.0,0,1,0,0,14,0,0.243,0
2,7080.0,0,2,0,0,30,0,0.307,0
7,25386.0,0,1,0,1,44,0,0.06,1
3,10914.0,2,2,0,0,50,0,0.313,1
1,4283.0,0,1,0,0,123,0,0.021,0
2,5813.0,0,5,0,0,49,0,0.2,0
2,8051.0,1,1,0,0,52,0,0.076,0
2,4274.0,0,2,0,0,4,0,0.157,0
1,4228.0,0,2,0,0,104,0,0.16,0
5,14234.0,1,2,0,0,146,0,0.211,0
5,18404.0,0,4,0,0,97,0,0.259,0
4,16692.0,0,1,0,0,60,0,0.235,0
6,19230.0,3,6,0,0,1,0,0.231,1
1,3821.0,0,1,0,0,86,0,0.165,0
6,19146.0,0,1,0,0,81,0,0.126,0
3,7092.0,3,8,0,0,12,0,0.065,0
2,7383.0,0,1,0,0,110,1,0.444,0
7,18340.0,0,3,0,0,4,0,0.313,1
4,13032.0,0,3,0,1,62,0,0.101,1
4,10697.0,1,3,0,1,46,1,0.364,0
3,11517.0,0,0,1,0,136,0,0.226,0
10,36958.0,2,4,0,0,61,0,0.517,1
2,5075.0,0,2,0,0,100,0,0.097,0
1,2176.0,0,1,0,0,69,0,0.01,1
1,3732.0,1,2,0,0,127,0,0.243,0
4,9028.0,2,4,0,0,27,0,0.187,0
1,4271.0,0,0,0,0,18,0,0.169,0
2,4210.0,0,1,0,0,103,0,0.287,0
2,9012.0,0,0,0,0,21,0,0.162,0
1,2995.0,0,0,0,0,110,0,0.123,0
3,8013.0,1,1,0,0,104,0,0.041,1
3,11935.0,0,2,0,0,65,0,0.117,0
4,9906.0,0,2,0,0,108,0,0.139,1
4,11418.0,0,0,0,0,49,0,0.024,0
7,18576.0,0,0,0,0,132,0,0.259,0
1,4703.0,0,0,0,0,93,0,0.134,0
6,25467.0,0,2,0,0,23,0,0.078,0
4,13521.0,0,5,0,0,30,0,0.057,0
6,23622.0,0,0,0,0,104,0,0.185,0
4,15990.0,0,1,0,0,29,0,0.249,0
7,19586.0,0,1,0,0,22,0,0.329,0
2,6743.0,0,4,0,0,38,0,0.193,0
2,3983.0,0,2,0,0,90,0,0.273,0
1,3077.0,0,1,0,0,88,0,0.079,0
1,2528.0,0,5,0,1,117,1,0.152,1
1,2626.0,0,4,0,0,97,0,0.067,0
5,19050.0,0,5,0,0,123,0,0.238,0
3,7931.0,0,1,0,0,14,0,0.31,0
3,10833.0,1,1,0,1,54,0,0.275,0
2,7429.0,0,3,0,0,68,0,0.274,1
2,6818.0,3,6,0,0,15,0,0.167,0
3,12275.0,0,0,0,0,100,0,0.029,0
1,2947.0,0,2,0,0,104,0,0.246,1
1,3729.0,0,1,0,0,158,0,0.155,0
2,6234.0,0,0,0,0,170,0,0.11,0
1,3057.0,0,0,0,0,31,0,0.185,0
2,7493.0,0,5,0,0,26,0,0.438,0
1,3650.0,0,1,0,0,144,0,0.029,0
2,5490.0,0,3,0,0,162,0,0.074,0
1,3653.0,1,1,0,0,7,0,0.118,0
7,26292.0,1,1,0,0,264,0,0.189,1
3,9626.0,0,2,0,0,32,0,0.254,0
2,7646.0,0,3,0,0,25,0,0.415,0
6,23150.0,0,5,0,0,239,0,0.056,0
7,25970.0,1,2,0,0,161,0,0.315,0
3,8745.0,2,4,0,0,318,0,0.069,1
3,8186.0,0,2,0,0,62,1,0.186,1
6,16430.0,1,3,0,0,66,0,0.057,1
1,2767.0,0,2,0,0,40,0,0.278,0
2,8163.0,0,0,0,0,179,0,0.065,0
1,2109.0,0,5,0,0,83,0,0.199,0
1,2681.0,0,0,0,0,50,0,0.21,0
2,5656.0,3,8,0,0,46,0,0.17,1
1,3480.0,1,6,0,1,33,0,0.1,0
2,6352.0,0,3,0,0,73,0,0.088,0
1,3770.0,1,6,0,0,260,0,0.01,0
8,20200.0,0,3,0,0,61,0,0.285,1
6,14643.0,0,0,0,0,91,0,0.235,0
3,12674.0,2,5,0,0,28,0,0.346,0
2,7880.0,0,3,0,0,183,0,0.108,0
3,12353.0,0,0,0,0,121,0,0.13,0
4,13338.0,0,5,0,0,196,1,0.229,1
2,6500.0,0,2,0,0,98,0,0.264,0
5,14931.0,3,6,0,0,291,0,0.073,0
1,3607.0,0,4,0,0,14,0,0.069,0
1,3082.0,0,3,0,0,28,0,0.089,0
2,7028.0,0,3,0,0,89,1,0.544,1
7,28224.0,3,3,0,0,75,0,0.171,0
1,2688.0,0,1,0,0,191,0,0.291,0
2,8613.0,0,2,0,1,37,0,0.591,1
4,10317.0,1,2,0,0,170,0,0.178,0
10,37249.0,0,3,0,0,190,0,0.124,0
2,5751.0,0,4,0,0,49,0,0.279,0
2,8356.0,0,3,0,0,104,1,0.079,0
1,3485.0,0,3,0,0,20,0,0.077,0
1,3596.0,3,5,0,0,23,0,0.182,0
5,20191.0,0,0,0,0,23,1,0.044,0
1,4448.0,0,5,1,0,114,0,0.128,0
1,3539.0,1,1,0,0,41,0,0.209,0
1,2880.0,0,4,0,1,281,0,0.134,0
3,8821.0,0,3,0,0,130,0,0.227,0
2,6959.0,1,3,0,0,143,0,0.177,0
2,7246.0,1,2,0,0,157,0,0.251,0
7,24257.0,1,5,0,0,113,0,0.033,0
6,16769.0,0,4,0,0,76,0,0.106,0
1,2373.0,0,0,0,0,82,0,0.108,0
3,9310.0,2,4,0,0,211,0,0.481,0
1,3163.0,0,3,0,0,341,1,0.141,0
1,3164.0,0,4,0,0,42,0,0.24,0
6,23279.0,0,1,0,0,28,0,0.204,0
2,4759.0,0,1,0,0,178,0,0.043,0
3,12628.0,0,0,0,0,112,0,0.062,0
4,15403.0,0,0,0,0,60,0,0.52,0
1,4287.0,0,3,0,1,71,0,0.03,0
6,22203.0,0,3,0,0,104,0,0.331,0
1,3628.0,0,0,0,1,7,0,0.276,0
2,6405.0,0,2,0,0,122,0,0.12,0
4,15638.0,1,5,0,0,1,0,0.255,0
2,7741.0,0,4,0,0,138,0,0.072,0
3,9764.0,0,0,0,1,130,0,0.133,0
1,2454.0,0,5,0,0,215,0,0.127,0
1,3564.0,0,2,0,0,7,0,0.321,0
1,3455.0,0,1,0,0,32,0,0.119,0
1,3452.0,0,0,0,0,72,0,0.292,0
1,4600.0,0,1,0,0,171,0,0.238,0
3,11076.0,0,0,0,0,141,1,0.058,1
3,10615.0,0,0,0,0,46,1,0.25,0
3,8233.0,0,1,0,0,113,0,0.271,0
1,3063.0,0,1,0,0,120,0,0.243,0
8,21008.0,1,2,0,0,20,0,0.143,1
2,7288.0,1,1,0,0,18,0,0.131,0
2,7007.0,0,4,0,0,116,0,0.032,0
1,3587.0,1,3,0,0,153,0,0.072,0
1,4100.0,0,3,0,0,13,1,0.085,0
3,12731.0,1,5,0,0,74,0,0.195,0
3,8368.0,2,2,0,0,16,0,0.27,0
6,13700.0,0,1,0,0,115,0,0.066,0
1,4323.0,0,2,0,0,11,0,0.371,0
7,24992.0,0,1,0,0,107,0,0.305,0
1,3910.0,0,2,0,0,10,1,0.246,0
2,6293.0,0,3,0,0,197,0,0.156,0
4,16304.0,0,3,0,0,170,0,0.067,0
7,27012.0,1,2,0,0,195,0,0.096,1
2,7185.0,0,0,0,0,73,0,0.275,0
3,11784.0,0,3,0,0,15,1,0.074,0
6,16619.0,0,5,0,0,38,0,0.216,0
6,23484.0,1,1,0,0,28,0,0.037,1
4,13382.0,0,5,0,0,195,0,0.308,1
4,13134.0,0,1,0,0,71,0,0.134,0
2,6780.0,0,1,0,0,166,1,0.38,0
4,13519.0,0,5,0,0,64,0,0.24,0
3,6803.0,0,2,0,0,63,1,0.311,0
1,2930.0,0,1,0,0,61,0,0.065,0
2,7819.0,1,1,0,0,60,0,0.085,0
5,18056.0,1,6,0,0,83,0,0.069,0
2,5255.0,0,0,0,1,96,0,0.471,0
9,34176.0,0,2,0,0,35,0,0.282,1
7,17892.0,0,0,0,1,53,1,0.174,0
2,7804.0,1,2,0,0,23,0,0.316,0
2,8085.0,0,4,0,0,35,0,0.214,0
1,3738.0,0,4,0,0,6,0,0.069,0
5,16396.0,1,4,0,1,113,0,0.378,0
5,18159.0,0,2,0,0,86,1,0.091,0
1,3856.0,0,2,0,0,73,0,0.098,0
1,3006.0,0,3,0,0,89,0,0.442,0
2,7545.0,0,3,0,0,58,0,0.138,0
1,3004.0,0,1,0,0,180,0,0.22,0
1,3412.0,0,1,0,0,114,0,0.182,0
8,25826.0,0,0,0,1,8,0,0.412,1
3,10175.0,1,4,0,0,1,0,0.105,0
6,24712.0,0,1,1,0,186,0,0.025,0
3,12092.0,0,1,0,0,181,0,0.538,0
4,12534.0,0,0,0,0,47,0,0.229,0
2,7351.0,0,0,0,0,51,0,0.235,0
1,2181.0,1,3,0,1,96,0,0.188,0
2,4964.0,0,1,0,0,32,0,0.048,0
2,4429.0,0,2,0,0,56,0,0.307,1
6,21908.0,0,5,0,0,127,1,0.21,1
6,25478.0,1,3,0,0,114,0,0.26,0
3,12250.0,0,3,0,0,46,0,0.154,0
2,6806.0,0,1,0,0,132,0,0.287,0
1,3202.0,3,3,0,0,96,0,0.296,1
1,2659.0,0,0,0,0,92,0,0.162,0
1,2449.0,0,1,0,1,71,1,0.303,0
4,14981.0,0,3,0,0,25,1,0.257,0
8,27824.0,1,6,0,0,200,1,0.347,0
1,2486.0,1,1,0,0,31,0,0.226,0
8,18679.0,0,1,0,1,127,1,0.098,1
1,3099.0,0,0,0,0,75,1,0.371,0
2,4696.0,0,0,0,0,38,0,0.681,0
2,7978.0,0,2,0,1,157,0,0.467,0
8,18966.0,0,4,0,0,99,0,0.415,0
4,11158.0,0,2,0,0,147,0,0.174,0
8,19472.0,1,5,0,0,48,0,0.472,0
1,3701.0,1,3,0,0,105,0,0.211,0
4,16880.0,0,1,0,0,51,0,0.1,0
2,8347.0,0,2,0,0,104,0,0.207,0
3,10554.0,2,2,0,0,178,0,0.144,0
2,6515.0,2,3,0,0,167,0,0.143,0
3,8455.0,0,1,0,0,124,0,0.08,0
2,5210.0,3,3,0,0,96,0,0.261,0
2,5637.0,0,2,0,0,11,0,0.227,1
8,23876.0,1,1,0,0,181,0,0.316,0
6,16902.0,0,2,0,0,103,0,0.104,0
2,4067.0,1,2,0,0,88,0,0.143,1
6,19199.0,2,6,0,1,54,0,0.068,1
3,11551.0,1,2,0,0,58,0,0.024,0
5,18489.0,0,1,0,0,164,0,0.155,0
4,9233.0,0,3,0,0,161,0,0.265,0
1,3654.0,0,3,0,0,17,0,0.198,0
3,9579.0,0,1,0,0,2,0,0.117,0
9,28355.0,0,2,0,0,12,0,0.248,0
1,2868.0,0,2,0,0,192,1,0.144,0
5,17787.0,1,3,0,0,160,0,0.058,1
2,8814.0,0,1,0,0,33,0,0.268,0
5,15232.0,0,1,0,0,212,0,0.277,0
8,22953.0,0,0,0,0,133,0,0.065,0
8,25560.0,0,1,0,0,25,1,0.139,1
1,3673.0,1,3,0,0,101,0,0.028,0
1,3870.0,0,3,0,0,78,0,0.218,0
1,4879.0,1,4,0,0,37,1,0.122,1
1,3032.0,0,4,0,0,125,0,0.279,0
5,11688.0,0,0,0,1,9,0,0.136,0
4,11543.0,0,5,0,0,60,0,0.315,0
4,12374.0,2,2,0,0,109,0,0.143,0
3,12265.0,0,3,0,0,108,0,0.387,0
1,3116.0,0,5,0,0,91,0,0.147,0
1,4717.0,0,0,0,0,21,0,0.082,0
1,1909.0,0,2,0,0,85,0,0.137,0
4,9247.0,1,3,0,0,147,0,0.136,0
8,25569.0,0,2,0,0,110,1,0.158,0
1,3535.0,0,2,0,0,81,0,0.175,0
3,11707.0,0,1,0,0,172,0,0.432,0
2,6421.0,0,2,0,0,132,1,0.259,0
2,4201.0,0,1,0,0,45,0,0.499,0
2,5513.0,1,3,0,0,140,0,0.081,0
6,18564.0,0,3,0,0,228,0,0.17,0
5,15349.0,0,2,0,0,146,0,0.537,0
1,2693.0,0,3,0,0,68,0,0.213,0
3,11492.0,0,1,0,0,19,0,0.262,0
4,9130.0,0,1,0,0,98,0,0.117,0
3,9238.0,1,3,0,0,148,0,0.029,0
6,23541.0,0,0,0,0,140,0,0.145,0
4,9880.0,0,2,0,0,36,0,0.284,0
7,23114.0,0,2,0,0,106,0,0.116,0
2,6393.0,0,2,0,0,112,0,0.175,0
1,3084.0,3,3,0,0,28,0,0.119,1
1,4170.0,2,3,0,0,54,0,0.12,0
2,6165.0,1,3,1,0,150,0,0.408,0
6,19854.0,0,0,0,0,72,0,0.092,0
10,41640.0,0,3,0,0,116,0,0.154,0
1,2363.0,2,2,0,0,161,0,0.157,0
3,11861.0,0,4,0,0,108,0,0.148,0
3,8617.0,0,0,1,1,79,0,0.195,0
7,18401.0,0,3,0,0,60,0,0.121,0
1,4069.0,0,0,0,0,67,1,0.339,0
2,6964.0,2,3,0,0,40,0,0.227,0
3,7035.0,0,0,0,0,54,0,0.054,0
1,2537.0,1,3,1,0,193,0,0.119,0
3,7361.0,0,0,0,0,98,0,0.322,0
7,28681.0,2,5,0,0,212,0,0.151,0
3,7412.0,2,3,0,0,122,0,0.232,0
8,33918.0,1,2,0,0,145,0,0.144,1
6,20086.0,0,5,0,0,13,0,0.088,0
3,11249.0,0,2,0,0,135,0,0.039,0
2,5421.0,0,3,0,0,227,0,0.031,0
1,4689.0,3,7,0,0,37,0,0.203,0
2,6266.0,2,4,0,0,13,0,0.295,0
3,12549.0,1,3,0,0,19,0,0.321,0
4,11056.0,0,0,0,1,95,1,0.049,0
1,3731.0,0,3,0,0,28,0,0.236,0
4,12672.0,1,2,0,0,53,0,0.163,0
4,14650.0,0,2,0,0,31,0,0.16,0
6,21472.0,0,5,0,0,23,0,0.114,0
1,2501.0,0,0,1,0,124,0,0.327,0
8,22766.0,4,4,0,0,170,0,0.15,1
1,3221.0,1,1,0,0,48,0,0.254,0
7,28998.0,0,4,0,0,166,0,0.079,0
1,3106.0,0,4,0,0,74,0,0.306,0
5,11443.0,0,0,0,0,110,0,0.384,0
3,11219.0,0,5,0,1,207,1,0.408,0
3,10619.0,0,1,0,0,148,1,0.073,0
7,19033.0,2,2,0,0,45,0,0.244,0
1,3010.0,3,3,0,0,27,0,0.154,0
8,20833.0,1,3,0,0,164,0,0.092,0
1,2662.0,0,2,0,0,15,0,0.076,0
5,13241.0,0,3,0,0,140,0,0.171,0
2,6839.0,1,1,0,0,87,0,0.099,1
8,28800.0,0,5,0,0,131,0,0.131,0
5,17330.0,0,2,0,0,41,0,0.126,0
1,2458.0,0,0,0,0,14,0,0.118,0
2,5798.0,0,2,0,0,74,0,0.076,0
1,4123.0,0,1,0,0,112,0,0.219,0
3,11881.0,2,2,0,0,142,1,0.095,0
3,10825.0,0,0,0,0,102,0,0.419,0
1,3142.0,0,2,0,0,52,0,0.069,0
1,2790.0,1,3,0,0,137,0,0.031,0
4,15312.0,1,4,0,0,49,0,0.197,0
2,7960.0,0,0,0,0,185,0,0.461,0
3,7704.0,0,1,0,1,54,0,0.004,0
2,8278.0,0,1,0,0,101,0,0.146,0
2,5051.0,0,4,0,0,125,0,0.315,0
2,5950.0,0,1,0,0,148,0,0.123,0
2,4332.0,0,5,0,0,43,0,0.124,0
4,14703.0,1,3,0,0,48,0,0.084,0
8,19584.0,2,4,0,0,119,0,0.074,1
1,2887.0,0,5,0,0,48,0,0.238,0
2,5030.0,0,0,0,0,63,0,0.011,0
2,6266.0,0,1,0,0,172,0,0.24,0
4,16309.0,1,4,0,0,136,0,0.184,0
7,18918.0,0,3,1,0,141,0,0.011,0
3,7074.0,0,1,0,0,68,0,0.344,0
1,4228.0,1,3,0,0,11,0,0.097,0
2,8154.0,3,4,0,0,179,0,0.267,0
1,3391.0,0,1,0,0,90,0,0.105,1
1,3173.0,1,3,0,0,26,0,0.196,0
5,15656.0,0,5,0,0,123,0,0.27,0
2,6663.0,0,0,0,1,173,0,0.064,1
3,12545.0,1,1,0,0,70,0,0.182,0
1,3912.0,0,3,0,0,11,0,0.121,0
6,15627.0,2,3,0,0,46,0,0.117,0
3,11920.0,0,0,0,0,104,0,0.165,0
2,8015.0,1,1,0,0,3,0,0.428,0
4,10370.0,0,2,0,0,204,0,0.241,0
3,10531.0,3,7,0,0,26,0,0.263,1
1,3651.0,0,1,0,0,156,0,0.304,0
2,8326.0,0,5,0,0,23,0,0.037,1
7,18774.0,0,0,0,0,17,0,0.357,0
1,3221.0,0,3,0,0,79,0,0.04,0
1,2609.0,0,0,0,0,23,0,0.12,0
1,3941.0,1,4,0,0,152,0,0.179,1
3,12303.0,1,2,0,0,110,0,0.369,0
1,3668.0,0,1,0,0,51,1,0.442,0
1,4481.0,1,1,0,0,107,1,0.017,0
4,15027.0,0,4,0,0,37,0,0.54,0
3,10628.0,0,5,0,0,46,0,0.105,0
4,15656.0,0,3,0,0,110,0,0.225,0
4,9570.0,0,4,0,0,86,0,0.125,0
2,7638.0,0,0,0,0,13,0,0.366,0
4,10165.0,1,4,0,0,175,0,0.304,0
8,27395.0,2,2,0,0,67,0,0.323,1
2,7108.0,0,2,0,0,35,0,0.303,0
5,12750.0,0,4,0,0,17,1,0.081,0
1,3764.0,3,5,0,0,7,0,0.346,0
3,10071.0,0,2,0,0,34,0,0.427,0
4,10793.0,1,1,0,0,100,0,0.3,0
3,11133.0,0,3,0,0,55,0,0.183,0
3,12081.0,3,4,0,0,120,0,0.163,0
1,3713.0,0,4,0,0,49,0,0.136,1
3,10161.0,0,1,0,0,92,0,0.104,0
3,6747.0,0,3,0,0,261,0,0.159,0
1,3025.0,0,5,0,0,62,1,0.331,0
1,2624.0,0,1,0,0,143,0,0.138,0
7,23644.0,3,3,1,0,6,1,0.049,1
7,23779.0,0,2,0,0,20,0,0.061,0
3,10866.0,2,3,0,0,3,0,0.054,0
1,3630.0,1,6,1,0,171,0,0.055,0
7,21570.0,2,2,0,0,36,1,0.123,0
2,7033.0,0,0,0,0,70,0,0.05,0
1,2849.0,0,0,0,0,103,0,0.085,0
2,7586.0,0,3,0,0,35,0,0.138,0
8,20699.0,3,5,0,0,116,0,0.08,1
5,17993.0,2,7,0,0,68,0,0.146,0
2,4860.0,0,3,0,0,13,0,0.333,0
3,9547.0,2,5,1,0,176,0,0.247,1
4,12667.0,0,3,0,0,213,0,0.159,0
4,10721.0,0,1,0,0,193,0,0.076,0
1,2755.0,1,4,0,1,131,0,0.069,0
8,27343.0,1,3,0,0,10,0,0.28,0
2,7455.0,0,3,0,0,115,0,0.177,0
1,3105.0,0,4,0,0,131,0,0.192,0
2,8374.0,1,2,0,0,65,0,0.411,0
4,10930.0,0,5,0,0,100,1,0.168,0
4,15546.0,1,4,0,0,45,0,0.013,0
3,7128.0,0,2,1,0,23,0,0.034,0
3,9350.0,0,0,0,0,25,0,0.11,0
8,33081.0,0,3,0,0,160,0,0.256,1
5,14956.0,0,1,0,0,101,0,0.433,0
8,26569.0,2,2,0,0,104,0,0.298,0
1,5088.0,0,3,0,0,45,1,0.15,0
6,14227.0,0,2,0,0,51,0,0.192,0
3,10501.0,0,2,0,0,38,0,0.086,0
3,10787.0,0,4,0,0,140,0,0.23,0
3,7094.0,1,5,0,0,95,0,0.303,0
3,7700.0,3,6,0,0,152,0,0.037,1
5,21712.0,0,4,0,0,27,0,0.056,1
4,10645.0,0,2,0,0,172,0,0.376,0
5,14941.0,0,1,1,0,69,0,0.249,0
3,11535.0,0,2,0,0,126,0,0.343,0
5,14349.0,2,3,0,0,95,0,0.222,1
4,15850.0,0,1,0,0,10,0,0.431,0
1,3077.0,0,1,0,0,126,1,0.235,0
3,7952.0,0,2,0,0,118,0,0.162,0
5,16934.0,1,1,0,0,58,0,0.051,0
2,8157.0,2,2,0,0,19,1,0.158,0
9,34882.0,2,7,0,0,15,1,0.277,1
2,8049.0,0,0,0,0,130,0,0.232,1
3,8954.0,0,1,0,0,74,1,0.112,0
1,2889.0,0,2,0,1,173,0,0.251,0
1,2665.0,0,2,1,0,238,0,0.305,0
1,3464.0,0,2,0,1,8,0,0.137,0
6,18051.0,0,1,0,0,162,1,0.172,0
2,8070.0,2,4,0,0,92,0,0.397,0
4,9715.0,1,1,0,0,175,0,0.23,0
3,10298.0,0,2,0,0,55,0,0.373,0
10,40065.0,0,3,0,0,224,0,0.49,0
1,4522.0,0,2,0,0,12,0,0.341,0
2,4108.0,0,2,0,0,210,0,0.33,0
3,12526.0,0,1,0,0,86,0,0.054,0
1,2481.0,0,1,0,1,181,0,0.232,0
1,3092.0,1,5,0,0,110,0,0.29,0
6,21208.0,0,5,0,1,199,0,0.015,1
2,8005.0,0,1,1,0,89,0,0.156,0
2,8299.0,0,3,0,0,140,0,0.212,0
8,29152.0,1,4,0,0,15,0,0.248,0
6,24108.0,0,2,0,0,91,0,0.28,0
2,5295.0,0,1,0,0,207,0,0.106,0
1,3614.0,1,5,0,0,10,0,0.275,0
5,13935.0,1,5,0,0,210,0,0.096,0
2,6674.0,1,1,0,0,166,1,0.192,0
6,15762.0,0,1,0,0,64,0,0.239,0
6,19008.0,0,0,0,0,119,0,0.264,1
2,5398.0,1,1,0,0,19,0,0.12,0
5,18949.0,0,0,0,0,57,0,0.318,0
1,2186.0,1,1,0,0,184,0,0.078,0
1,4366.0,1,4,0,0,25,0,0.336,1
3,12409.0,0,0,0,0,120,0,0.357,0
2,4822.0,0,2,0,0,68,0,0.404,0
2,4639.0,3,6,0,0,77,0,0.096,0
2,7194.0,1,2,0,0,91,1,0.136,0
3,10391.0,0,1,0,0,168,1,0.276,0
1,4452.0,0,1,0,0,4,0,0.232,0
1,3427.0,0,2,0,0,1,0,0.112,0
3,6857.0,0,2,0,0,168,1,0.119,0
7,23067.0,0,5,0,0,115,0,0.054,0
2,5495.0,1,2,0,0,114,0,0.249,0
3,12659.0,0,4,0,0,46,1,0.339,0
4,12907.0,0,0,0,1,112,0,0.24,0
2,5949.0,0,1,0,0,131,0,0.047,0
5,19385.0,1,1,0,1,124,0,0.272,0
1,2795.0,1,4,0,0,28,0,0.103,0
5,20420.0,0,1,0,0,156,0,0.142,0
2,6166.0,0,2,1,0,58,1,0.143,0
1,2752.0,1,5,0,0,65,0,0.437,0
4,9400.0,0,0,0,0,9,0,0.127,0
9,21167.0,1,5,0,0,104,0,0.192,0
4,11141.0,0,3,0,0,98,0,0.279,0
2,6931.0,0,1,0,1,81,0,0.094,0
1,3026.0,0,3,0,0,133,0,0.198,0
4,15315.0,0,5,0,0,20,1,0.15,1
2,7730.0,1,3,0,0,12,1,0.158,0
2,7673.0,0,2,0,0,32,0,0.154,0
3,12729.0,1,4,0,1,1,0,0.431,1
2,6130.0,0,0,0,0,25,0,0.356,0
2,8369.0,0,0,0,0,7,0,0.111,0
3,6553.0,0,1,0,0,77,0,0.099,0
1,3355.0,1,6,0,0,141,0,0.11,1
7,18409.0,2,4,1,0,51,1,0.058,1
8,18373.0,0,4,0,0,103,0,0.115,0
10,37899.0,1,3,0,0,119,1,0.368,0
4,15477.0,1,2,0,0,225,0,0.31,0
1,4804.0,0,1,0,0,125,1,0.228,0
1,4203.0,0,2,0,1,30,0,0.189,0
8,20347.0,2,3,0,0,119,0,0.058,0
1,3885.0,0,1,0,1,13,0,0.172,0
6,18098.0,0,0,0,0,77,0,0.278,0
1,4161.0,0,3,0,0,34,0,0.428,0
4,8854.0,0,3,0,0,97,1,0.037,0
6,19676.0,0,4,0,0,103,0,0.241,0
7,21891.0,0,2,0,0,89,0,0.171,0
5,20533.0,0,4,0,0,23,1,0.144,0
4,10556.0,1,6,0,0,107,0,0.169,1
2,4549.0,2,5,0,0,51,0,0.238,0
1,3146.0,0,4,0,0,36,0,0.363,0
2,7127.0,0,3,0,0,88,0,0.246,1
6,19374.0,0,3,0,1,78,0,0.034,0
4,17152.0,1,2,0,0,57,0,0.225,0
1,3580.0,0,1,0,0,78,0,0.029,0
3,11569.0,0,4,0,0,15,0,0.05,0
5,18067.0,2,2,0,0,137,0,0.148,0
5,14439.0,0,5,0,0,22,0,0.207,0
4,16934.0,0,3,0,0,56,0,0.169,0
3,12309.0,0,2,0,0,121,0,0.026,0
1,2563.0,0,1,0,1,158,0,0.291,0
8,29416.0,0,0,0,0,78,0,0.122,0
3,7894.0,0,3,0,0,147,0,0.578,0
3,7134.0,1,4,0,0,94,0,0.38,0
1,4111.0,0,0,0,0,145,0,0.215,0
1,3181.0,0,0,0,0,30,0,0.4,0
1,4343.0,1,2,0,0,68,0,0.297,0
3,8011.0,0,4,0,0,193,0,0.15,0
1,3480.0,0,4,0,0,31,0,0.305,0
2,5594.0,1,2,0,0,157,0,0.428,0
6,14234.0,1,2,0,0,226,1,0.095,0
2,5429.0,0,2,0,0,18,0,0.136,0
5,15343.0,0,3,0,0,56,0,0.192,0
1,3858.0,0,4,0,0,30,0,0.071,0
8,21746.0,0,4,0,0,36,0,0.115,0
2,4986.0,3,6,0,0,193,0,0.141,0
9,26630.0,0,3,0,0,158,0,0.122,1
5,13706.0,0,5,0,0,118,0,0.372,0
2,7182.0,0,2,0,0,148,0,0.331,0
10,32737.0,0,5,0,0,256,0,0.187,0
2,6874.0,0,3,0,0,10,0,0.267,0
4,14874.0,0,1,0,0,120,0,0.312,0
2,6647.0,0,1,0,0,27,0,0.141,0
2,4825.0,0,2,1,0,15,0,0.057,0
1,3641.0,0,1,1,0,51,0,0.004,0
2,6417.0,0,2,0,0,98,0,0.236,0
3,9401.0,0,0,0,0,39,0,0.242,0
6,22770.0,2,4,0,0,70,0,0.139,0
3,7643.0,1,2,0,1,112,0,0.172,0
2,4227.0,2,4,0,0,12,0,0.112,0
6,24047.0,0,4,0,0,143,0,0.113,0
4,13454.0,1,2,0,0,62,0,0.107,0
5,17203.0,1,1,0,0,144,0,0.16,0
3,8368.0,2,3,0,0,88,0,0.247,0
2,5054.0,1,1,0,0,13,0,0.128,0
1,2422.0,1,2,0,1,180,0,0.382,0
3,7776.0,2,7,0,0,67,0,0.404,0
6,16280.0,0,1,0,0,34,1,0.256,0
1,3372.0,0,4,0,0,66,0,0.143,0
2,6746.0,1,1,0,0,89,0,0.079,0
4,9776.0,0,4,0,0,17,1,0.104,0
8,20280.0,3,3,0,0,54,0,0.152,0
3,11557.0,1,2,0,0,185,0,0.18,0
8,30313.0,0,2,0,0,71,0,0.197,1
1,3759.0,1,3,0,0,101,0,0.058,0
1,2332.0,0,2,0,1,306,0,0.568,0
3,6684.0,1,1,0,0,125,0,0.317,0
1,4258.0,0,5,0,0,81,0,0.225,0
1,3284.0,0,1,0,0,129,1,0.23,0
2,7321.0,0,4,0,0,64,0,0.121,0
5,17555.0,2,4,0,0,87,0,0.223,0
5,13475.0,2,3,0,0,52,0,0.083,0
3,7275.0,2,4,0,0,68,0,0.14,0
3,8955.0,0,2,0,1,166,0,0.222,1
7,22034.0,2,3,0,0,23,0,0.339,1
2,5864.0,0,4,0,0,85,0,0.195,0
3,11591.0,0,2,0,0,161,0,0.173,0
1,3389.0,0,0,0,0,23,0,0.164,0
2,6498.0,0,0,0,0,147,0,0.08,0
1,2927.0,2,4,0,0,137,0,0.06,0
1,2819.0,4,9,0,0,28,0,0.122,1
4,13239.0,0,1,0,0,44,1,0.222,0
1,3638.0,0,0,0,1,186,0,0.036,0
1,3591.0,0,0,0,0,194,0,0.028,0
2,7149.0,0,4,0,0,35,0,0.719,0
8,25532.0,0,3,0,0,73,0,0.351,1
1,4096.0,0,2,0,0,158,0,0.226,0
2,6926.0,1,2,0,0,175,0,0.267,0
1,4618.0,0,3,0,0,0,1,0.223,0
4,13098.0,1,6,0,0,84,0,0.121,0
3,8520.0,0,0,0,0,112,0,0.104,0
2,8582.0,3,5,0,0,66,0,0.315,0
6,18208.0,0,2,0,0,247,0,0.143,0
1,3007.0,0,0,0,0,1,0,0.144,0
1,3369.0,1,1,0,0,60,0,0.207,0
2,8510.0,0,2,0,0,129,0,0.202,0
1,3240.0,0,1,0,0,190,0,0.277,0
6,21345.0,0,3,1,0,18,0,0.101,1
6,19282.0,0,5,0,0,163,0,0.279,0
1,4028.0,0,1,0,0,214,1,0.122,0
2,5618.0,0,1,0,0,139,0,0.097,0
1,3024.0,0,2,0,1,152,0,0.103,0
2,4563.0,0,0,0,0,110,0,0.4,0
3,7553.0,0,1,0,0,83,0,0.3,0
6,22416.0,0,1,0,0,3,0,0.266,0
2,6262.0,0,3,0,0,160,0,0.158,0
2,5534.0,0,4,0,0,226,0,0.127,0
1,4231.0,0,0,0,0,116,0,0.073,0
5,15109.0,0,2,0,0,8,0,0.106,0
3,11271.0,2,4,0,0,78,0,0.196,0
2,6195.0,1,4,0,0,20,0,0.253,0
2,5423.0,0,1,0,0,129,0,0.103,0
8,20296.0,0,1,0,0,71,1,0.327,0
1,3888.0,4,6,0,0,14,1,0.279,1
1,3855.0,0,1,0,0,216,1,0.36,0
3,13224.0,0,3,1,0,19,0,0.55,0
4,14317.0,0,1,0,1,71,0,0.087,0
1,3055.0,0,3,0,0,45,0,0.122,0
2,6780.0,0,1,0,0,29,0,0.311,0
8,25640.0,0,2,0,0,43,0,0.242,0
2,7899.0,0,1,0,1,91,0,0.127,0
1,4270.0,0,1,0,0,6,0,0.205,0
4,14281.0,0,3,0,0,108,0,0.235,0
2,5628.0,0,2,0,0,48,0,0.119,0
1,3675.0,0,1,0,0,101,0,0.162,0
2,6708.0,1,2,0,0,174,0,0.064,0
5,12269.0,2,2,0,0,155,0,0.218,0
3,8363.0,0,5,0,0,79,0,0.094,0
1,4257.0,0,5,0,0,25,0,0.196,0
3,10719.0,0,1,0,0,37,0,0.146,0
2,8222.0,0,0,0,0,10,0,0.203,1
3,10807.0,1,1,0,0,95,1,0.235,0
8,23148.0,0,1,0,1,89,0,0.206,1
2,6961.0,0,0,0,0,10,0,0.199,0
6,16392.0,0,1,0,0,60,0,0.313,0
1,3240.0,2,2,0,0,18,0,0.22,1
2,6178.0,2,4,0,0,61,0,0.062,1
1,3078.0,1,5,0,0,86,0,0.128,1
1,3189.0,1,1,0,0,38,0,0.24,0
2,5786.0,1,3,0,0,212,0,0.238,0
2,6480.0,0,5,0,0,1,0,0.136,0
1,2531.0,1,1,0,0,15,0,0.059,0
2,5058.0,1,3,0,0,71,0,0.274,0
1,3257.0,1,1,0,0,166,0,0.26,0
9,36310.0,0,2,0,0,81,0,0.307,0
3,10408.0,1,2,0,1,21,1,0.411,0
4,11895.0,0,2,0,0,91,0,0.254,1
2,7004.0,0,3,0,0,56,0,0.245,0
4,13453.0,0,0,0,0,53,0,0.26,0
1,3976.0,1,1,0,0,148,0,0.073,0
5,20385.0,4,4,0,0,190,0,0.132,0
3,8236.0,2,3,0,0,67,0,0.078,0
5,20070.0,0,1,1,0,93,0,0.225,0
1,3453.0,0,3,0,0,45,1,0.386,0
1,2794.0,0,2,0,0,91,0,0.303,1
3,12055.0,0,2,0,0,24,0,0.025,0
1,3586.0,0,0,0,0,18,0,0.415,0
5,18540.0,0,0,0,0,52,0,0.314,0
2,6746.0,2,6,0,0,80,0,0.201,0
1,3712.0,0,1,0,0,111,0,0.261,0
1,4854.0,1,4,0,0,56,0,0.224,0
7,20062.0,1,4,0,0,249,0,0.201,0
5,20609.0,0,5,0,0,43,1,0.229,0
2,6175.0,0,1,0,0,61,0,0.236,0
8,24280.0,0,4,0,0,219,1,0.159,0
8,19495.0,0,0,0,1,65,0,0.03,1
1,3082.0,3,3,0,0,80,0,0.306,0
2,5836.0,0,0,0,0,32,0,0.039,0
10,40398.0,1,2,0,0,110,0,0.143,0
5,12725.0,0,1,0,0,18,0,0.22,0
3,11871.0,0,3,0,0,103,1,0.089,1
6,23998.0,0,0,0,0,150,0,0.093,0
3,8008.0,1,5,0,0,46,1,0.204,0
3,8061.0,0,1,0,0,177,0,0.153,0
1,3743.0,1,3,0,0,43,0,0.245,0
2,8193.0,0,0,0,0,5,0,0.462,0
5,15844.0,1,6,0,0,49,0,0.145,0
1,4396.0,1,4,0,0,41,0,0.128,0
3,8925.0,0,1,0,0,54,0,0.242,0
7,17143.0,0,2,0,0,96,0,0.248,0
5,13815.0,1,3,0,0,205,1,0.405,0
2,7955.0,1,2,0,0,123,1,0.433,0
1,2563.0,0,2,0,0,174,0,0.235,0
3,12209.0,1,5,0,0,127,0,0.213,1
5,21438.0,0,0,0,0,113,0,0.319,0
7,21075.0,0,0,1,0,1,1,0.305,1
2,8225.0,3,8,0,0,134,0,0.085,0
10,31246.0,1,1,0,0,155,0,0.065,1
1,4269.0,0,5,0,0,163,0,0.09,1
4,11365.0,0,1,0,0,70,0,0.375,0
4,14833.0,1,6,0,0,72,0,0.112,0
7,17705.0,0,3,0,0,49,0,0.217,0
4,14464.0,1,6,0,1,123,0,0.02,1
3,12003.0,0,0,1,0,200,0,0.192,0
2,7804.0,0,5,0,0,40,1,0.354,0
2,4999.0,1,1,0,0,24,0,0.153,0
1,3543.0,1,5,0,0,95,0,0.114,0
2,6594.0,3,3,0,0,70,0,0.136,0
6,16288.0,0,0,0,0,123,0,0.148,0
9,28501.0,0,1,0,0,32,0,0.222,0
6,14512.0,1,4,0,0,119,0,0.104,0
1,2164.0,1,1,0,0,17,0,0.328,0
1,3993.0,1,5,0,0,117,0,0.312,1
7,17423.0,0,2,0,0,136,0,0.331,0
1,3029.0,0,1,0,1,71,1,0.207,0
2,5860.0,1,3,0,0,110,0,0.308,0
4,11155.0,1,2,0,0,96,0,0.142,1
4,13445.0,0,1,0,0,24,0,0.279,0
1,3496.0,1,1,0,0,45,0,0.128,0
4,9624.0,1,3,1,0,229,0,0.095,0
5,14433.0,0,1,0,0,206,0,0.165,0
1,2679.0,0,3,0,0,217,0,0.141,0
2,5665.0,0,2,1,0,112,0,0.065,1
5,16676.0,0,2,0,0,75,1,0.226,0
1,2210.0,0,3,0,0,226,0,0.166,0
2,5968.0,0,1,0,0,111,0,0.192,0
2,7360.0,0,2,0,0,50,0,0.167,0
2,7132.0,0,2,0,0,131,0,0.292,0
2,8130.0,0,1,0,0,218,0,0.369,0
3,6582.0,1,1,0,0,56,0,0.042,0
5,13525.0,3,5,0,0,98,0,0.144,0
5,18454.0,0,0,0,0,147,0,0.271,0
2,5714.0,1,1,0,0,49,0,0.284,0
6,19807.0,0,5,0,0,129,1,0.4,0
3,11913.0,0,1,0,1,266,0,0.18,0
7,17749.0,0,2,0,0,24,0,0.232,0
2,4666.0,2,3,0,0,209,0,0.107,0
3,9701.0,0,2,0,0,128,0,0.465,0
5,17906.0,1,2,0,0,180,1,0.13,0
4,9171.0,0,3,0,0,83,0,0.454,0
6,20094.0,0,1,0,0,126,0,0.09,0
1,4425.0,0,2,0,0,17,1,0.555,0
1,3999.0,0,0,0,0,104,0,0.156,0
1,3586.0,0,2,0,1,13,0,0.439,0
4,15900.0,0,4,0,0,23,1,0.121,0
5,16520.0,0,3,0,0,150,0,0.178,0
7,28528.0,1,2,0,0,37,0,0.245,0
4,11795.0,0,2,0,0,37,0,0.206,0
3,9092.0,0,1,0,0,3,0,0.15,0
1,3762.0,0,3,0,0,39,0,0.128,0
3,12875.0,0,5,0,0,11,0,0.03,0
2,7020.0,1,2,0,0,210,0,0.135,1
2,6642.0,0,2,0,0,112,0,0.061,0
1,4258.0,1,5,0,0,206,0,0.396,0
1,4378.0,0,0,0,0,68,0,0.146,0
4,15476.0,1,6,0,0,176,0,0.251,0
2,6921.0,1,2,0,0,174,0,0.07,0
3,7818.0,0,2,0,0,103,0,0.217,0
3,7396.0,2,2,1,0,29,0,0.097,1
5,17464.0,1,2,0,0,174,1,0.08,0
2,4475.0,0,3,1,0,18,0,0.256,1
2,8159.0,1,5,0,0,83,0,0.303,0
2,6670.0,0,5,0,1,193,0,0.392,0
10,37284.0,0,4,0,0,115,0,0.327,1
1,2973.0,0,3,0,0,61,0,0.577,0
4,10739.0,3,6,0,0,104,0,0.252,0
4,11945.0,3,3,0,0,25,0,0.159,0
7,19201.0,1,2,0,0,20,0,0.128,0
2,5691.0,0,5,0,0,1,0,0.188,0
2,7204.0,1,2,0,1,19,0,0.077,0
2,6264.0,0,3,0,0,99,0,0.193,0
2,5252.0,0,1,0,0,152,0,0.369,0
8,24072.0,0,2,0,0,10,0,0.364,0
1,3314.0,3,5,0,0,116,1,0.182,0
2,6152.0,0,0,0,0,56,0,0.035,0
1,3257.0,0,3,0,0,21,0,0.346,0
3,10709.0,0,2,0,0,88,0,0.169,0
3,12862.0,0,3,0,0,54,0,0.128,0
1,4018.0,0,2,0,0,3,0,0.231,0
1,2891.0,3,7,0,0,145,0,0.051,1
3,7104.0,0,3,0,0,55,0,0.162,0
2,5625.0,0,1,0,0,29,0,0.583,0
1,3542.0,0,1,0,0,63,0,0.312,0
1,4398.0,0,2,0,0,89,0,0.54,0
6,21377.0,2,3,0,0,40,0,0.155,0
5,16579.0,0,3,0,0,67,0,0.238,0
9,36447.0,1,3,0,0,45,0,0.016,1
5,17761.0,0,1,0,0,44,0,0.227,0
2,6522.0,0,0,0,0,63,0,0.046,0
4,17227.0,3,5,0,0,102,0,0.395,0
2,7679.0,1,3,0,0,98,0,0.159,0
1,4236.0,2,2,0,0,177,0,0.292,0
2,8569.0,1,3,0,0,91,0,0.261,0
2,8129.0,0,1,1,0,74,0,0.119,0
4,15737.0,0,3,1,0,24,0,0.289,1
2,7529.0,1,1,0,0,123,0,0.384,0
3,8195.0,0,1,0,0,99,0,0.398,0
2,5809.0,2,3,0,0,121,0,0.066,0
2,7637.0,0,2,0,0,112,0,0.307,0
6,16546.0,0,1,0,1,214,0,0.136,0
1,3036.0,2,3,0,0,67,0,0.198,0
3,8806.0,0,3,1,0,59,1,0.211,0
6,20496.0,1,4,0,1,100,0,0.458,0
2,5645.0,0,3,0,0,60,0,0.057,0
1,3042.0,0,5,0,0,156,0,0.177,0
6,15768.0,2,4,0,0,63,0,0.061,0
6,16158.0,0,1,0,0,46,0,0.162,0
1,2848.0,0,1,0,0,43,0,0.476,0
1,2723.0,1,3,0,1,197,0,0.031,0
1,3955.0,0,1,0,0,17,0,0.265,0
3,10250.0,0,3,0,0,18,0,0.128,0
5,16654.0,0,1,0,0,53,0,0.152,0
7,26892.0,1,2,0,0,91,0,0.04,0
3,8134.0,1,2,1,0,40,1,0.145,0
2,7715.0,0,1,0,0,105,0,0.33,1
2,4978.0,2,3,0,0,91,0,0.165,0
6,14386.0,0,5,0,0,64,0,0.212,0
2,5051.0,0,4,0,0,157,0,0.067,0
6,20346.0,0,2,0,0,55,0,0.198,0
7,22393.0,0,1,0,0,26,0,0.072,0
1,3125.0,0,2,0,1,29,0,0.296,0
2,6180.0,0,2,0,0,0,0,0.391,0
3,7758.0,0,0,0,0,61,0,0.233,0
2,5757.0,0,2,1,0,60,0,0.354,0
2,5822.0,0,1,0,0,265,0,0.051,0
2,5639.0,1,6,0,0,41,1,0.464,0
3,10858.0,1,3,0,0,82,0,0.406,0
1,4028.0,3,4,0,1,20,0,0.148,0
4,11310.0,0,4,0,0,30,1,0.238,0
1,2513.0,0,1,0,0,40,0,0.172,0
3,11836.0,0,2,1,0,26,0,0.125,0
1,4112.0,0,4,0,0,238,1,0.192,0
1,4725.0,1,4,0,0,59,0,0.118,0
4,16103.0,0,1,0,0,116,0,0.232,0
1,3355.0,0,4,0,0,81,0,0.172,0
6,18001.0,0,2,0,0,162,1,0.212,0
2,6859.0,0,1,0,0,38,0,0.163,0
2,4529.0,1,2,0,0,108,0,0.107,0
6,20778.0,1,2,1,0,120,0,0.105,0
2,6409.0,2,5,0,0,38,0,0.138,1
3,9295.0,0,0,0,0,64,0,0.166,0
3,6757.0,1,3,0,0,69,0,0.154,0
3,11130.0,3,4,0,0,199,0,0.299,0
3,12088.0,0,2,0,1,29,0,0.083,0
3,8865.0,0,3,0,0,62,1,0.326,0
6,15120.0,0,4,0,0,22,1,0.42,0
2,6372.0,1,2,0,0,18,0,0.27,0
2,8062.0,0,1,0,0,83,0,0.215,0
2,5353.0,0,1,0,0,107,0,0.157,0
7,17661.0,1,2,0,0,113,0,0.11,0
4,16321.0,0,2,0,0,103,0,0.242,0
1,3593.0,1,5,0,0,38,0,0.087,0
6,17803.0,1,6,0,1,0,0,0.238,1
4,11821.0,1,4,0,0,133,0,0.087,1
3,9549.0,4,6,0,0,67,0,0.106,0
3,7633.0,0,3,0,0,272,0,0.232,0
1,4531.0,0,1,0,0,210,0,0.049,0
1,3062.0,0,1,0,0,1,0,0.169,0
1,2400.0,1,4,0,0,147,0,0.212,0
5,21257.0,0,0,0,0,101,0,0.15,1
1,2867.0,0,0,0,0,85,0,0.214,0
2,6403.0,0,1,0,0,128,0,0.069,0
4,12198.0,3,8,0,1,24,0,0.193,1
6,17175.0,1,1,0,1,137,0,0.28,0
1,3767.0,0,0,0,0,50,0,0.292,0
2,6278.0,1,1,0,0,134,0,0.447,0
1,1994.0,0,0,0,1,6,0,0.24,0
1,3502.0,0,1,0,0,74,0,0.099,0
3,9082.0,0,0,0,0,82,0,0.263,0
1,4014.0,0,1,0,1,46,0,0.391,0
8,29733.0,0,3,0,0,93,0,0.268,0
8,31327.0,0,1,0,0,54,0,0.551,1
2,7087.0,1,3,0,0,135,1,0.082,0
2,6436.0,2,4,0,0,75,1,0.338,0
5,10660.0,0,1,0,0,47,0,0.166,0
2,5454.0,0,1,0,0,37,0,0.177,0
2,8965.0,0,0,0,0,74,0,0.247,0
2,6230.0,2,3,0,0,54,0,0.08,0
1,4003.0,0,2,0,0,284,0,0.068,0
3,9458.0,0,4,0,0,117,0,0.149,0
2,6233.0,3,3,0,0,159,1,0.151,1
4,9914.0,0,3,0,0,160,0,0.112,0
6,19253.0,0,4,0,0,233,0,0.208,0
8,27744.0,0,1,0,0,3,0,0.128,0
6,24553.0,0,3,0,0,21,1,0.164,0
2,8962.0,0,2,0,1,44,0,0.055,0
2,4954.0,1,2,0,0,29,0,0.347,0
1,3860.0,0,0,0,0,57,0,0.52,1
4,14267.0,0,1,0,0,56,0,0.121,0
2,8478.0,2,4,0,0,91,0,0.179,0
7,29265.0,3,5,0,0,88,0,0.241,1
2,6849.0,0,1,1,0,64,0,0.057,0
1,2740.0,1,5,0,1,10,0,0.089,0
1,4093.0,0,3,0,0,139,0,0.237,0
1,3923.0,0,5,0,1,145,0,0.334,0
2,6667.0,1,2,0,0,197,1,0.038,0
5,15788.0,0,0,0,0,95,0,0.226,0
3,11191.0,3,4,0,0,11,0,0.153,0
2,8485.0,0,0,0,0,85,0,0.296,1
1,2624.0,4,5,0,0,10,0,0.152,1
4,12491.0,0,4,0,0,170,0,0.236,0
2,5576.0,0,3,0,0,68,0,0.13,0
2,5257.0,1,2,0,1,134,1,0.231,0
3,7226.0,0,3,0,0,193,0,0.186,0
9,19555.0,0,3,0,0,130,1,0.234,0
6,18372.0,1,5,0,0,39,1,0.063,0
4,13304.0,0,2,0,1,86,0,0.352,0
4,14352.0,0,0,0,0,111,1,0.117,0
2,6156.0,0,0,0,0,20,0,0.143,0
1,2848.0,0,2,0,0,124,0,0.172,0
2,8433.0,0,1,0,1,34,0,0.219,0
2,5644.0,2,2,0,1,177,0,0.124,0
7,21104.0,0,2,0,0,169,0,0.234,0
1,3371.0,0,2,1,0,8,0,0.224,0
4,17034.0,0,0,0,0,67,1,0.084,0
2,6263.0,0,5,0,0,217,0,0.174,1
2,8176.0,0,2,0,0,82,0,0.219,0
3,12261.0,0,2,0,1,30,0,0.314,0
3,6859.0,1,1,0,0,125,0,0.061,0
1,4052.0,0,1,0,0,119,0,0.265,0
2,4792.0,1,3,0,0,101,1,0.145,0
3,10383.0,0,2,0,0,11,1,0.167,0
3,12179.0,0,3,0,0,143,0,0.293,0
7,20179.0,0,1,0,0,5,0,0.156,0
4,10908.0,1,1,0,0,78,0,0.31,0
1,3542.0,0,2,0,0,15,0,0.191,0
3,9776.0,1,3,0,1,51,0,0.048,0
2,5383.0,0,1,1,0,23,0,0.261,1
2,4449.0,0,1,0,0,5,0,0.186,0
2,6863.0,0,3,0,0,68,0,0.315,0
4,10894.0,0,1,0,0,8,0,0.328,0
7,18018.0,0,1,0,1,1,1,0.049,0
10,33782.0,0,1,0,0,88,0,0.209,0
4,10285.0,1,2,0,0,56,0,0.095,0
1,3109.0,0,3,0,1,140,0,0.29,0
2,6578.0,0,3,0,0,58,1,0.224,0
4,11892.0,1,5,0,0,9,0,0.214,0
10,24095.0,0,1,0,0,49,0,0.124,0
3,12067.0,1,3,0,0,184,0,0.439,0
2,8039.0,0,2,0,0,144,0,0.214,0
1,2255.0,1,5,0,0,54,0,0.097,0
4,15274.0,0,0,0,0,0,0,0.079,0
3,11901.0,4,6,0,0,118,0,0.179,0
1,2904.0,0,0,0,0,49,0,0.147,0
3,7950.0,0,0,0,0,126,0,0.13,0
3,12344.0,0,1,0,0,44,0,0.445,0
8,28304.0,0,1,0,1,18,0,0.251,0
5,16697.0,0,5,0,0,57,0,0.336,0
4,10733.0,0,3,0,0,78,0,0.316,0
1,3195.0,2,3,0,0,103,0,0.152,0
6,13259.0,0,3,0,0,161,0,0.051,0
1,3439.0,0,2,0,0,185,0,0.135,0
2,7736.0,1,5,0,0,128,0,0.125,0
1,3665.0,0,1,0,0,87,0,0.12,0
3,10249.0,0,2,0,0,136,0,0.221,0
1,3486.0,0,0,0,0,55,0,0.134,0
1,3733.0,1,4,0,0,28,0,0.142,1
2,7540.0,0,3,0,0,126,1,0.252,0
2,5630.0,1,2,0,0,259,0,0.22,0
10,32467.0,2,7,0,0,98,0,0.37,0
8,24184.0,1,1,0,0,0,0,0.097,0
4,12807.0,0,2,0,0,9,0,0.159,0
5,17102.0,1,6,0,0,23,0,0.315,0
1,3212.0,2,7,0,1,156,0,0.39,1
1,2678.0,1,1,0,0,132,0,0.265,0
1,2892.0,0,4,0,0,7,1,0.134,0
4,15604.0,2,3,1,0,118,0,0.187,0
2,4316.0,0,3,0,0,61,0,0.111,0
1,3462.0,1,3,0,0,107,0,0.365,1
2,8410.0,0,0,0,0,19,1,0.053,0
1,3166.0,1,2,1,0,236,0,0.363,0
3,7660.0,0,2,0,0,36,0,0.293,0
1,2971.0,0,0,0,0,103,0,0.05,0
3,7761.0,0,2,0,0,86,0,0.199,0
3,6770.0,1,5,0,0,30,0,0.109,0
1,3914.0,2,3,0,0,44,0,0.232,0
1,2882.0,0,1,0,0,146,0,0.187,0
1,4444.0,0,2,1,0,56,0,0.048,0
3,7338.0,1,1,0,0,109,0,0.155,1
1,3482.0,0,1,0,0,42,0,0.264,0
6,23408.0,2,5,0,0,4,0,0.18,0
4,11211.0,1,4,0,0,221,0,0.151,0
2,5373.0,0,1,0,0,111,0,0.031,0
1,3786.0,0,0,1,0,143,0,0.146,0
7,24916.0,0,2,0,0,93,0,0.142,0
1,2705.0,0,1,0,0,129,0,0.143,0
2,8784.0,0,2,0,0,22,0,0.107,0
5,18775.0,0,1,0,0,152,1,0.234,0
2,8016.0,2,4,0,0,7,0,0.322,0
4,12524.0,0,1,0,0,46,0,0.073,0
5,20672.0,0,1,0,0,80,0,0.11,0
3,11731.0,0,1,1,0,118,0,0.07,0
2,6647.0,0,5,0,0,6,0,0.602,1
2,4289.0,0,0,0,0,14,0,0.432,0
5,15912.0,0,5,0,0,165,0,0.094,1
3,9053.0,2,5,0,0,7,1,0.444,0
9,37126.0,0,2,0,0,0,0,0.332,0
1,3344.0,0,2,0,0,33,0,0.292,0
4,11909.0,0,0,0,0,94,0,0.032,0
2,6377.0,3,7,0,0,68,0,0.028,1
5,16566.0,3,5,0,0,114,0,0.065,0
1,2692.0,1,3,0,0,55,1,0.326,0
4,11547.0,1,2,0,0,208,0,0.105,1
1,2866.0,0,2,0,0,22,0,0.195,0
4,11509.0,0,3,0,0,145,0,0.195,0
7,23223.0,0,0,0,0,3,0,0.292,1
2,4993.0,0,2,0,0,25,0,0.168,0
3,9697.0,1,1,0,0,137,0,0.156,0
1,4951.0,2,3,0,0,149,0,0.199,0
2,7244.0,0,0,0,0,241,1,0.106,1
8,28775.0,0,0,0,0,275,0,0.132,0
5,19311.0,1,4,0,0,139,0,0.212,0
9,20828.0,0,5,0,0,29,0,0.096,0
1,2727.0,2,3,0,0,162,0,0.347,0
1,4445.0,0,1,0,0,137,1,0.245,0
1,3941.0,0,5,0,0,58,0,0.069,0
2,5547.0,0,3,0,0,194,0,0.128,0
3,11357.0,0,1,0,0,40,0,0.077,0
9,35106.0,0,0,0,0,97,0,0.145,1
4,16709.0,0,1,0,0,105,1,0.177,0
6,16391.0,0,2,0,0,129,0,0.209,0
4,13782.0,0,3,0,0,99,0,0.289,0
1,2142.0,0,1,0,0,63,0,0.098,0
3,8531.0,1,1,0,0,88,0,0.125,0
2,7690.0,0,1,0,0,191,0,0.294,0
5,18621.0,0,2,0,0,180,0,0.109,0
8,30102.0,0,0,0,0,62,0,0.106,0
1,3061.0,3,4,0,0,93,0,0.161,0
8,24984.0,1,5,0,0,125,0,0.093,0
2,6446.0,0,0,0,0,101,0,0.08,0
1,3197.0,0,5,0,0,101,0,0.448,0
4,11305.0,0,1,0,0,68,0,0.04,0
2,4850.0,2,4,0,0,97,0,0.222,1
6,17151.0,0,5,0,0,79,0,0.04,0
1,3290.0,0,0,0,0,55,0,0.213,1
6,20364.0,3,5,0,0,27,0,0.042,0
3,7116.0,0,2,0,0,78,1,0.054,0
8,22784.0,0,1,0,0,9,0,0.253,0
6,19396.0,0,0,1,0,164,0,0.127,0
8,22378.0,2,4,0,0,76,0,0.421,0
10,37833.0,1,5,0,0,11,0,0.326,0
4,10615.0,0,0,0,0,126,0,0.604,0
1,3970.0,0,0,0,0,55,0,0.096,0
3,9546.0,1,2,1,0,220,0,0.263,1
8,25868.0,1,3,0,0,57,0,0.446,0
2,6482.0,0,1,0,0,50,0,0.21,0
4,15566.0,0,0,0,0,81,0,0.127,0
1,3264.0,2,3,0,0,1,0,0.374,0
6,13702.0,1,4,0,0,143,0,0.311,0
3,9817.0,1,2,0,0,181,0,0.105,0
8,26912.0,0,1,0,1,51,0,0.284,0
5,15731.0,0,0,0,0,61,0,0.126,0
2,6459.0,1,4,0,0,99,0,0.102,0
3,11324.0,0,1,0,1,61,0,0.335,0
9,28332.0,1,5,0,0,82,0,0.023,1
2,7833.0,1,2,0,0,127,0,0.326,0
3,9641.0,2,3,0,0,58,0,0.104,0
3,12443.0,0,4,0,0,122,0,0.276,0
3,11267.0,2,4,0,0,168,0,0.327,0
4,12787.0,1,1,0,0,72,0,0.259,0
8,27795.0,1,2,0,0,77,0,0.223,0
3,7196.0,1,2,0,1,70,0,0.172,0
1,2231.0,0,4,0,0,7,1,0.108,1
2,5044.0,1,3,0,0,163,1,0.21,0
1,3321.0,0,0,0,0,103,0,0.511,0
1,3469.0,1,3,0,0,87,0,0.129,0
2,7442.0,1,1,0,0,66,0,0.056,0
2,5033.0,0,2,0,0,169,0,0.289,0
2,8016.0,1,5,0,1,107,0,0.287,0
2,6594.0,0,0,0,0,72,0,0.156,0
1,2322.0,0,0,0,1,139,1,0.313,0
1,3082.0,0,2,0,1,73,0,0.154,0
1,1911.0,1,4,0,0,197,0,0.359,0
1,4522.0,0,1,0,1,111,0,0.063,0
5,21607.0,2,2,0,0,96,0,0.396,1
8,21887.0,0,0,0,0,43,1,0.082,0
3,9364.0,3,7,0,0,171,1,0.156,0
2,7127.0,0,0,0,0,32,0,0.232,0
1,3448.0,1,4,0,0,22,0,0.548,0
3,11380.0,0,1,0,0,144,0,0.143,0
8,31731.0,0,3,0,0,123,0,0.291,1
1,2625.0,0,2,0,0,77,0,0.398,0
1,3567.0,0,1,0,0,33,1,0.113,0
3,9772.0,0,0,0,0,125,0,0.091,0
8,29831.0,2,2,0,0,36,0,0.149,0
2,6166.0,1,3,0,0,151,0,0.109,0
2,6981.0,0,1,0,0,154,0,0.239,0
4,14888.0,0,3,0,0,86,0,0.22,0
1,2874.0,0,0,0,0,71,0,0.274,0
2,8791.0,0,0,0,0,21,1,0.248,0
1,4034.0,0,4,0,1,2,0,0.265,1
3,7465.0,0,3,0,0,0,0,0.137,0
3,9582.0,0,1,0,0,7,0,0.127,1
2,8039.0,0,0,0,0,30,0,0.007,0
4,15524.0,0,2,0,0,151,0,0.167,0
6,20670.0,2,4,0,0,250,0,0.245,1
2,4820.0,0,1,0,0,94,0,0.526,1
4,13872.0,0,3,0,0,62,0,0.209,0
1,3688.0,0,2,0,1,129,0,0.308,0
1,4068.0,0,4,0,0,24,0,0.251,0
1,2951.0,0,0,0,0,126,0,0.373,0
3,12471.0,0,1,0,0,87,0,0.046,0
1,4511.0,0,0,0,0,170,0,0.302,0
1,5077.0,1,1,0,0,112,0,0.26,0
2,7749.0,0,0,0,0,216,0,0.134,0
2,7940.0,0,5,0,0,91,0,0.163,0
5,17217.0,0,2,0,0,172,0,0.158,0
7,22519.0,1,2,0,0,97,0,0.255,0
2,8690.0,0,4,0,0,32,0,0.274,1
2,4769.0,0,0,0,0,61,0,0.07,0
9,30626.0,0,3,0,0,240,0,0.296,0
1,2792.0,0,1,0,0,49,0,0.246,0
5,13576.0,0,5,0,0,9,0,0.167,0
2,8465.0,0,5,0,0,163,0,0.06,0
2,6930.0,3,4,0,0,74,0,0.209,0
3,9081.0,2,5,0,0,11,0,0.216,0
6,21469.0,0,1,0,0,81,0,0.215,0
1,2932.0,1,6,0,0,65,0,0.32,1
3,8517.0,0,3,0,0,95,0,0.146,0
3,7211.0,1,3,0,1,27,0,0.089,0
4,13111.0,0,2,0,0,16,0,0.119,0
3,12445.0,1,5,0,0,29,0,0.27,0
1,3690.0,0,1,0,0,73,0,0.168,0
1,4086.0,0,0,0,0,78,0,0.217,0
2,5356.0,1,5,0,0,133,0,0.143,0
2,7663.0,2,4,0,0,24,0,0.069,0
1,2268.0,1,1,0,0,123,0,0.155,0
3,9608.0,0,1,0,0,152,0,0.135,0
2,6292.0,0,3,0,0,99,0,0.323,0
3,9959.0,0,5,0,1,19,0,0.121,0
8,18292.0,0,2,0,0,189,0,0.274,0
2,8075.0,1,6,0,1,70,0,0.521,0
1,3622.0,0,1,0,0,162,0,0.318,0
1,3210.0,1,1,0,0,41,0,0.115,0
2,6015.0,0,0,0,1,145,0,0.109,0
5,19894.0,0,1,0,0,189,0,0.177,0
3,10298.0,0,1,0,0,19,0,0.16,0
5,19955.0,0,1,0,0,25,0,0.097,0
3,8103.0,2,3,0,0,113,0,0.125,0
3,10650.0,1,2,0,0,35,0,0.23,0
1,3650.0,0,2,0,0,113,0,0.074,0
1,2962.0,0,1,0,0,131,0,0.124,0
2,5032.0,0,2,0,0,0,1,0.347,1
2,6762.0,1,2,0,0,20,0,0.208,0
4,14423.0,0,1,0,0,81,0,0.093,0
2,5247.0,0,1,0,0,146,0,0.028,1
2,4890.0,0,3,0,0,129,1,0.214,0
4,8687.0,0,1,0,0,72,0,0.367,0
3,9662.0,0,0,0,0,168,0,0.076,0
7,24367.0,0,4,0,0,150,0,0.125,0
6,18135.0,0,0,0,0,55,1,0.291,0
3,7995.0,0,2,0,0,97,0,0.084,0
3,10419.0,0,1,0,0,106,0,0.198,0
6,21402.0,0,3,0,0,60,0,0.237,0
1,2891.0,0,1,0,0,76,0,0.564,0
2,4737.0,0,0,0,0,153,0,0.321,1
1,3353.0,1,4,0,0,13,0,0.315,0
2,4698.0,0,2,0,1,131,0,0.24,1
1,3713.0,0,4,0,0,55,1,0.081,0
3,12156.0,3,3,0,0,119,1,0.281,0
5,13679.0,3,4,0,0,79,0,0.161,0
8,23371.0,0,5,0,1,90,1,0.157,1
7,20125.0,0,5,0,0,32,0,0.086,0
7,27144.0,3,4,0,0,61,0,0.176,0
1,3174.0,0,2,0,0,105,0,0.057,0
4,12022.0,1,2,0,0,110,0,0.231,0
3,7573.0,0,3,0,0,110,0,0.179,0
3,12029.0,1,4,0,0,243,0,0.038,0
6,18912.0,0,4,0,0,59,0,0.157,0
1,3363.0,0,3,0,0,182,0,0.052,0
2,4874.0,2,3,0,0,194,0,0.275,0
2,6113.0,1,4,0,0,99,0,0.23,0
8,22560.0,1,4,0,0,91,0,0.343,0
4,15633.0,1,4,0,0,138,0,0.116,0
3,10519.0,0,1,0,0,257,0,0.095,0
1,3500.0,0,1,0,0,101,0,0.236,0
1,3053.0,1,2,0,0,44,0,0.612,0
4,16749.0,1,3,0,0,220,0,0.164,0
1,3833.0,0,4,0,0,89,0,0.283,1
3,11332.0,0,1,0,0,15,0,0.188,0
6,16008.0,1,5,0,0,38,0,0.091,0
1,2849.0,0,1,0,0,60,0,0.224,0
1,2196.0,1,1,0,0,40,0,0.256,0
5,16437.0,1,1,0,0,31,0,0.232,0
3,9724.0,1,2,0,0,238,0,0.491,0
1,3799.0,0,3,0,0,42,0,0.349,0
2,5528.0,0,5,0,0,228,0,0.131,0
1,3303.0,0,1,0,0,112,0,0.086,0
3,9526.0,0,1,0,0,212,0,0.2,0
3,7399.0,0,1,0,0,16,1,0.126,0
3,12115.0,2,3,0,0,118,0,0.144,0
1,2662.0,3,3,0,0,146,1,0.082,0
4,16206.0,0,4,0,0,22,1,0.228,0
1,4317.0,0,1,0,0,192,0,0.139,0
2,7584.0,0,1,0,0,204,0,0.275,0
2,5108.0,3,3,0,0,73,0,0.202,0
1,2636.0,0,0,0,0,178,0,0.06,0
5,14792.0,0,0,0,0,148,0,0.217,0
1,3588.0,0,0,0,0,32,1,0.237,0
3,8647.0,1,3,0,0,77,0,0.077,0
4,15483.0,0,1,0,0,120,0,0.092,1
3,10710.0,0,5,1,0,175,0,0.229,1
2,7529.0,0,2,0,1,109,0,0.169,0
2,7804.0,0,4,0,0,116,0,0.03,0
1,3930.0,0,0,0,0,32,0,0.299,0
1,3417.0,0,4,0,0,13,0,0.099,0
1,4413.0,0,3,0,0,20,0,0.242,0
1,3168.0,1,1,0,0,140,0,0.214,0
3,7823.0,2,5,0,0,94,0,0.027,0
1,2629.0,1,2,0,0,64,0,0.051,0
5,15674.0,1,4,0,0,88,1,0.175,0
2,5710.0,2,5,0,0,6,0,0.063,1
3,6242.0,0,2,0,1,114,0,0.223,0
1,2880.0,2,5,0,1,56,0,0.085,0
2,6234.0,0,1,0,0,207,0,0.14,0
1,3217.0,1,3,0,0,136,1,0.324,0
2,6133.0,0,2,0,0,165,0,0.068,0
1,2832.0,1,1,0,0,17,1,0.171,0
8,20640.0,0,0,0,0,61,1,0.432,0
2,5697.0,0,1,0,0,10,0,0.2,0
1,3940.0,3,3,0,0,14,0,0.293,0
3,12148.0,0,4,0,0,142,0,0.061,1
3,9473.0,0,0,1,0,49,0,0.259,1
2,6189.0,0,0,0,0,105,0,0.083,0
2,4661.0,0,2,0,0,22,0,0.302,0
3,9782.0,0,0,0,0,105,0,0.188,0
1,2947.0,3,8,0,0,78,0,0.28,1
1,3739.0,0,1,0,0,170,0,0.317,0
7,18256.0,4,7,0,0,121,0,0.02,0
3,11743.0,1,5,0,0,58,0,0.216,1
6,14336.0,0,1,0,0,27,0,0.218,0
2,6168.0,0,3,1,0,74,1,0.036,0
5,17957.0,0,0,0,0,46,0,0.145,0
6,17292.0,1,6,0,0,21,0,0.122,0
2,8517.0,0,3,0,1,174,0,0.363,0
1,2513.0,0,0,0,0,270,0,0.237,0
5,13456.0,1,3,0,0,148,0,0.038,0
5,17960.0,0,4,0,0,21,0,0.332,0
5,20890.0,0,0,0,0,41,0,0.215,0
3,7602.0,1,1,0,1,120,0,0.127,0
2,6352.0,0,0,0,0,7,0,0.286,0
2,8380.0,0,2,0,0,50,0,0.548,0
4,16940.0,0,0,0,0,45,0,0.093,1
3,8593.0,1,1,0,0,132,0,0.148,0
9,36697.0,0,1,0,0,177,1,0.266,1
1,4218.0,1,2,0,0,101,0,0.32,0
1,3668.0,0,1,0,0,61,0,0.215,0
1,4026.0,0,3,1,0,153,0,0.084,0
2,6122.0,0,5,0,0,60,0,0.101,0
3,12494.0,0,4,0,1,106,1,0.251,0
2,4138.0,2,4,0,0,101,0,0.01,0
3,10666.0,0,2,0,0,99,0,0.251,0
2,9004.0,0,0,0,0,119,0,0.047,0
6,22919.0,0,1,0,1,117,0,0.126,0
2,7511.0,0,3,0,0,151,1,0.273,1
5,21210.0,0,3,0,0,61,0,0.065,0
3,10194.0,0,3,0,0,127,0,0.339,0
2,6529.0,2,2,0,0,50,0,0.041,0
4,12368.0,0,2,0,0,97,1,0.122,0
1,2389.0,0,0,0,0,13,0,0.192,0
1,2268.0,1,3,0,0,65,0,0.068,0
7,20683.0,2,3,0,0,28,0,0.141,1
1,4280.0,0,5,0,0,24,0,0.25,0
4,16143.0,0,1,0,0,103,1,0.102,0
3,10627.0,1,4,0,0,8,0,0.103,0
2,5353.0,1,3,0,0,106,0,0.055,0
1,2931.0,0,4,0,0,119,0,0.108,0
1,3082.0,0,4,0,1,25,1,0.057,0
2,8488.0,0,0,0,0,168,0,0.261,0
2,5676.0,3,6,0,0,18,0,0.058,0
1,3996.0,2,5,0,1,35,0,0.337,0
2,7842.0,3,5,0,0,87,0,0.11,1
2,4182.0,0,3,0,0,190,0,0.268,0
1,4394.0,0,1,0,0,7,0,0.291,0
2,6540.0,1,1,0,0,48,0,0.437,0
4,12713.0,0,4,0,0,123,1,0.033,0
2,8487.0,0,1,0,0,7,0,0.136,0
2,4753.0,0,5,0,0,284,0,0.192,0
2,7785.0,1,5,0,1,107,0,0.46,0
2,5058.0,0,0,0,0,191,0,0.188,0
3,6950.0,0,3,0,0,162,0,0.364,0
2,7313.0,0,2,0,0,45,0,0.191,0
8,24976.0,0,2,0,0,11,0,0.297,0
8,29120.0,1,4,0,0,115,1,0.374,0
1,4379.0,0,3,0,0,89,0,0.191,0
7,25880.0,1,5,0,0,74,0,0.324,1
8,27627.0,0,5,0,0,19,0,0.164,1
3,12255.0,0,0,0,0,117,0,0.413,0
1,3422.0,0,2,0,0,45,1,0.248,1
2,6061.0,1,2,0,0,120,0,0.161,0
2,5002.0,0,0,0,0,109,0,0.111,0
4,16235.0,0,0,0,0,25,1,0.307,0
1,2472.0,1,2,0,0,2,0,0.314,0
2,7025.0,1,1,0,0,27,0,0.083,0
5,17677.0,2,5,0,0,22,0,0.377,0
6,16050.0,1,5,0,0,56,0,0.13,0
1,4421.0,3,6,0,0,136,0,0.361,0
7,16173.0,0,0,0,0,124,0,0.244,0
2,7571.0,0,3,0,0,62,0,0.217,0
2,5477.0,0,0,0,0,178,1,0.343,0
4,13784.0,1,3,0,0,39,0,0.094,0
1,4696.0,0,5,0,0,25,0,0.049,0
1,3476.0,0,0,0,0,112,0,0.129,0
2,7383.0,1,3,0,0,65,0,0.033,0
2,6258.0,1,1,0,0,3,0,0.376,0
2,5821.0,0,2,0,0,27,0,0.469,0
1,2169.0,0,3,0,0,76,0,0.08,0
4,11713.0,0,4,0,0,10,0,0.114,0
1,2955.0,0,0,0,0,42,0,0.257,0
4,16755.0,0,0,1,0,32,0,0.225,1
3,9171.0,0,3,0,0,89,1,0.145,0
4,9984.0,2,5,0,0,42,0,0.064,0
2,5810.0,0,0,0,1,71,0,0.177,0
5,19880.0,0,0,0,0,86,0,0.081,0
7,28049.0,0,5,0,0,6,0,0.162,1
2,7414.0,0,5,0,0,3,1,0.114,0
1,3544.0,0,2,0,0,57,0,0.04,0
6,20884.0,1,3,0,0,49,0,0.179,0
1,2595.0,2,4,0,0,29,0,0.223,0
5,17362.0,3,7,0,0,61,0,0.175,0
4,12554.0,0,1,0,0,22,0,0.296,0
7,23821.0,1,2,0,0,0,0,0.07,0
1,4074.0,1,2,0,0,15,0,0.096,1
1,3256.0,0,1,0,0,87,0,0.071,0
1,3514.0,0,3,0,0,40,0,0.216,0
5,12829.0,0,0,0,0,87,0,0.107,0
1,3942.0,0,2,0,0,205,0,0.179,0
2,7574.0,0,0,0,0,26,0,0.089,0
7,21959.0,0,1,0,0,37,0,0.207,0
7,22799.0,2,7,0,0,183,1,0.293,1
6,21327.0,0,1,0,0,18,0,0.116,0
2,6280.0,0,1,0,0,30,0,0.094,0
3,7893.0,0,2,0,0,77,0,0.217,0
4,14402.0,0,5,0,0,131,0,0.202,0
1,1991.0,1,5,0,0,110,0,0.124,0
1,2116.0,0,0,0,0,85,0,0.277,0
1,3452.0,0,1,1,0,124,0,0.063,0
1,2863.0,0,2,0,0,19,0,0.35,0
1,4271.0,0,3,0,0,82,0,0.427,1
1,3217.0,0,2,0,0,13,0,0.287,0
1,2844.0,1,5,0,0,78,0,0.226,0
3,8320.0,0,1,0,0,86,0,0.08,0
4,10771.0,0,0,0,0,143,0,0.539,0
1,4117.0,0,3,0,0,106,0,0.054,0
8,21891.0,0,0,0,0,30,0,0.268,1
6,25324.0,0,1,0,0,185,0,0.203,0
1,2705.0,0,2,0,0,4,0,0.205,0
8,24075.0,0,2,0,0,24,0,0.077,0
1,3192.0,1,4,0,0,198,0,0.144,0
1,4191.0,1,6,0,1,51,0,0.099,0
1,3647.0,0,1,0,1,305,0,0.362,0
3,7512.0,0,0,1,0,34,0,0.196,0
4,15438.0,0,1,0,0,32,0,0.14,0
3,7225.0,0,3,0,0,43,1,0.146,0
1,3729.0,0,2,0,0,132,0,0.162,0
10,28464.0,0,0,0,0,131,0,0.226,0
2,4382.0,0,3,0,0,53,1,0.158,0
7,20485.0,0,1,0,1,55,0,0.162,0
6,18390.0,1,3,0,0,110,0,0.174,0
5,13060.0,0,0,0,1,26,0,0.344,0
4,10800.0,0,1,0,0,97,0,0.373,0
1,3061.0,3,8,0,0,40,1,0.166,0
4,10763.0,1,4,0,0,103,0,0.355,0
2,5344.0,0,1,0,0,3,0,0.286,0
1,3618.0,0,3,0,0,28,0,0.195,0
1,2751.0,1,1,0,0,163,0,0.368,0
1,3219.0,1,4,0,0,67,0,0.359,0
2,8171.0,0,3,0,0,141,0,0.11,0
7,22539.0,2,3,0,0,72,0,0.399,1
4,11813.0,0,2,0,0,11,0,0.095,0
2,4765.0,3,8,0,1,220,0,0.196,0
1,3289.0,0,5,0,0,39,0,0.125,0
2,6427.0,0,4,0,0,140,0,0.077,0
4,10969.0,1,2,0,0,161,1,0.031,0
1,3584.0,0,1,0,0,169,0,0.315,0
7,22014.0,0,0,0,1,33,0,0.014,0
2,7604.0,0,2,0,0,48,0,0.165,0
1,3365.0,0,3,0,0,130,1,0.244,1
2,8423.0,1,6,0,0,102,0,0.196,0
2,6052.0,2,4,0,0,200,0,0.128,0
3,8485.0,0,3,0,0,81,0,0.186,0
4,13862.0,0,3,0,0,172,0,0.018,0
1,2719.0,0,5,0,0,90,0,0.311,0
1,3348.0,2,4,0,0,16,0,0.073,0
3,8548.0,0,0,0,0,72,0,0.258,0
2,4359.0,0,1,0,0,28,0,0.078,0
10,34236.0,1,4,0,1,23,0,0.366,1
2,5875.0,0,2,0,0,18,0,0.471,0
1,2464.0,0,4,0,0,89,1,0.209,0
2,3972.0,1,1,0,0,59,0,0.209,0
1,2588.0,0,0,0,0,44,0,0.242,0
3,12542.0,1,2,0,0,25,0,0.485,0
1,4079.0,0,0,0,1,45,0,0.085,0
3,12628.0,1,2,0,0,60,0,0.146,0
1,3020.0,0,4,0,0,80,0,0.446,0
2,7533.0,0,4,0,0,215,0,0.211,0
1,2984.0,0,0,0,0,56,0,0.276,0
3,12140.0,0,4,0,0,20,0,0.037,0
4,10190.0,0,2,0,0,22,0,0.077,0
1,3999.0,0,1,0,0,39,0,0.282,0
2,6057.0,1,1,0,0,7,0,0.1,0
2,6015.0,0,2,0,0,27,1,0.09,0
2,6553.0,1,3,0,0,78,0,0.271,0
3,7470.0,0,1,0,1,264,0,0.114,0
3,9083.0,0,3,0,0,87,0,0.037,0
2,5011.0,0,4,0,0,68,0,0.399,0
4,16231.0,0,0,0,0,66,0,0.048,0
1,3125.0,0,1,0,0,123,0,0.452,0
2,8624.0,0,2,0,0,18,0,0.259,1
1,4032.0,0,1,0,0,120,0,0.217,0
8,19576.0,2,4,0,0,158,0,0.228,1
5,17043.0,0,2,0,0,82,0,0.367,0
3,11057.0,0,0,0,0,96,1,0.196,0
1,3525.0,1,6,0,0,22,0,0.043,0
8,18359.0,1,5,0,0,301,0,0.174,0
1,3044.0,0,1,0,0,55,0,0.132,0
1,4069.0,0,5,0,0,82,0,0.265,0
3,6926.0,2,6,1,0,135,0,0.18,1
10,30056.0,0,1,0,0,6,0,0.397,0
2,5682.0,1,6,0,0,81,0,0.277,0
3,11431.0,0,3,0,0,165,0,0.134,0
2,8339.0,2,5,0,0,13,1,0.138,0
3,11920.0,0,3,0,1,36,0,0.287,0
3,8502.0,0,2,0,0,216,0,0.136,0
3,12245.0,0,2,0,0,82,0,0.208,0
1,3281.0,0,2,0,0,82,1,0.087,0
5,14608.0,0,0,0,0,130,0,0.249,0
1,4684.0,0,1,0,0,17,0,0.189,0
3,11761.0,0,0,0,0,86,0,0.354,0
1,3217.0,0,3,0,0,103,0,0.159,1
1,2461.0,0,3,0,0,131,0,0.218,0
6,15882.0,0,2,0,0,7,0,0.237,0
8,20822.0,0,1,0,0,66,0,0.297,0
7,23413.0,2,6,0,0,49,0,0.102,0
2,7318.0,0,2,0,0,85,0,0.306,0
1,3281.0,0,5,0,0,148,0,0.248,0
2,7797.0,0,1,0,0,89,0,0.064,0
3,12785.0,0,4,0,0,91,0,0.12,0
2,6118.0,0,3,1,0,84,1,0.218,0
3,7712.0,0,2,0,0,151,0,0.103,0
1,4417.0,1,6,0,0,54,0,0.103,0
6,24522.0,0,1,0,0,180,0,0.171,0
3,11753.0,1,1,0,0,134,0,0.221,0
2,5585.0,2,5,0,0,8,0,0.326,0
2,5067.0,1,2,0,0,16,1,0.254,0
4,13755.0,0,1,0,0,74,0,0.141,1
2,5704.0,0,3,0,0,33,0,0.136,0
3,8903.0,0,0,0,0,101,0,0.093,0
3,10073.0,1,3,0,1,40,0,0.329,0
4,10657.0,0,0,0,0,26,0,0.199,0
3,8318.0,0,1,0,0,33,0,0.109,0
4,8870.0,0,1,0,1,134,0,0.072,0
2,5367.0,0,5,0,0,20,1,0.08,0
1,3202.0,0,1,0,0,33,0,0.235,0
1,3609.0,1,4,0,0,49,0,0.143,0
1,4626.0,0,2,0,0,97,0,0.23,0
1,2731.0,0,3,0,0,150,0,0.195,0
4,8736.0,0,1,0,0,157,0,0.342,0
7,17481.0,0,1,0,0,109,0,0.379,0
3,9675.0,0,0,0,0,174,0,0.362,0
3,6712.0,0,4,0,0,42,0,0.234,0
4,14367.0,0,0,0,0,58,0,0.094,0
2,7630.0,0,2,0,0,118,0,0.081,0
6,17434.0,1,1,0,0,95,0,0.266,0
4,13222.0,0,1,0,0,92,0,0.111,0
8,28368.0,0,2,0,0,97,0,0.264,1
10,27377.0,0,3,0,0,93,0,0.287,0
7,16877.0,0,1,0,0,45,1,0.128,0
3,7994.0,0,0,0,0,87,0,0.187,0
3,10492.0,2,3,0,0,151,0,0.331,1
8,19704.0,0,3,0,0,96,0,0.153,0
3,7019.0,0,1,0,0,15,0,0.167,0
3,7580.0,2,2,0,1,26,0,0.193,0
2,5610.0,0,3,0,0,216,0,0.42,0
8,33366.0,1,2,0,0,129,0,0.051,1
2,5864.0,0,3,0,0,175,0,0.157,0
4,17018.0,0,3,0,0,100,0,0.063,0
4,9832.0,0,5,0,0,45,0,0.088,0
2,5180.0,0,0,0,0,41,0,0.069,0
4,16174.0,0,2,0,1,30,0,0.209,0
2,8029.0,0,2,0,0,74,1,0.084,0
1,2759.0,0,5,0,0,246,0,0.243,0
1,4305.0,0,4,0,0,40,0,0.306,0
6,16524.0,1,4,0,0,109,0,0.148,0
2,6322.0,0,0,0,0,37,0,0.157,0
1,2784.0,1,2,0,0,65,1,0.051,0
1,2849.0,1,4,0,0,86,0,0.085,0
2,6810.0,0,3,0,0,128,0,0.13,0
6,23793.0,0,0,0,0,15,0,0.009,0
4,16476.0,0,2,0,0,109,0,0.354,0
4,14070.0,0,1,0,0,52,0,0.189,0
5,13310.0,0,3,0,0,18,0,0.167,0
1,4484.0,1,2,0,0,31,0,0.036,0
2,5938.0,0,1,0,0,187,0,0.083,0
2,5582.0,0,3,0,0,43,0,0.139,0
3,9738.0,0,4,1,1,150,0,0.234,1
6,19254.0,0,3,0,0,71,0,0.263,0
2,7447.0,0,1,0,0,107,0,0.084,1
1,2294.0,0,0,0,1,2,0,0.127,0
2,6075.0,0,2,0,0,107,0,0.226,0
2,5131.0,1,2,0,0,162,0,0.205,0
1,2024.0,0,0,0,0,23,0,0.03,0
1,4091.0,0,4,0,0,120,0,0.275,0
2,5060.0,1,5,0,1,0,0,0.183,0
2,7906.0,0,4,0,0,160,0,0.058,0
2,5721.0,1,5,0,0,47,0,0.088,0
1,2495.0,0,1,0,0,37,1,0.035,0
2,6700.0,0,1,1,0,54,0,0.15,0
7,20241.0,1,5,0,0,18,0,0.108,1
1,3818.0,3,6,0,0,228,0,0.137,0
1,4315.0,1,3,0,0,193,0,0.211,0
7,22981.0,0,0,0,0,115,0,0.353,0
2,8227.0,0,1,0,1,111,0,0.203,0
4,10310.0,0,1,0,0,42,0,0.145,0
3,9170.0,2,3,0,0,265,0,0.032,0
2,5651.0,0,0,0,0,49,0,0.17,0
2,7023.0,2,3,0,0,84,0,0.174,1
2,6536.0,0,0,0,1,140,0,0.157,0
1,3903.0,1,2,0,0,281,0,0.6,0
2,8707.0,0,0,0,0,17,0,0.278,0
5,20703.0,0,1,0,0,23,0,0.163,0
2,8345.0,0,3,0,0,1,0,0.21,0
1,3734.0,0,3,0,0,130,0,0.041,0
1,2450.0,2,3,0,0,103,0,0.006,0
3,10206.0,3,3,0,0,108,0,0.527,0
2,5352.0,0,1,0,0,151,0,0.128,0
2,5073.0,4,4,0,0,118,0,0.008,0
1,4852.0,0,4,0,0,4,0,0.254,0
8,29760.0,0,0,0,0,139,0,0.255,0
2,4000.0,0,1,0,0,111,1,0.116,0
1,3464.0,0,0,0,0,12,0,0.488,0
2,7876.0,0,0,0,0,24,0,0.081,0
1,2305.0,0,0,0,0,230,1,0.066,0
2,8492.0,0,4,0,0,50,0,0.2,0
1,3759.0,1,4,0,0,211,0,0.055,0
1,4595.0,0,1,0,0,162,0,0.272,0
1,2280.0,1,4,0,0,5,0,0.106,0
1,3671.0,1,3,0,0,153,0,0.177,0
5,13260.0,0,3,0,0,7,0,0.24,0
1,3653.0,0,1,0,0,137,0,0.328,0
2,7513.0,0,1,0,0,161,0,0.189,0
1,4151.0,0,2,0,0,123,0,0.111,0
2,5529.0,0,3,0,0,47,0,0.394,0
2,6785.0,0,1,0,0,7,0,0.131,0
4,12161.0,4,5,0,0,100,0,0.259,0
1,2350.0,0,4,0,0,11,0,0.271,0
1,4815.0,0,2,0,0,233,0,0.222,0
2,5151.0,2,4,0,0,8,0,0.221,0
3,9590.0,2,5,0,0,2,0,0.275,0
6,17313.0,0,1,0,0,104,0,0.041,1
4,16363.0,3,7,0,0,79,0,0.248,0
2,8521.0,0,5,1,0,24,0,0.31,0
2,7192.0,2,7,0,0,132,1,0.358,1
10,31306.0,0,2,0,0,104,0,0.336,1
6,24360.0,2,2,0,0,7,1,0.077,0
2,4068.0,0,1,0,0,34,0,0.181,0
4,13327.0,1,2,0,0,139,0,0.323,0
7,26453.0,0,2,0,0,37,0,0.06,0
4,11113.0,0,4,0,0,90,0,0.343,0
2,6445.0,0,1,0,0,31,0,0.107,0
6,19414.0,0,1,0,0,47,0,0.071,0
2,8173.0,0,2,0,0,25,0,0.048,0
7,16109.0,0,0,0,0,0,0,0.274,1
2,7204.0,0,2,0,0,61,0,0.242,0
2,8239.0,0,1,0,0,5,0,0.442,0
3,7075.0,0,2,0,0,83,0,0.207,0
5,20775.0,2,5,0,0,76,1,0.142,0
1,4887.0,2,5,0,1,160,0,0.231,1
6,21892.0,1,3,0,0,107,0,0.368,0
3,8379.0,0,3,0,0,133,0,0.209,0
1,3584.0,0,5,0,0,59,0,0.361,0
1,2277.0,2,4,0,0,29,0,0.185,0
2,6531.0,0,2,0,1,32,1,0.191,0
2,5209.0,0,1,0,0,10,0,0.306,0
1,3948.0,0,1,1,0,183,0,0.213,0
4,9226.0,1,5,0,1,40,0,0.123,0
1,3211.0,0,0,0,0,127,0,0.232,1
4,15625.0,0,1,0,0,95,0,0.264,0
1,2877.0,0,2,0,0,36,0,0.061,0
1,3998.0,0,1,0,0,141,0,0.071,1
1,3623.0,0,4,0,0,82,0,0.318,0
6,21103.0,0,3,0,0,140,0,0.311,0
3,12536.0,0,4,0,0,14,0,0.272,0
5,18623.0,2,3,0,0,151,0,0.102,0
1,4511.0,1,1,0,0,71,0,0.105,0
4,11549.0,1,2,1,1,55,0,0.323,0
3,8717.0,0,2,0,0,122,0,0.329,0
4,14054.0,1,4,1,0,23,0,0.41,0
1,3111.0,2,5,0,0,48,0,0.056,1
2,6955.0,0,0,1,0,3,0,0.226,1
6,24014.0,1,4,0,0,177,1,0.306,0
1,3115.0,0,1,1,0,36,0,0.175,0
2,6139.0,0,1,0,0,88,0,0.473,0
2,6776.0,0,1,0,0,129,0,0.124,0
2,7141.0,1,4,0,0,158,0,0.143,0
2,7305.0,1,1,0,0,3,0,0.162,0
3,8126.0,0,0,0,0,22,0,0.141,0
1,3310.0,1,3,0,0,24,0,0.076,1
4,13709.0,1,4,0,0,173,0,0.114,0
5,12752.0,0,3,0,0,37,0,0.05,0
1,3455.0,0,0,0,0,141,0,0.115,0
3,11479.0,0,0,0,0,37,0,0.153,0
1,2183.0,0,2,0,0,131,0,0.188,0
3,11234.0,0,2,0,0,156,0,0.211,0
4,13215.0,0,1,0,0,124,0,0.045,0
1,3488.0,0,0,0,0,32,1,0.132,0
3,7521.0,1,2,0,0,119,0,0.385,0
8,22547.0,0,2,0,0,38,0,0.289,0
4,15489.0,1,3,0,0,115,0,0.297,0
2,6747.0,0,0,0,0,117,0,0.035,0
1,1963.0,0,2,0,0,64,0,0.189,0
8,27192.0,0,1,0,0,23,0,0.014,1
3,10490.0,0,1,0,0,3,0,0.226,0
5,12012.0,0,0,0,0,189,0,0.016,0
1,3099.0,0,3,0,0,18,1,0.322,0
4,16269.0,0,0,0,0,5,0,0.397,0
2,5342.0,2,3,0,0,62,0,0.118,0
1,2289.0,0,1,0,1,30,0,0.293,0
2,7320.0,0,0,0,0,161,0,0.056,0
8,21757.0,2,3,0,0,66,1,0.135,0
2,7398.0,0,3,0,0,9,1,0.312,0
1,3580.0,0,1,0,0,125,0,0.226,0
2,4583.0,2,3,0,0,156,0,0.038,0
6,22133.0,0,5,1,0,73,0,0.252,1
6,15406.0,1,5,0,0,92,0,0.191,0
2,5862.0,1,3,0,0,40,0,0.054,0
2,7803.0,0,1,0,0,4,0,0.1,0
1,2982.0,1,6,0,0,78,0,0.23,1
1,2634.0,0,0,0,0,60,0,0.177,0
9,34344.0,0,3,0,0,172,0,0.091,0
2,6533.0,0,3,0,0,24,0,0.401,0
7,25067.0,2,4,0,0,29,0,0.206,0
2,7942.0,1,2,0,0,157,0,0.148,0
2,6378.0,0,3,0,0,32,0,0.176,0
2,5790.0,0,0,0,0,102,0,0.101,0
7,25862.0,0,0,0,0,144,0,0.098,0
3,8860.0,0,1,0,0,209,0,0.246,0
2,7892.0,0,3,0,0,105,1,0.383,0
1,4468.0,0,0,0,0,105,0,0.134,1
8,21933.0,0,2,0,0,62,0,0.116,0
2,7522.0,0,2,0,0,20,0,0.222,1
3,9740.0,0,5,0,0,89,0,0.326,0
2,4776.0,2,2,0,0,98,0,0.097,0
1,2920.0,0,3,0,0,19,0,0.126,1
9,23492.0,3,3,0,0,90,0,0.315,1
3,12044.0,0,2,0,0,22,0,0.416,0
2,6974.0,0,3,0,0,123,0,0.241,0
5,17968.0,0,2,0,0,124,0,0.206,1
1,2719.0,0,4,0,0,87,1,0.273,1
2,6679.0,1,3,0,0,23,0,0.194,0
2,8963.0,2,3,0,1,121,0,0.095,0
1,2639.0,0,1,0,0,37,0,0.089,0
2,7791.0,0,1,1,0,75,0,0.16,0
3,9338.0,0,2,0,0,31,0,0.111,0
7,16371.0,0,1,0,0,65,0,0.08,0
3,6840.0,0,3,0,0,54,0,0.194,0
1,3714.0,0,2,0,0,162,0,0.107,0
7,16891.0,0,1,0,1,120,0,0.287,1
2,8681.0,1,6,0,0,64,0,0.098,0
1,3418.0,3,4,0,0,66,0,0.056,0
1,3783.0,0,4,0,0,22,0,0.19,0
2,6480.0,0,3,0,0,40,0,0.278,0
2,7554.0,2,3,0,0,169,0,0.221,0
3,7482.0,0,0,0,0,1,0,0.206,1
8,27323.0,0,5,0,0,185,0,0.346,1
2,4738.0,0,0,0,0,215,0,0.017,0
5,13292.0,1,2,0,0,12,0,0.053,0
5,17853.0,1,2,0,0,128,0,0.078,0
5,12505.0,1,6,0,0,66,0,0.224,0
3,7297.0,0,3,0,0,18,0,0.173,0
4,9613.0,2,4,0,0,117,0,0.184,0
1,3299.0,0,5,0,1,135,0,0.289,0
2,7946.0,0,1,0,0,148,1,0.09,0
3,7387.0,0,5,0,0,43,0,0.397,0
8,22415.0,0,4,1,0,14,1,0.411,1
2,5730.0,1,2,0,0,155,0,0.111,0
1,3860.0,0,3,0,0,136,0,0.536,0
1,3236.0,0,3,0,0,29,0,0.254,0
1,2618.0,0,2,0,0,14,0,0.232,0
4,10169.0,1,5,0,0,113,0,0.153,0
4,15395.0,1,2,0,0,15,0,0.205,0
2,6353.0,0,2,0,0,63,0,0.278,0
1,3852.0,0,1,0,0,34,1,0.455,0
10,32295.0,1,1,0,0,97,1,0.162,0
1,4449.0,0,1,0,1,13,1,0.136,0
2,6236.0,1,3,0,0,12,0,0.053,0
2,6616.0,0,2,0,0,126,0,0.265,0
7,26829.0,1,2,0,1,59,1,0.185,1
2,5276.0,0,0,0,0,3,0,0.096,0
1,2424.0,2,3,0,0,174,0,0.357,0
4,15780.0,3,5,0,0,177,0,0.157,1
1,3001.0,0,3,0,0,98,1,0.206,0
5,18089.0,0,1,0,0,10,0,0.138,0
3,7567.0,0,1,0,0,3,0,0.157,1
1,3258.0,1,2,0,0,43,0,0.062,0
2,6479.0,0,1,0,0,3,0,0.102,0
2,6072.0,1,4,0,0,93,0,0.151,0
3,8785.0,0,2,0,0,102,0,0.018,0
8,22989.0,0,3,0,1,39,0,0.211,0
8,25549.0,0,0,0,0,67,1,0.071,1
1,4316.0,0,1,0,0,101,0,0.087,0
1,2889.0,0,0,0,0,14,0,0.171,0
4,9546.0,0,2,0,0,136,0,0.309,0
3,7432.0,0,4,0,0,39,0,0.077,0
2,6847.0,0,0,0,1,85,0,0.085,0
3,8417.0,0,2,0,0,56,0,0.383,0
5,18422.0,0,0,1,0,72,0,0.202,0
6,24667.0,0,1,0,0,111,0,0.166,0
2,7504.0,0,0,0,0,77,0,0.298,0
3,8293.0,0,1,0,0,29,1,0.306,0
9,34044.0,0,2,0,0,149,0,0.082,0
2,8584.0,0,1,0,0,35,0,0.035,0
3,7457.0,0,5,0,1,57,0,0.235,1
3,9014.0,1,2,0,0,102,0,0.114,0
7,20624.0,1,1,0,0,280,0,0.145,0
2,6563.0,0,3,0,1,150,0,0.356,0
7,27889.0,1,3,0,0,22,0,0.247,1
5,15030.0,0,2,0,0,21,0,0.141,0
2,7801.0,0,0,1,0,148,0,0.118,0
2,5065.0,0,4,0,0,97,1,0.096,0
1,3072.0,2,2,0,0,150,0,0.174,0
5,18541.0,0,0,0,0,16,0,0.146,0
2,7259.0,1,5,0,0,65,0,0.174,0
1,4314.0,0,5,0,0,52,0,0.256,0
9,28988.0,0,5,0,0,71,0,0.154,0
3,8179.0,2,2,0,0,192,0,0.148,0
4,14191.0,0,1,0,0,115,0,0.167,0
4,15458.0,2,5,0,0,62,0,0.134,0
2,5019.0,1,2,0,0,292,0,0.198,0
1,3049.0,0,1,0,1,3,1,0.179,1
2,8713.0,0,0,1,0,17,0,0.034,0
5,18110.0,0,0,0,0,40,0,0.236,0
1,3392.0,0,0,0,1,156,0,0.203,0
1,2438.0,0,5,0,0,72,0,0.282,0
2,5043.0,0,2,0,0,47,0,0.086,0
1,2842.0,1,2,0,0,184,0,0.21,0
3,6714.0,0,3,0,0,5,0,0.349,0
6,14239.0,0,0,0,0,152,0,0.18,1
3,10105.0,0,2,0,0,188,0,0.082,0
5,16897.0,1,6,0,0,202,0,0.068,1
2,4908.0,0,3,0,0,22,0,0.334,0
10,24762.0,0,3,0,0,39,0,0.087,1
1,4264.0,0,1,0,0,88,0,0.115,0
2,4829.0,1,2,0,0,158,0,0.286,0
1,3044.0,1,2,0,0,96,0,0.083,0
3,9106.0,0,4,0,0,130,0,0.46,0
2,5190.0,0,0,0,0,153,0,0.184,0
2,6623.0,0,2,0,0,13,0,0.147,1
1,3711.0,0,0,0,0,17,0,0.156,0
4,14089.0,2,5,0,0,265,0,0.339,0
1,3873.0,0,1,0,0,15,0,0.068,0
1,4341.0,0,0,0,0,21,0,0.214,0
9,29780.0,0,1,0,0,151,0,0.118,0
2,4809.0,1,1,0,0,102,0,0.553,0
1,2867.0,3,7,0,0,194,1,0.227,1
3,11445.0,1,5,0,0,119,0,0.086,0
5,19956.0,0,1,0,0,163,1,0.212,0
3,11201.0,0,1,0,1,81,0,0.074,0
6,21020.0,1,1,0,0,1,0,0.289,1
2,4422.0,1,3,0,0,51,0,0.221,0
6,20323.0,0,0,0,0,127,1,0.115,0
3,11892.0,0,1,0,0,33,0,0.302,0
1,3396.0,0,4,0,0,101,0,0.378,0
2,8899.0,0,4,1,0,21,0,0.113,0
2,4632.0,0,1,0,0,33,0,0.317,0
4,15548.0,1,6,0,0,96,0,0.252,0
2,7699.0,3,3,0,0,197,0,0.124,0
1,4268.0,0,0,0,0,40,0,0.188,0
2,5755.0,0,2,0,0,32,1,0.311,0
4,13240.0,0,0,0,0,131,0,0.138,0
1,4401.0,1,5,0,0,35,0,0.086,1
3,8465.0,0,0,0,0,74,0,0.236,0
9,23143.0,0,2,0,0,237,0,0.289,0
1,4180.0,0,5,0,0,34,0,0.125,0
5,14429.0,1,3,0,0,43,0,0.387,0
3,9537.0,0,0,0,0,48,0,0.11,0
1,3961.0,1,6,0,0,118,0,0.105,0
2,7407.0,0,2,0,1,89,0,0.039,0
5,15073.0,0,1,0,0,180,0,0.099,0
2,8182.0,1,2,0,0,107,0,0.025,0
10,38865.0,0,4,0,0,91,0,0.262,0
8,20949.0,0,2,0,0,196,0,0.114,0
3,13183.0,0,5,0,0,10,0,0.27,1
10,36095.0,0,4,0,0,65,0,0.102,1
4,10271.0,0,3,0,0,143,0,0.041,0
4,13353.0,0,5,0,0,134,0,0.102,0
7,24489.0,0,5,0,0,51,0,0.237,0
2,6801.0,1,5,0,0,26,1,0.458,0
1,3314.0,0,1,0,0,129,0,0.003,0
4,10344.0,0,3,0,0,126,0,0.055,0
3,6700.0,1,6,0,0,225,0,0.127,0
2,6458.0,0,1,0,0,53,0,0.046,0
8,24110.0,0,2,0,0,55,0,0.052,0
1,3989.0,1,4,0,0,28,0,0.245,0
2,4794.0,1,2,0,0,68,0,0.37,0
2,6015.0,2,7,1,0,25,0,0.259,1
2,7073.0,1,3,0,0,116,0,0.137,0
5,21390.0,0,1,0,0,267,0,0.247,0
1,4210.0,1,4,0,0,84,0,0.312,0
9,27995.0,1,6,0,0,236,0,0.074,0
4,13801.0,0,1,0,0,69,1,0.179,0
7,19621.0,2,2,0,0,146,0,0.261,0
1,4111.0,0,3,0,0,126,0,0.176,0
5,13495.0,1,6,0,0,6,0,0.148,0
3,9886.0,1,1,0,1,113,1,0.029,1
2,6101.0,0,2,0,0,3,0,0.3,0
5,13121.0,0,0,0,0,35,0,0.282,1
2,4503.0,0,1,0,0,16,0,0.244,0
2,8123.0,0,1,1,1,20,0,0.221,1
2,7479.0,1,3,0,0,156,0,0.189,0
1,3836.0,0,0,0,0,112,0,0.023,0
2,4190.0,0,1,0,0,7,0,0.141,0
2,8602.0,0,2,0,0,198,0,0.182,0
4,13234.0,0,0,0,0,74,0,0.323,0
2,4898.0,0,5,0,0,144,0,0.195,1
7,24465.0,3,8,0,0,32,1,0.083,1
3,10432.0,0,2,0,0,126,0,0.025,0
7,28955.0,1,5,0,0,190,0,0.216,0
1,4651.0,0,2,0,0,16,0,0.041,0
2,7535.0,0,2,0,1,125,0,0.463,0
1,2505.0,1,3,0,0,59,1,0.449,0
6,20135.0,0,2,0,0,104,0,0.112,0
3,7470.0,2,4,0,0,57,0,0.326,0
2,7181.0,0,3,0,0,47,0,0.485,0
4,13831.0,0,0,0,0,6,0,0.314,0
1,4445.0,1,2,0,0,78,0,0.288,0
6,19612.0,0,3,0,0,93,1,0.42,0
5,13949.0,0,2,0,0,51,0,0.209,0
7,19469.0,0,3,0,0,36,0,0.045,0
1,4027.0,0,0,0,0,132,0,0.096,0
2,6540.0,0,3,0,0,75,0,0.066,0
2,5374.0,1,2,0,0,64,0,0.136,0
3,12390.0,0,1,0,0,89,0,0.175,0
2,5010.0,0,1,0,0,37,1,0.073,0
1,2895.0,0,0,0,0,92,0,0.023,0
1,2214.0,0,5,0,0,18,0,0.119,0
6,16030.0,0,4,0,0,17,1,0.458,0
2,6616.0,0,1,0,0,107,0,0.302,0
1,3994.0,1,1,0,0,98,0,0.336,0
6,22614.0,1,2,0,0,207,0,0.271,0
8,29295.0,1,2,0,0,143,0,0.38,0
1,3578.0,1,1,0,0,131,0,0.086,0
3,8397.0,0,0,0,0,166,0,0.495,0
2,6149.0,0,3,0,0,106,0,0.257,0
10,34598.0,0,0,0,0,21,0,0.256,0
7,25648.0,0,1,0,0,75,0,0.305,0
5,11283.0,1,6,0,0,18,1,0.059,0
2,5020.0,0,2,0,0,75,0,0.091,0
3,10941.0,2,2,0,0,46,0,0.116,0
1,2427.0,0,5,0,0,202,0,0.252,0
1,1866.0,0,2,0,0,48,0,0.144,0
1,3954.0,0,5,0,0,77,0,0.238,1
2,5800.0,2,3,0,0,20,1,0.02,0
1,4570.0,0,2,0,0,19,1,0.394,0
1,2942.0,0,0,0,0,44,1,0.232,0
3,7500.0,1,3,0,0,68,0,0.279,0
8,26864.0,1,5,0,0,62,0,0.15,0
1,3162.0,1,1,0,0,125,0,0.099,0
1,3183.0,0,0,0,0,38,0,0.13,0
1,4200.0,0,5,0,0,112,0,0.135,0
1,3580.0,0,2,0,0,0,0,0.193,0
3,8392.0,1,5,0,0,34,0,0.062,1
9,30531.0,1,4,0,0,117,0,0.133,1
2,6661.0,0,2,0,0,40,0,0.088,0
1,2620.0,1,6,0,0,206,0,0.158,0
6,21360.0,0,1,0,0,6,0,0.584,0
6,23066.0,0,1,0,0,6,0,0.321,0
3,9424.0,0,2,0,0,14,0,0.161,0
6,16763.0,0,1,0,0,118,0,0.341,0
3,7907.0,0,1,0,0,315,0,0.353,0
7,25473.0,0,2,0,0,41,0,0.043,1
5,16813.0,0,3,0,0,42,0,0.062,0
1,3359.0,0,2,0,0,99,0,0.205,0
3,7300.0,0,2,0,0,16,0,0.222,0
1,4110.0,0,0,0,0,33,1,0.14,0
1,3332.0,1,2,0,0,26,0,0.316,0
1,4708.0,0,4,0,0,191,0,0.023,0
4,11660.0,1,2,0,0,64,0,0.275,0
2,7082.0,1,3,0,0,157,0,0.446,0
1,2536.0,0,0,0,0,52,0,0.349,0
2,5987.0,0,1,0,0,63,0,0.264,0
3,7975.0,1,6,0,0,87,0,0.07,0
2,9058.0,0,1,0,0,204,0,0.086,0
3,8113.0,1,1,0,0,139,0,0.166,0
3,8399.0,3,5,1,0,141,0,0.145,0
1,2555.0,0,1,0,0,111,0,0.063,0
5,12255.0,0,0,0,0,117,0,0.209,0
1,2835.0,0,0,0,0,102,0,0.142,0
1,1807.0,2,2,0,0,106,0,0.21,0
3,11901.0,1,3,0,1,81,0,0.125,0
4,12716.0,0,1,0,0,271,0,0.168,0
3,6865.0,3,6,1,0,37,0,0.148,1
1,4045.0,0,2,0,0,27,0,0.211,0
1,3927.0,1,1,0,0,73,0,0.224,0
2,4832.0,0,3,0,0,126,0,0.096,0
8,26559.0,0,1,0,0,29,0,0.399,0
4,15415.0,0,1,0,0,42,0,0.258,0
3,8235.0,2,2,0,0,0,0,0.369,0
6,22767.0,1,5,0,0,100,1,0.414,0
1,4205.0,1,2,0,0,10,0,0.096,0
1,3933.0,0,3,0,0,107,0,0.02,0
2,6545.0,0,0,0,0,139,0,0.043,0
3,8473.0,1,5,0,0,134,0,0.099,0
1,2837.0,0,1,0,0,16,0,0.167,0
2,6397.0,0,0,0,1,139,0,0.219,0
8,22297.0,1,2,0,0,163,1,0.139,0
2,5546.0,2,4,0,0,159,0,0.181,0
4,9641.0,0,1,0,0,76,0,0.187,0
2,6291.0,0,1,0,1,152,0,0.109,1
4,17304.0,2,5,0,0,15,0,0.321,0
6,19314.0,0,5,0,0,80,0,0.321,0
2,7416.0,0,1,0,0,37,0,0.114,0
8,28699.0,0,2,0,1,9,0,0.238,0
2,6876.0,0,1,0,0,49,1,0.262,0
4,13158.0,0,1,0,1,71,1,0.334,0
1,3949.0,0,4,0,0,89,0,0.461,0
1,4574.0,1,6,0,0,2,0,0.346,1
6,18372.0,1,3,0,0,125,0,0.149,0
2,5681.0,0,5,0,0,230,0,0.057,1
2,5472.0,1,2,0,1,54,0,0.445,0
1,1965.0,0,3,0,0,95,0,0.19,0
7,17416.0,0,2,0,0,73,0,0.094,0
2,7279.0,0,3,0,0,2,0,0.205,0
3,9378.0,0,2,0,0,64,0,0.102,0
8,26268.0,2,3,0,0,95,0,0.059,0
5,15729.0,3,5,0,0,22,0,0.098,0
6,23561.0,0,1,0,0,24,0,0.115,0
5,14449.0,0,0,0,0,53,0,0.128,0
2,5166.0,0,0,1,0,82,0,0.345,1
6,15836.0,0,1,0,0,55,0,0.116,0
3,8874.0,2,2,0,0,30,0,0.217,0
1,2933.0,1,2,0,0,181,1,0.186,0
7,20426.0,0,0,0,0,81,0,0.077,0
4,13710.0,0,3,0,0,5,0,0.479,0
1,4578.0,0,5,0,0,58,0,0.145,0
1,4475.0,3,3,0,0,142,0,0.257,0
1,3298.0,0,3,0,1,8,0,0.317,1
1,2902.0,0,0,0,0,4,0,0.42,0
2,6086.0,0,0,0,0,136,0,0.334,0
6,17154.0,0,4,0,0,52,0,0.062,0
6,18838.0,1,4,0,0,64,0,0.133,0
1,4777.0,0,3,0,0,79,0,0.275,0
3,11239.0,0,4,0,0,63,0,0.282,0
2,4592.0,3,7,0,0,123,0,0.272,0
2,6708.0,2,5,0,0,155,0,0.325,0
1,3324.0,0,3,0,0,208,0,0.143,0
4,13030.0,0,3,0,0,89,0,0.188,1
2,8302.0,0,1,0,0,19,0,0.057,0
2,6192.0,0,1,0,0,179,0,0.298,0
3,11567.0,1,3,0,0,80,0,0.129,0
1,1773.0,0,4,0,0,5,0,0.181,0
6,15630.0,0,2,0,0,13,0,0.135,0
4,16759.0,2,3,0,0,181,0,0.382,1
7,23687.0,0,3,0,0,58,1,0.185,1
3,9286.0,1,5,0,0,66,0,0.106,1
4,17333.0,0,1,0,0,109,0,0.3,0
4,15974.0,0,2,1,0,105,0,0.501,1
1,2994.0,0,2,0,0,29,0,0.181,0
1,3772.0,0,2,0,0,132,1,0.338,0
3,9450.0,0,4,0,1,172,0,0.23,0
1,3289.0,0,3,0,0,33,0,0.065,0
8,23627.0,1,3,0,0,39,0,0.374,0
3,8991.0,0,1,0,0,177,0,0.239,0
3,12903.0,0,0,0,0,62,0,0.294,0
2,6113.0,0,1,0,0,30,0,0.112,0
3,7844.0,0,0,0,0,104,0,0.138,0
2,5949.0,0,1,1,0,33,0,0.008,1
2,4848.0,0,1,0,0,186,1,0.272,0
2,7405.0,0,0,0,0,60,0,0.128,0
5,15718.0,0,0,0,0,30,0,0.26,0
3,9887.0,0,2,0,0,221,0,0.292,0
4,16208.0,0,5,0,0,66,0,0.143,0
5,14751.0,0,4,0,0,19,0,0.04,0
4,16773.0,0,5,0,0,3,0,0.139,0
1,2421.0,0,2,0,0,13,0,0.374,0
8,27576.0,0,0,0,1,176,1,0.23,0
4,12103.0,2,4,0,0,279,0,0.476,0
1,4539.0,0,5,0,0,7,0,0.199,1
1,3220.0,1,1,0,0,17,0,0.288,0
2,6257.0,2,3,0,0,170,1,0.067,0
2,5325.0,0,2,0,0,185,0,0.126,0
1,4036.0,0,2,0,0,100,0,0.072,0
6,17928.0,1,6,0,0,90,0,0.098,0
2,5880.0,2,2,0,0,17,0,0.326,1
1,3677.0,0,2,0,0,158,0,0.571,0
1,3642.0,0,2,0,0,75,1,0.069,0
4,10134.0,0,5,0,0,41,0,0.148,0
5,17942.0,1,5,0,0,48,0,0.062,0
1,4145.0,2,4,0,0,16,0,0.261,0
2,5376.0,2,6,0,0,19,0,0.162,0
1,3911.0,0,1,0,0,73,0,0.332,0
6,19993.0,1,1,0,0,23,1,0.035,0
1,4092.0,2,3,0,0,56,0,0.183,0
1,2798.0,1,2,0,0,40,0,0.121,1
1,4082.0,0,1,0,0,55,0,0.055,0
1,3509.0,0,0,0,0,24,0,0.166,0
1,2920.0,0,3,0,0,262,0,0.112,0
5,18729.0,0,2,0,0,38,0,0.267,1
3,12644.0,0,1,0,0,126,0,0.257,0
3,8037.0,0,3,0,1,24,1,0.105,0
2,7617.0,0,2,0,0,62,0,0.221,0
5,18346.0,2,4,0,0,6,0,0.201,0
3,8753.0,0,3,0,0,172,0,0.202,0
3,8179.0,1,1,0,0,100,0,0.439,0
3,12461.0,0,1,0,0,58,0,0.031,1
1,3908.0,1,4,0,0,150,0,0.158,0
1,3033.0,2,2,0,0,167,0,0.57,0
2,7699.0,1,2,0,0,142,0,0.035,0
3,11841.0,1,4,0,0,100,0,0.309,0
3,8436.0,0,2,0,0,202,0,0.193,0
7,26311.0,0,1,0,1,45,0,0.287,0
1,4470.0,0,0,0,0,76,0,0.243,0
2,6894.0,0,5,0,0,129,0,0.69,0
1,3820.0,0,0,0,0,44,1,0.092,0
1,3266.0,2,4,0,0,254,1,0.161,1
5,16711.0,0,1,0,1,211,0,0.07,0
1,3633.0,0,1,0,1,29,0,0.276,0
4,10658.0,0,2,0,0,125,0,0.1,0
2,5511.0,0,2,0,0,96,0,0.095,0
3,6943.0,2,7,0,0,58,0,0.211,0
8,31735.0,0,3,0,0,25,0,0.143,0
1,4088.0,1,3,0,0,163,1,0.363,0
4,11272.0,0,1,0,0,112,0,0.318,0
1,3105.0,1,3,0,0,7,0,0.049,0
1,4295.0,0,1,0,0,37,0,0.101,0
7,24658.0,0,3,0,0,4,0,0.382,1
7,17969.0,0,3,0,0,24,0,0.235,0
5,17252.0,0,4,0,0,97,0,0.28,0
2,4451.0,0,2,0,0,10,0,0.222,0
6,18080.0,0,1,0,0,48,0,0.27,0
3,11993.0,0,3,0,0,2,0,0.231,0
2,8917.0,1,2,1,0,96,0,0.262,1
1,4102.0,0,0,0,0,209,0,0.125,0
2,7939.0,1,1,0,0,24,0,0.114,0
1,4215.0,0,2,0,0,66,0,0.321,0
1,2655.0,2,4,0,0,82,1,0.403,0
10,24597.0,1,3,0,0,44,0,0.262,1
1,3238.0,0,1,0,0,1,0,0.297,0
1,2400.0,3,3,0,0,158,0,0.148,1
4,10202.0,0,3,0,0,118,0,0.174,0
3,8162.0,0,0,0,0,69,0,0.129,0
1,3848.0,3,5,0,0,2,0,0.344,1
1,2185.0,2,4,0,0,157,0,0.179,0
2,6970.0,2,6,0,0,111,0,0.34,0
6,17220.0,0,2,0,0,54,0,0.275,0
4,15033.0,2,4,0,1,156,0,0.647,0
1,2704.0,0,1,0,0,44,1,0.235,0
1,3047.0,0,1,0,0,224,1,0.131,0
1,3383.0,3,4,0,0,14,0,0.109,0
2,8068.0,1,5,0,0,168,1,0.202,1
1,3909.0,0,3,0,0,38,1,0.19,0
1,3526.0,0,4,0,0,39,0,0.241,0
1,2903.0,0,0,0,0,19,0,0.092,0
5,17332.0,1,2,0,0,104,0,0.111,0
3,6675.0,0,3,0,0,109,0,0.17,0
2,5158.0,2,6,0,0,6,0,0.183,0
6,22810.0,1,3,0,0,150,0,0.22,0
1,3591.0,1,5,0,0,26,1,0.015,0
1,4455.0,1,2,0,0,167,0,0.035,0
5,14798.0,0,2,0,0,81,0,0.019,0
3,10688.0,0,1,0,0,73,0,0.143,0
1,2477.0,0,2,0,1,230,0,0.312,0
4,14751.0,1,5,0,0,2,0,0.124,0
5,14193.0,0,5,0,0,236,0,0.361,0
5,12446.0,0,0,1,0,108,0,0.302,0
1,2447.0,0,2,0,0,83,0,0.107,1
4,16570.0,2,4,0,0,62,0,0.482,1
2,4979.0,1,3,0,0,101,0,0.016,0
7,27085.0,1,3,0,0,43,0,0.025,0
4,11359.0,0,0,0,0,27,0,0.191,0
7,18374.0,0,1,0,0,49,0,0.015,0
1,2671.0,0,2,0,0,220,0,0.142,0
2,5395.0,0,1,0,0,32,0,0.566,0
4,14719.0,0,1,0,0,46,0,0.084,0
1,2689.0,0,2,0,0,69,0,0.381,0
1,3547.0,2,2,0,0,57,0,0.124,1
1,2731.0,0,1,0,1,88,0,0.099,0
1,2477.0,1,3,0,0,36,1,0.044,0
2,7378.0,0,0,0,0,53,0,0.286,0
1,2496.0,0,4,0,0,161,0,0.429,0
3,7698.0,3,5,0,0,83,0,0.278,1
10,28237.0,0,1,0,0,87,0,0.048,1
1,2971.0,0,4,0,0,0,0,0.115,0
5,20182.0,0,0,0,0,36,0,0.39,0
4,8983.0,0,0,0,0,134,0,0.249,0
1,3239.0,0,0,0,0,69,0,0.3,0
1,3716.0,1,1,0,0,39,0,0.08,0
2,6326.0,1,2,0,0,49,1,0.163,1
1,4735.0,0,1,1,0,0,0,0.215,0
1,3504.0,0,5,0,0,83,0,0.481,1
7,21973.0,0,3,0,0,73,0,0.239,0
1,4177.0,0,3,0,1,122,0,0.133,0
2,4966.0,0,2,0,0,32,0,0.172,0
2,4182.0,2,4,0,0,180,0,0.19,0
2,5951.0,1,2,0,0,30,0,0.138,0
3,10713.0,0,1,0,0,20,0,0.25,0
1,3203.0,1,5,0,0,78,0,0.102,0
3,11666.0,2,2,1,0,107,0,0.062,0
2,6733.0,0,0,0,0,259,0,0.137,0
1,2920.0,1,2,0,0,31,0,0.084,0
8,29920.0,0,0,0,0,46,0,0.156,0
2,7255.0,1,2,0,0,111,0,0.095,0
3,8961.0,0,2,0,0,153,0,0.277,0
1,3083.0,0,5,0,0,275,0,0.188,0
5,16901.0,0,5,0,0,42,1,0.199,0
3,6900.0,0,4,1,0,42,0,0.043,0
8,30384.0,1,3,0,0,0,0,0.253,1
2,6906.0,0,4,0,0,83,0,0.215,0
2,8410.0,0,3,0,0,169,1,0.148,1
9,35047.0,4,6,1,0,136,0,0.15,1
5,16195.0,0,1,0,1,73,0,0.21,0
7,26886.0,0,2,0,0,95,0,0.218,0
2,4980.0,0,1,0,0,108,0,0.128,0
4,12139.0,0,2,0,0,64,0,0.166,0
4,12062.0,3,6,0,0,175,0,0.38,1
5,18953.0,0,1,0,0,128,0,0.314,0
3,11080.0,1,3,0,0,114,0,0.104,0
1,3388.0,0,2,0,0,151,0,0.364,0
2,7167.0,3,5,0,0,29,0,0.072,0
8,22808.0,0,2,0,0,61,0,0.139,0
8,31116.0,0,1,0,0,48,0,0.294,1
2,8181.0,0,1,0,0,64,0,0.026,0
3,6967.0,1,4,0,0,126,0,0.179,0
1,4496.0,0,0,0,0,211,0,0.098,0
8,23569.0,0,4,0,0,96,0,0.226,0
10,40030.0,2,5,0,0,70,0,0.37,1
2,6670.0,0,1,0,0,246,0,0.168,0
2,5742.0,0,2,0,0,46,0,0.039,0
4,14411.0,0,4,0,0,96,0,0.045,0
4,14671.0,0,3,0,0,24,0,0.141,0
2,6157.0,1,1,1,0,79,0,0.137,0
3,12004.0,2,3,0,0,80,0,0.128,1
1,3442.0,1,4,0,1,198,0,0.171,0
1,2546.0,0,0,0,1,25,0,0.255,0
6,24466.0,3,3,0,0,194,0,0.199,0
4,13303.0,1,5,0,0,121,0,0.191,0
7,26366.0,0,3,0,0,210,0,0.125,0
3,10433.0,0,2,1,0,103,0,0.271,0
1,1907.0,0,0,0,0,148,0,0.195,0
7,15952.0,0,1,0,0,74,0,0.281,1
1,3534.0,1,1,0,0,257,0,0.052,0
1,2765.0,0,5,0,0,192,0,0.193,1
5,14055.0,0,4,0,0,96,0,0.258,0
8,25522.0,0,2,0,0,6,0,0.054,1
5,18101.0,2,2,0,0,88,0,0.43,0
1,4016.0,4,7,0,0,5,0,0.181,0
2,6718.0,0,3,0,0,68,0,0.16,0
1,3944.0,2,3,0,0,56,0,0.272,0
7,25375.0,2,2,0,0,143,1,0.227,0
3,7938.0,0,0,0,0,45,0,0.45,0
6,20504.0,0,3,0,0,6,0,0.325,0
2,6252.0,0,4,0,0,8,0,0.293,1
9,31320.0,1,4,0,0,123,0,0.316,0
7,18340.0,1,2,0,0,122,0,0.066,0
3,11288.0,0,2,0,0,38,0,0.484,0
5,16194.0,0,5,0,0,107,0,0.47,0
8,20497.0,0,3,0,0,87,0,0.198,0
2,5559.0,0,3,0,0,65,0,0.353,0
1,3324.0,0,0,0,0,26,0,0.123,0
3,7331.0,1,5,0,0,77,0,0.26,1
1,4087.0,2,3,0,0,48,0,0.313,0
2,7148.0,1,6,0,0,122,0,0.086,0
3,9679.0,3,4,0,0,21,1,0.074,1
4,14387.0,0,5,0,0,232,1,0.449,0
3,8689.0,0,4,0,1,25,0,0.247,0
4,14748.0,1,2,0,0,82,0,0.084,0
3,12525.0,0,1,0,0,117,0,0.192,0
5,15244.0,0,0,0,0,77,0,0.205,0
5,17147.0,0,0,0,0,98,0,0.154,0
2,8058.0,0,0,0,0,143,0,0.317,0
10,34742.0,0,1,1,0,140,0,0.352,1
5,16308.0,1,2,0,0,27,0,0.314,0
1,2597.0,1,1,0,0,110,1,0.179,0
2,6061.0,1,1,0,0,41,0,0.055,0
1,3572.0,1,3,0,0,6,0,0.292,1
6,23060.0,1,1,0,0,290,0,0.06,0
1,3794.0,0,3,0,1,24,0,0.117,0
2,7828.0,1,4,0,1,81,1,0.241,0
3,10255.0,1,3,1,0,91,0,0.083,0
1,4209.0,1,4,0,0,5,0,0.187,0
3,6887.0,2,3,0,0,47,0,0.105,0
1,3985.0,1,2,0,0,58,0,0.644,0
8,26544.0,1,2,0,0,43,0,0.28,0
5,14478.0,0,2,0,0,6,0,0.235,0
4,14397.0,0,5,0,0,206,0,0.324,0
1,4390.0,1,1,0,0,49,0,0.173,1
3,8846.0,1,6,0,0,162,0,0.151,0
1,4495.0,1,5,0,0,0,0,0.093,0
2,7105.0,2,7,0,0,104,1,0.311,0
2,5260.0,0,2,0,0,94,0,0.111,0
1,3659.0,1,4,0,0,23,0,0.236,0
2,7170.0,0,1,0,0,42,1,0.269,0
1,4114.0,0,0,0,0,5,0,0.521,0
2,7618.0,1,3,0,0,14,1,0.288,0
8,31863.0,1,6,0,1,15,0,0.321,1
2,7246.0,1,1,0,0,68,0,0.074,0
7,18025.0,0,2,0,0,186,1,0.169,0
2,7590.0,0,2,0,0,139,0,0.234,0
8,24771.0,0,3,0,0,111,0,0.25,0
1,2169.0,0,3,0,0,54,0,0.145,0
6,21559.0,1,4,0,0,48,1,0.062,0
1,3203.0,0,1,0,0,62,1,0.204,0
2,5537.0,0,1,0,0,57,0,0.535,0
4,9486.0,2,6,0,0,6,0,0.048,1
1,4696.0,4,7,0,0,54,0,0.073,0
8,23758.0,0,4,0,0,121,1,0.296,0
2,5789.0,1,2,0,0,110,1,0.317,0
5,12743.0,0,2,0,0,81,0,0.153,0
1,2933.0,1,3,0,0,55,0,0.349,0
1,3014.0,0,2,0,0,17,1,0.046,0
2,7014.0,1,2,0,0,56,0,0.5,0
7,26264.0,0,0,0,0,21,1,0.125,0
8,27776.0,0,2,0,0,175,0,0.168,1
1,3261.0,0,5,0,0,95,0,0.106,0
6,14271.0,0,1,0,0,36,0,0.219,1
2,8345.0,2,2,0,0,14,0,0.205,0
4,10045.0,0,2,1,1,67,0,0.076,0
2,7606.0,2,5,0,0,83,0,0.173,0
2,6703.0,1,2,0,0,78,1,0.189,0
4,9735.0,0,1,0,0,125,0,0.12,0
5,13072.0,1,1,0,0,94,0,0.486,0
2,8422.0,0,0,1,0,71,0,0.044,0
2,7651.0,0,1,0,0,5,0,0.174,0
2,7288.0,0,5,0,0,23,0,0.153,1
6,16470.0,4,5,0,0,83,0,0.104,1
1,3465.0,1,2,0,0,44,0,0.219,0
1,3366.0,0,0,0,0,85,0,0.058,0
8,18922.0,0,0,0,0,144,0,0.19,0
1,3046.0,0,2,0,0,131,0,0.156,0
1,4638.0,0,1,0,0,118,0,0.309,0
6,23949.0,0,1,0,0,55,0,0.024,0
3,7392.0,2,4,0,0,162,0,0.408,0
1,2667.0,0,2,0,0,34,0,0.172,1
5,19072.0,4,6,0,0,95,1,0.094,0
3,10839.0,4,7,0,0,90,0,0.208,1
1,4168.0,1,1,0,0,126,0,0.106,0
1,3668.0,0,2,0,0,160,0,0.206,0
1,2496.0,0,0,0,0,28,1,0.274,1
9,29147.0,0,0,0,0,41,0,0.222,0
2,9256.0,2,4,0,0,55,0,0.135,0
3,12503.0,0,3,1,0,17,0,0.244,0
7,28447.0,1,6,0,0,67,0,0.224,0
2,6059.0,3,5,0,0,0,0,0.131,1
1,3712.0,1,2,0,0,95,0,0.354,0
5,15294.0,0,1,0,0,142,0,0.32,0
3,7351.0,0,0,1,1,31,0,0.224,0
1,3577.0,1,4,0,1,87,1,0.229,0
2,6213.0,0,1,0,0,4,1,0.118,0
1,3668.0,1,3,0,1,116,0,0.266,0
6,24351.0,0,5,1,0,155,0,0.181,0
2,5027.0,0,2,0,0,128,0,0.318,0
1,3913.0,0,1,0,0,71,0,0.267,0
1,3960.0,0,3,0,0,14,0,0.04,0
1,3005.0,0,3,0,0,72,0,0.214,0
7,20790.0,1,2,0,0,21,0,0.265,0
1,4120.0,0,1,0,0,104,0,0.07,1
1,4643.0,0,4,0,0,146,1,0.087,0
1,3572.0,0,2,0,0,83,0,0.172,0
2,7324.0,1,5,0,0,38,0,0.235,0
1,4089.0,0,2,0,1,38,0,0.101,0
3,11091.0,1,1,0,0,3,1,0.12,0
2,6401.0,0,2,0,0,1,0,0.241,1
3,9286.0,1,1,0,0,98,0,0.236,0
3,11485.0,0,1,0,0,42,0,0.179,1
1,3290.0,0,1,0,0,156,0,0.076,0
2,6256.0,2,5,0,0,198,0,0.396,0
1,2831.0,1,5,0,0,6,0,0.384,0
7,24521.0,0,1,0,0,9,0,0.176,0
1,2845.0,0,1,0,0,177,1,0.157,0
1,4374.0,2,2,0,0,41,1,0.103,0
3,10885.0,1,4,0,0,9,0,0.283,0
2,7155.0,0,1,0,0,28,0,0.278,0
2,8535.0,0,0,0,0,177,0,0.094,0
2,7555.0,0,4,0,0,22,0,0.158,0
4,15714.0,0,1,0,0,15,0,0.114,0
8,21353.0,1,1,1,0,99,0,0.28,1
3,8839.0,0,1,0,0,106,0,0.197,0
2,6123.0,0,0,0,0,127,0,0.117,0
1,3783.0,0,3,0,0,226,0,0.175,1
7,26975.0,1,4,0,0,26,0,0.315,0
3,11395.0,2,3,0,0,48,0,0.097,0
2,5212.0,0,2,0,0,40,0,0.101,0
1,4052.0,2,3,0,0,47,0,0.099,0
2,5356.0,0,3,0,0,65,0,0.324,0
3,10489.0,1,3,0,0,41,0,0.14,0
5,13546.0,0,1,0,0,132,0,0.087,0
3,7243.0,0,1,0,0,9,1,0.349,0
1,3683.0,0,2,0,0,46,0,0.06,0
1,3106.0,0,0,0,0,110,0,0.053,0
2,6103.0,0,0,1,0,97,0,0.067,0
4,10043.0,1,1,0,0,116,0,0.102,0
2,7844.0,3,5,0,0,34,0,0.145,0
3,10309.0,3,6,0,0,49,0,0.032,0
6,23627.0,0,4,0,0,3,0,0.375,0
3,9486.0,0,2,0,0,1,0,0.179,0
2,8272.0,1,1,0,0,11,0,0.058,0
4,10997.0,0,2,0,0,61,0,0.258,0
2,8757.0,0,5,0,0,58,1,0.216,1
1,3112.0,0,1,0,0,59,0,0.156,0
3,9361.0,0,4,0,0,182,1,0.099,0
2,7765.0,3,3,0,0,18,0,0.218,0
1,3654.0,2,7,0,1,155,0,0.187,0
1,3434.0,1,3,0,0,61,0,0.464,0
5,18644.0,0,1,0,0,115,0,0.29,0
6,23130.0,0,0,0,0,78,0,0.132,0
2,6372.0,0,3,0,0,107,0,0.102,0
3,9864.0,0,3,0,0,114,0,0.209,0
3,8176.0,1,6,0,1,78,0,0.151,0
1,3694.0,1,2,0,0,122,1,0.135,0
2,7491.0,4,6,0,1,100,0,0.213,1
1,2646.0,0,2,0,0,33,0,0.241,0
4,9097.0,0,1,0,0,39,0,0.277,0
3,11444.0,1,1,0,0,172,0,0.265,0
1,3122.0,2,3,0,0,66,0,0.105,0
1,2699.0,0,5,0,0,48,0,0.478,0
3,8054.0,2,3,0,0,31,1,0.253,0
2,8050.0,0,5,0,1,153,0,0.38,1
2,7893.0,1,3,0,0,68,0,0.181,0
1,3285.0,0,3,0,0,48,0,0.436,0
1,4337.0,0,1,0,0,147,0,0.17,0
4,11279.0,0,0,0,0,20,0,0.13,0
3,10691.0,0,0,0,0,51,0,0.169,0
1,3921.0,1,4,0,0,121,1,0.247,0
1,2279.0,0,2,0,0,52,0,0.602,0
5,19022.0,0,5,0,0,62,0,0.441,0
2,4898.0,3,5,0,0,4,0,0.31,0
2,4336.0,1,4,0,0,143,0,0.331,0
1,2218.0,0,3,0,0,135,0,0.201,0
2,7567.0,4,7,0,0,55,0,0.102,1
2,4735.0,0,0,0,0,37,0,0.372,0
3,10742.0,0,2,0,0,261,0,0.01,0
3,11990.0,0,3,0,0,159,1,0.264,0
2,5342.0,0,0,0,0,24,1,0.289,0
3,11971.0,2,7,0,0,263,0,0.063,0
2,4062.0,1,1,0,0,65,0,0.285,0
3,10580.0,0,0,0,0,5,0,0.114,0
3,7769.0,2,7,0,0,126,0,0.126,0
10,40525.0,0,4,0,0,62,0,0.23,1
2,8491.0,2,2,0,0,153,0,0.328,0
4,12626.0,0,5,0,0,99,1,0.376,0
1,4267.0,1,1,0,0,101,0,0.302,0
3,11214.0,0,2,0,0,53,0,0.216,0
5,15984.0,0,1,0,0,30,0,0.103,0
2,7803.0,0,3,0,0,117,0,0.274,0
5,19767.0,0,3,0,0,62,0,0.129,0
2,5698.0,0,2,0,0,130,0,0.112,0
2,8522.0,0,3,0,0,131,0,0.12,0
1,2777.0,0,0,0,0,204,0,0.483,0
2,5830.0,1,6,0,0,192,0,0.102,0
1,2943.0,0,1,0,0,121,0,0.031,0
1,3295.0,3,6,0,0,68,0,0.303,0
2,4245.0,1,4,0,0,78,0,0.064,0
2,6703.0,0,1,0,0,67,0,0.396,1
3,12022.0,1,3,0,0,7,0,0.053,0
2,6344.0,0,1,0,0,58,0,0.145,0
3,7822.0,0,1,0,0,181,1,0.119,0
1,4548.0,0,1,0,0,20,0,0.271,0
5,19525.0,0,1,0,0,14,0,0.388,0
1,2216.0,0,1,0,0,75,0,0.281,0
2,5765.0,0,1,1,0,110,0,0.119,1
8,28560.0,1,2,0,0,67,0,0.27,0
2,7399.0,1,3,0,0,111,0,0.21,0
2,5231.0,0,3,0,1,59,0,0.375,1
1,3940.0,0,0,0,0,208,1,0.358,0
2,7125.0,1,5,0,1,139,0,0.105,0
5,18963.0,1,5,0,1,1,0,0.145,0
5,19792.0,0,2,0,0,98,0,0.138,1
4,13805.0,0,1,0,0,50,0,0.095,0
2,4285.0,2,2,0,0,35,0,0.074,1
2,5185.0,0,1,0,0,110,0,0.126,0
1,4195.0,0,0,0,0,112,0,0.223,0
2,4688.0,0,0,0,0,186,0,0.045,0
1,2567.0,0,3,0,0,32,0,0.095,0
9,28895.0,0,0,0,0,117,0,0.111,1
1,1888.0,0,2,0,0,201,0,0.316,0
1,4303.0,0,3,0,0,188,0,0.042,0
2,7612.0,1,4,0,0,67,1,0.006,0
5,15197.0,1,2,0,0,136,0,0.099,0
8,28025.0,0,5,0,0,54,0,0.152,0
5,19936.0,0,3,0,1,119,0,0.221,0
2,7674.0,0,0,0,0,51,0,0.231,0
1,3410.0,0,1,0,0,74,0,0.411,0
4,9703.0,0,2,0,1,64,1,0.341,0
8,24051.0,1,2,0,0,81,0,0.195,0
1,3423.0,1,1,0,0,1,0,0.104,0
1,3759.0,0,1,0,1,192,0,0.136,0
1,3439.0,1,6,0,0,58,0,0.112,0
7,16512.0,1,2,0,0,142,0,0.084,0
3,12509.0,3,4,0,0,152,0,0.088,0
2,6796.0,1,2,0,0,19,0,0.398,0
2,7458.0,0,1,0,0,89,0,0.091,0
3,11541.0,0,1,0,0,31,0,0.174,0
6,15982.0,0,5,0,0,38,0,0.161,1
5,15580.0,0,1,0,0,19,0,0.232,0
2,7035.0,0,2,0,0,131,0,0.125,1
2,7898.0,0,2,0,1,72,0,0.204,0
2,6790.0,0,1,0,0,84,0,0.346,0
6,14663.0,1,1,0,0,110,0,0.171,0
2,7915.0,1,5,0,0,167,0,0.379,0
9,27949.0,0,2,0,0,37,0,0.275,1
2,4736.0,0,1,0,0,37,0,0.172,0
1,2623.0,1,3,0,0,53,0,0.251,0
2,7353.0,0,2,0,0,127,0,0.2,0
1,2655.0,0,1,0,0,21,0,0.069,0
2,5922.0,0,2,1,0,141,0,0.068,0
6,18426.0,1,6,0,0,131,0,0.142,0
2,7106.0,0,3,1,0,101,0,0.112,0
10,37619.0,0,3,0,0,63,0,0.108,0
3,9275.0,2,6,0,0,0,0,0.038,0
3,12363.0,0,2,0,0,101,0,0.041,0
8,29560.0,3,4,0,0,61,0,0.2,0
4,12381.0,0,3,0,0,54,0,0.422,0
8,18902.0,0,5,0,0,64,0,0.008,0
2,4326.0,3,4,0,0,9,0,0.263,0
1,3768.0,0,1,0,0,11,0,0.305,0
2,6960.0,3,3,0,0,47,0,0.107,0
10,23411.0,0,2,0,0,139,0,0.032,1
1,4663.0,0,5,0,0,89,0,0.377,0
2,6986.0,0,5,0,0,49,0,0.17,0
2,5861.0,0,2,0,0,40,0,0.199,0
1,4232.0,1,2,0,0,20,0,0.235,0
4,14152.0,1,3,0,0,80,0,0.251,0
4,13562.0,1,3,0,1,67,1,0.108,0
2,7992.0,2,4,0,0,173,0,0.321,0
2,6041.0,0,3,0,0,149,0,0.295,0
2,8304.0,0,1,0,0,158,0,0.19,0
2,8437.0,1,4,0,0,251,0,0.05,0
7,24753.0,0,1,0,0,76,0,0.343,0
2,6221.0,0,3,0,0,69,1,0.212,0
2,8143.0,2,5,0,0,169,1,0.302,0
2,6603.0,0,4,0,1,38,0,0.25,0
2,8207.0,0,0,0,0,148,0,0.076,0
5,15197.0,0,0,0,0,37,0,0.091,0
1,4157.0,0,1,0,1,67,0,0.083,1
1,3106.0,1,5,0,0,80,0,0.143,0
2,6313.0,0,4,0,0,13,0,0.171,0
2,7252.0,0,5,0,0,122,0,0.043,0
4,17001.0,1,5,0,0,60,0,0.035,0
8,19266.0,0,2,0,0,124,0,0.155,0
3,10151.0,0,0,0,0,110,0,0.366,0
2,5774.0,3,6,0,0,142,0,0.464,1
1,1933.0,1,3,0,0,249,0,0.221,0
2,7695.0,0,3,0,0,176,0,0.317,0
3,11477.0,1,3,0,0,44,0,0.231,0
1,3308.0,0,2,0,0,138,1,0.685,0
3,7979.0,0,1,0,0,14,0,0.174,1
9,27514.0,0,0,0,0,85,0,0.178,0
6,18504.0,4,9,0,0,46,0,0.234,1
1,2767.0,0,0,0,1,24,0,0.192,0
2,5432.0,0,0,0,0,2,0,0.194,0
2,6693.0,0,2,0,0,107,0,0.43,0
5,14397.0,0,1,0,0,31,0,0.408,0
1,2974.0,3,5,0,0,69,0,0.252,1
3,9874.0,1,4,0,0,62,0,0.165,0
2,5392.0,1,4,0,0,102,0,0.265,0
1,4333.0,2,3,0,0,156,1,0.165,0
3,11732.0,0,2,0,0,85,0,0.129,0
1,3868.0,2,3,0,0,123,1,0.231,0
3,6926.0,0,3,1,0,1,0,0.37,0
1,2642.0,0,1,0,0,204,1,0.261,0
4,9490.0,0,2,0,1,35,0,0.089,0
1,3511.0,0,0,1,0,26,0,0.351,0
1,3835.0,1,3,0,0,170,0,0.171,0
3,9079.0,1,2,0,0,57,1,0.351,0
2,5779.0,0,1,0,0,215,0,0.084,0
3,8187.0,0,0,0,0,207,0,0.22,0
2,6477.0,0,5,0,0,13,1,0.272,0
1,4046.0,2,4,0,0,149,0,0.098,0
8,20504.0,0,0,0,0,74,1,0.075,0
3,9174.0,0,0,0,0,101,1,0.643,0
4,11234.0,1,1,0,0,113,0,0.155,0
3,10056.0,0,1,0,0,160,0,0.192,0
1,3364.0,1,1,0,0,44,0,0.104,0
4,11732.0,0,2,0,0,113,0,0.567,0
6,19857.0,0,1,0,0,136,0,0.201,0
1,2653.0,1,2,0,0,111,0,0.053,0
1,2710.0,0,3,0,0,7,0,0.243,0
5,14668.0,2,3,0,0,227,0,0.166,0
1,3445.0,0,3,0,0,104,0,0.063,0
1,3532.0,0,5,0,0,25,0,0.122,0
2,8459.0,0,0,0,0,113,0,0.146,0
3,10634.0,1,1,0,0,78,1,0.099,0
5,20547.0,0,0,1,0,131,0,0.468,0
7,18529.0,1,5,0,0,88,0,0.038,0
3,12136.0,0,5,1,0,98,0,0.083,0
5,16770.0,0,0,0,0,85,0,0.28,0
1,3179.0,0,1,1,0,18,0,0.115,1
3,11165.0,2,5,0,0,86,1,0.195,1
4,13327.0,2,5,0,0,21,0,0.085,0
1,3429.0,1,3,0,0,120,1,0.22,0
1,3087.0,0,0,0,0,72,1,0.261,0
2,7484.0,0,5,0,0,43,0,0.248,0
1,2939.0,3,4,0,0,19,0,0.171,0
2,6542.0,1,2,0,0,27,0,0.159,0
4,13636.0,0,1,0,0,20,0,0.081,0
1,4340.0,0,3,0,0,69,0,0.313,0
6,22978.0,0,5,0,0,71,0,0.177,0
2,4990.0,0,2,0,0,117,0,0.247,1
5,18026.0,0,2,0,1,116,0,0.339,0
3,8811.0,3,5,0,1,66,0,0.212,0
4,10305.0,0,5,0,0,187,0,0.245,0
2,5185.0,0,0,0,0,236,0,0.162,0
6,14813.0,0,2,0,0,29,0,0.134,1
2,7620.0,0,2,0,0,12,0,0.285,0
3,8044.0,0,2,0,0,35,0,0.205,0
2,6683.0,2,4,0,0,25,0,0.397,0
4,12509.0,0,0,0,0,133,0,0.172,0
6,20244.0,0,2,0,1,81,0,0.151,0
1,2458.0,1,1,0,0,21,0,0.304,0
4,11742.0,0,4,0,0,145,0,0.173,0
3,12990.0,0,2,0,0,210,0,0.265,0
1,4480.0,1,2,0,0,11,0,0.27,0
5,17571.0,0,3,0,0,107,0,0.099,0
10,29820.0,0,3,0,1,43,0,0.32,0
3,12150.0,0,4,0,0,20,0,0.11,0
1,4526.0,0,2,0,0,51,0,0.257,0
2,8270.0,0,1,0,0,5,0,0.262,0
2,5723.0,1,2,0,0,12,0,0.134,0
8,22941.0,0,4,0,0,12,0,0.024,0
3,7939.0,1,2,0,0,23,0,0.071,0
1,2403.0,0,1,0,0,106,1,0.054,0
4,9432.0,0,2,0,0,139,0,0.298,0
3,10893.0,1,2,0,0,136,0,0.208,0
5,13804.0,1,2,0,0,138,0,0.495,0
1,2222.0,1,5,0,0,71,0,0.302,0
3,6932.0,0,5,0,0,67,0,0.464,0
3,9856.0,0,0,0,0,52,0,0.205,0
1,3668.0,0,1,0,0,183,0,0.383,0
6,16372.0,0,4,0,1,150,0,0.272,0
7,26201.0,0,0,0,0,57,1,0.027,0
3,10308.0,0,3,0,0,73,0,0.29,0
3,8686.0,0,2,0,0,182,0,0.204,0
4,11078.0,1,1,0,0,214,0,0.341,0
7,22725.0,0,5,0,0,100,0,0.181,0
5,14882.0,1,6,0,0,76,0,0.235,1
5,19616.0,0,2,0,0,176,0,0.528,0
1,2565.0,0,1,0,0,129,0,0.014,0
4,11829.0,0,0,1,0,163,0,0.132,1
8,18041.0,1,2,0,1,16,0,0.204,0
3,11357.0,0,1,0,0,214,0,0.376,0
2,7735.0,2,7,0,0,151,0,0.206,0
4,12908.0,0,1,0,1,49,0,0.3,0
3,7054.0,0,3,0,0,130,0,0.099,0
6,15996.0,0,0,0,0,228,0,0.116,0
5,19924.0,0,2,1,0,4,0,0.362,0
3,8933.0,0,2,0,0,29,0,0.067,0
2,4973.0,0,0,0,0,87,0,0.032,0
2,6778.0,0,0,0,0,174,0,0.291,0
5,12076.0,0,1,0,0,22,0,0.046,0
1,3166.0,0,1,0,0,72,1,0.161,0
1,3597.0,1,4,0,0,2,0,0.24,0
3,7886.0,1,1,0,0,30,0,0.281,0
8,18612.0,0,1,0,0,61,0,0.13,1
2,7513.0,0,1,0,0,70,0,0.17,0
4,15795.0,0,1,0,0,246,0,0.243,0
8,18439.0,0,3,0,0,183,0,0.032,0
3,11295.0,0,2,1,0,164,0,0.332,0
2,8481.0,0,2,0,0,25,1,0.125,0
5,12044.0,1,5,0,0,66,0,0.202,0
2,6947.0,2,4,0,0,15,0,0.241,0
1,2292.0,0,5,0,0,0,0,0.088,0
3,7108.0,4,5,0,0,59,0,0.218,1
2,4788.0,2,3,0,0,134,0,0.385,0
3,11116.0,1,3,0,0,321,1,0.029,0
1,3492.0,2,3,0,0,79,0,0.102,0
2,7742.0,0,5,0,0,102,0,0.186,1
4,14741.0,1,3,0,1,130,0,0.216,0
6,16021.0,2,2,1,0,106,0,0.337,0
1,3582.0,0,0,0,0,16,0,0.164,0
3,11674.0,0,1,0,0,117,0,0.207,0
1,3665.0,2,5,0,0,52,0,0.197,0
2,5870.0,1,1,0,0,176,1,0.19,0
6,20864.0,3,4,0,0,73,0,0.136,0
3,8841.0,0,3,0,1,142,0,0.223,1
7,16574.0,0,2,0,0,141,0,0.321,1
2,6081.0,0,4,0,1,223,1,0.283,0
7,19202.0,1,2,0,0,26,0,0.1,1
2,5902.0,0,4,0,0,141,0,0.1,0
2,8593.0,0,3,0,0,31,0,0.139,0
1,2067.0,4,8,0,0,178,0,0.172,0
2,6638.0,1,2,0,0,93,0,0.031,0
2,7986.0,2,5,0,0,10,0,0.173,0
6,16224.0,1,5,0,0,51,0,0.199,0
3,10221.0,0,2,1,0,3,1,0.145,0
7,18085.0,0,1,0,0,68,0,0.249,0
7,18900.0,1,4,0,0,35,0,0.131,0
4,16634.0,1,1,0,0,23,0,0.405,0
2,5874.0,1,2,0,0,119,1,0.154,0
8,22499.0,4,4,0,0,117,0,0.136,1
3,11047.0,3,3,0,0,14,0,0.024,0
3,10234.0,0,2,0,0,227,0,0.064,0
1,3537.0,0,3,0,0,82,0,0.166,0
3,11661.0,1,3,0,0,69,0,0.21,0
2,5532.0,0,5,0,1,158,0,0.196,0
3,10676.0,0,1,0,0,307,0,0.084,0
2,6602.0,0,1,0,0,95,0,0.233,0
2,5063.0,0,2,0,0,176,0,0.102,0
3,13110.0,0,0,0,0,33,0,0.054,0
2,5933.0,1,1,0,0,84,0,0.11,0
3,6781.0,0,0,0,0,27,0,0.225,0
4,12380.0,4,4,0,1,22,0,0.067,1
1,4532.0,0,3,0,0,59,0,0.248,0
9,21938.0,0,0,0,0,101,1,0.229,0
1,3018.0,0,1,0,0,30,1,0.51,0
2,5800.0,0,1,0,0,50,0,0.122,1
6,19467.0,3,6,0,0,154,0,0.035,1
2,5236.0,1,2,0,0,99,0,0.068,0
4,14988.0,0,4,0,0,40,0,0.162,0
2,7936.0,1,1,0,0,47,0,0.352,0
2,8709.0,0,1,0,0,103,0,0.509,0
7,21396.0,2,3,0,0,22,0,0.355,0
2,4617.0,2,5,0,0,42,0,0.345,0
1,2912.0,0,1,0,0,34,0,0.174,0
3,10938.0,2,2,0,0,7,0,0.3,1
1,3137.0,0,4,0,1,62,0,0.243,0
1,3246.0,0,0,0,0,213,0,0.07,0
6,17260.0,0,2,1,0,13,0,0.268,1
6,25637.0,3,7,0,0,50,0,0.505,1
2,8240.0,0,2,0,0,95,0,0.237,0
4,12381.0,1,2,0,0,149,0,0.572,0
6,16896.0,3,3,0,0,14,0,0.278,0
3,12497.0,1,1,0,0,67,0,0.131,0
1,3117.0,0,5,0,0,111,0,0.321,0
10,36494.0,0,0,0,0,29,1,0.039,0
1,3818.0,1,1,1,0,204,1,0.158,0
3,9813.0,1,6,0,0,51,0,0.243,0
9,26256.0,0,4,0,0,141,0,0.084,1
3,9248.0,0,1,0,0,206,0,0.332,0
1,3352.0,0,3,0,0,24,0,0.293,0
1,4251.0,0,1,0,0,140,1,0.227,0
2,7526.0,2,3,0,0,210,0,0.158,1
2,5411.0,1,1,0,0,163,0,0.261,0
2,8707.0,0,1,0,0,62,0,0.269,1
1,4042.0,1,2,1,0,14,0,0.239,0
2,8210.0,0,0,0,0,32,0,0.072,0
2,6188.0,0,1,0,0,105,0,0.304,0
1,4760.0,1,3,0,0,77,0,0.067,0
1,2275.0,2,6,0,0,67,0,0.319,1
1,4005.0,0,4,0,0,290,0,0.176,0
1,4245.0,0,5,0,0,77,0,0.258,0
8,27332.0,0,4,0,0,105,0,0.117,0
2,6450.0,0,1,0,0,31,0,0.186,0
4,9258.0,2,4,0,0,32,0,0.204,1
2,5046.0,1,5,0,0,94,0,0.363,0
1,3294.0,0,0,0,0,19,0,0.058,0
6,17430.0,0,2,0,0,25,1,0.231,0
2,6742.0,0,1,0,0,63,0,0.153,0
3,8890.0,2,5,0,0,219,0,0.215,0
3,12421.0,2,2,0,0,7,0,0.273,0
2,4461.0,1,1,0,0,33,0,0.064,0
1,3436.0,0,2,0,0,5,0,0.137,0
5,20894.0,1,2,1,0,146,0,0.138,0
2,5479.0,0,0,0,0,3,0,0.179,0
3,10726.0,0,1,0,0,36,0,0.179,0
4,13924.0,1,6,0,0,78,1,0.214,0
2,8012.0,3,6,0,0,93,0,0.064,0
8,25730.0,0,0,0,0,159,0,0.26,0
3,10188.0,0,1,0,0,50,0,0.024,0
2,6789.0,2,3,0,1,68,0,0.296,0
3,8368.0,1,2,0,0,101,0,0.113,0
2,7486.0,0,5,0,0,72,1,0.128,0
3,9493.0,0,2,0,0,17,1,0.206,0
6,20614.0,0,1,0,0,71,0,0.242,1
3,8472.0,0,2,0,0,36,0,0.471,0
1,3235.0,0,0,0,1,9,0,0.035,0
4,10750.0,0,3,0,0,162,0,0.283,0
5,12129.0,1,3,0,0,1,0,0.039,0
10,38030.0,1,1,0,0,29,0,0.089,0
2,5816.0,0,3,0,0,41,0,0.13,0
2,5736.0,0,0,0,0,9,0,0.069,0
1,3077.0,0,5,0,0,67,0,0.068,0
1,2457.0,1,3,0,0,24,0,0.118,0
3,10348.0,0,1,0,1,143,1,0.209,0
6,15672.0,0,2,0,0,60,0,0.227,0
1,3606.0,1,2,0,0,187,0,0.279,0
7,23100.0,0,0,0,0,26,1,0.152,0
6,14725.0,0,1,0,0,32,0,0.279,0
1,4675.0,0,1,0,0,8,0,0.173,0
1,2639.0,0,2,0,0,71,1,0.151,0
3,9337.0,2,7,0,0,176,0,0.055,0
7,27039.0,0,4,0,0,59,0,0.022,1
2,8924.0,2,3,0,0,72,0,0.174,0
3,7613.0,3,6,0,0,8,0,0.391,0
2,8304.0,0,2,0,0,48,0,0.096,0
4,11835.0,3,6,0,0,127,0,0.222,0
8,25126.0,1,5,1,0,9,0,0.252,1
1,4255.0,0,3,0,0,20,0,0.178,0
1,3290.0,1,4,0,0,21,0,0.31,1
3,9561.0,1,2,0,0,60,0,0.274,0
2,4862.0,0,2,0,0,204,0,0.346,0
1,3552.0,0,3,0,0,47,0,0.493,0
1,4735.0,1,5,0,0,89,0,0.299,0
1,2828.0,0,3,0,0,206,0,0.091,0
2,7030.0,0,2,0,0,9,0,0.287,0
2,6483.0,0,1,0,0,0,0,0.2,1
2,4745.0,1,3,0,0,106,0,0.085,0
3,9896.0,1,3,1,0,61,0,0.031,0
2,7797.0,0,4,0,1,31,1,0.222,0
1,2872.0,0,0,0,0,116,0,0.13,0
1,4433.0,0,3,0,0,183,0,0.197,0
4,10851.0,0,1,0,0,123,0,0.084,0
2,5510.0,1,3,0,0,159,0,0.308,0
4,14317.0,0,4,0,0,131,0,0.268,0
7,29393.0,0,5,0,0,149,0,0.146,0
3,8093.0,0,2,0,1,21,0,0.329,0
1,1870.0,0,2,0,0,53,0,0.2,1
2,7772.0,0,2,0,0,73,0,0.107,0
6,18431.0,0,2,0,1,134,0,0.192,0
5,16554.0,2,5,0,1,20,0,0.11,0
3,10911.0,0,2,0,0,55,0,0.297,1
4,10644.0,0,2,1,0,100,0,0.108,1
2,5960.0,1,1,0,0,123,0,0.273,0
3,9809.0,0,0,0,0,175,0,0.458,0
2,8071.0,2,4,0,0,16,1,0.029,0
3,8640.0,1,2,0,0,150,0,0.122,0
1,3933.0,0,2,0,0,27,0,0.158,0
2,6456.0,0,3,0,0,23,0,0.037,0
5,13301.0,0,2,0,0,57,0,0.062,0
1,4700.0,1,3,0,1,181,0,0.439,0
1,4318.0,0,4,0,0,92,0,0.365,0
8,23568.0,2,5,0,0,119,0,0.187,1
1,3115.0,0,3,0,0,115,0,0.175,1
6,14943.0,0,1,0,0,126,0,0.337,0
1,4740.0,0,2,0,0,267,0,0.138,0
2,6714.0,0,2,0,1,6,0,0.262,0
2,7510.0,2,6,0,0,224,1,0.182,1
2,5210.0,2,3,0,0,72,0,0.317,0
6,22256.0,1,4,0,0,125,1,0.12,0
1,2493.0,0,1,0,0,219,0,0.425,0
3,6653.0,0,0,0,0,6,0,0.21,1
2,6593.0,0,1,0,0,35,0,0.408,0
5,13135.0,0,0,0,0,80,0,0.094,0
4,12225.0,0,1,0,0,70,0,0.384,0
1,3700.0,0,5,0,0,129,0,0.148,0
6,13882.0,1,6,0,0,7,1,0.353,0
3,8881.0,0,2,0,0,69,0,0.117,0
3,13358.0,3,6,0,0,70,0,0.188,0
2,5271.0,0,4,0,0,199,1,0.049,0
2,5056.0,0,3,0,0,55,0,0.022,0
2,5655.0,0,1,0,0,134,0,0.212,1
2,6164.0,0,1,0,0,2,0,0.268,1
4,10021.0,0,3,0,1,34,1,0.21,0
6,20910.0,0,2,0,0,288,0,0.135,0
1,2799.0,1,4,0,1,162,0,0.14,0
4,10231.0,3,3,0,0,97,0,0.183,0
1,3215.0,0,2,0,0,6,0,0.176,0
2,5063.0,0,2,0,0,106,0,0.193,0
3,11828.0,0,2,0,0,112,0,0.068,0
5,18715.0,4,9,0,0,13,0,0.11,1
1,2102.0,0,1,0,0,169,0,0.395,0
8,29083.0,0,1,0,1,104,0,0.045,0
1,4753.0,1,1,0,0,116,0,0.302,0
1,3821.0,1,4,0,0,96,0,0.129,0
1,2332.0,0,2,0,0,27,0,0.516,0
2,6677.0,0,0,0,0,95,0,0.269,0
1,4012.0,0,0,0,0,258,1,0.035,0
8,32012.0,0,0,0,0,6,0,0.102,1
3,10586.0,0,0,0,0,97,0,0.253,0
6,18438.0,0,3,0,0,90,0,0.165,0
1,3569.0,0,4,1,0,186,0,0.287,0
2,6487.0,0,4,0,0,89,0,0.226,0
2,4460.0,0,4,0,0,115,0,0.394,0
4,12383.0,0,1,0,0,71,0,0.422,0
2,7100.0,0,5,0,0,21,0,0.185,1
3,6951.0,0,2,0,0,122,0,0.087,0
3,11836.0,0,2,1,1,205,0,0.109,1
8,23208.0,1,2,0,0,215,0,0.077,0
10,39342.0,1,1,0,0,140,0,0.461,0
3,9296.0,2,4,0,0,41,1,0.223,0
1,3967.0,0,4,0,0,27,0,0.166,0
3,9681.0,1,1,0,0,106,0,0.058,0
3,10745.0,0,2,1,0,96,0,0.204,0
1,2347.0,0,0,0,0,208,0,0.325,0
3,9574.0,1,1,0,0,193,0,0.047,0
4,15125.0,1,5,0,0,47,0,0.373,0
6,24489.0,2,3,0,0,115,1,0.299,1
6,18534.0,2,2,0,0,257,0,0.285,0
7,29405.0,3,4,0,0,51,0,0.119,0
2,8547.0,1,2,0,0,131,0,0.102,0
4,16728.0,0,2,0,0,75,0,0.316,0
2,7455.0,1,1,0,0,71,0,0.035,0
1,2933.0,0,1,0,0,65,1,0.126,0
8,31025.0,0,1,0,0,15,0,0.167,0
1,3669.0,0,3,0,0,39,1,0.143,0
3,13082.0,0,2,0,1,184,1,0.167,0
5,14335.0,3,3,0,0,81,0,0.331,0
1,4759.0,0,2,0,0,136,1,0.206,0
8,30328.0,0,0,0,1,32,0,0.279,0
2,4478.0,1,4,0,0,20,0,0.176,0
4,13993.0,0,3,0,0,71,1,0.194,0
9,32761.0,3,7,0,0,32,0,0.214,0
2,7834.0,1,3,0,0,211,0,0.101,0
2,4812.0,0,4,0,0,175,0,0.037,0
2,7327.0,0,2,0,0,15,0,0.272,1
6,13840.0,0,0,0,1,114,0,0.254,0
1,3717.0,0,2,0,0,108,0,0.326,0
3,6944.0,0,3,0,0,81,0,0.342,0
1,3082.0,0,0,0,0,49,0,0.142,0
6,19128.0,0,0,0,0,24,1,0.413,0
4,11521.0,0,1,0,0,92,1,0.243,0
3,8847.0,3,5,0,0,178,0,0.237,0
3,7344.0,2,2,0,0,14,1,0.144,0
7,20041.0,0,0,0,0,149,0,0.068,0
2,6665.0,0,1,0,0,59,0,0.092,0
3,8878.0,0,3,0,1,51,0,0.184,0
3,10177.0,0,0,0,0,187,0,0.171,0
2,5486.0,0,0,0,0,28,0,0.268,0
1,3238.0,0,0,0,0,324,0,0.468,0
2,6425.0,0,2,0,0,53,1,0.322,0
2,4781.0,0,1,1,0,24,0,0.215,0
8,21804.0,2,6,0,0,263,0,0.272,0
2,5517.0,0,2,0,0,64,0,0.331,0
1,4366.0,0,4,0,0,51,0,0.371,0
1,4433.0,0,0,0,0,108,0,0.18,0
4,15265.0,0,1,0,0,158,0,0.235,0
2,6424.0,4,5,0,0,42,0,0.057,0
1,3971.0,0,5,1,0,119,0,0.045,0
8,27325.0,0,2,0,0,12,1,0.233,0
1,3375.0,0,1,0,0,204,0,0.261,0
6,19602.0,0,1,0,0,118,0,0.068,0
2,7713.0,0,1,0,0,210,0,0.235,1
1,4736.0,4,5,0,0,71,0,0.425,1
3,7489.0,0,4,0,0,25,0,0.366,0
7,17164.0,0,5,0,0,70,0,0.295,0
7,21368.0,0,5,0,0,27,0,0.112,0
3,7263.0,0,0,0,0,61,0,0.271,0
5,16095.0,2,6,0,0,0,0,0.104,0
3,11577.0,1,3,0,0,75,1,0.189,0
8,24952.0,0,1,0,0,31,1,0.11,0
7,20158.0,1,1,0,0,147,0,0.128,0
3,11916.0,0,1,0,0,133,0,0.245,1
2,4687.0,0,5,0,0,174,1,0.346,1
3,11579.0,0,4,0,0,112,0,0.3,0
7,20364.0,1,4,1,0,32,0,0.41,1
2,6536.0,0,0,0,0,122,0,0.097,0
9,27209.0,2,4,0,0,75,0,0.177,0
5,12672.0,0,2,1,0,185,0,0.241,0
6,13123.0,0,2,0,0,100,1,0.103,0
6,18297.0,3,8,0,0,21,0,0.161,0
1,3413.0,1,2,0,0,115,0,0.159,0
4,13591.0,1,3,0,0,131,0,0.171,0
1,3477.0,0,2,0,0,109,0,0.175,1
3,12995.0,0,1,0,0,68,0,0.479,0
1,4711.0,0,1,0,1,90,0,0.063,0
2,7221.0,1,3,0,0,59,0,0.105,0
2,7110.0,0,0,1,0,18,1,0.161,0
1,4305.0,0,4,0,0,45,0,0.017,0
2,5381.0,1,3,0,0,14,0,0.229,0
3,12850.0,1,1,0,0,21,0,0.063,0
3,11498.0,3,3,0,0,33,0,0.176,1
1,2803.0,0,0,1,0,39,0,0.634,0
1,3670.0,2,2,0,0,29,0,0.101,0
4,12701.0,0,2,0,0,43,0,0.063,0
2,4339.0,0,5,0,0,82,0,0.238,0
4,14052.0,1,4,0,0,29,0,0.307,0
2,8679.0,0,1,0,0,66,0,0.351,0
2,8587.0,0,2,0,0,36,0,0.437,0
1,5003.0,1,2,0,1,22,0,0.37,0
3,10365.0,1,2,0,0,55,0,0.229,0
3,7165.0,0,3,0,0,21,0,0.407,0
1,3561.0,2,4,0,1,64,1,0.214,0
2,6243.0,0,2,0,0,47,0,0.014,0
2,5658.0,4,4,0,0,156,0,0.099,1
3,7972.0,0,0,0,0,10,0,0.042,0
2,7647.0,0,3,0,0,13,0,0.044,0
2,5980.0,0,2,0,0,82,0,0.309,0
2,7885.0,2,2,0,0,7,0,0.361,0
2,4362.0,1,2,0,0,42,0,0.095,1
3,8510.0,0,4,0,0,142,0,0.353,0
2,6630.0,0,5,0,0,57,0,0.342,0
3,7226.0,3,4,0,0,54,1,0.131,0
1,2872.0,0,5,0,0,66,0,0.205,1
1,2916.0,4,5,0,0,143,0,0.352,0
4,15300.0,0,3,0,0,66,0,0.064,0
1,2181.0,0,0,0,0,34,0,0.067,0
2,5947.0,0,2,1,0,34,0,0.029,0
4,14325.0,0,3,0,0,95,0,0.093,1
1,4102.0,1,2,0,0,179,0,0.161,0
2,4696.0,0,1,1,1,119,0,0.267,0
2,6196.0,2,4,1,0,73,0,0.231,1
2,7835.0,0,1,0,0,139,1,0.4,0
3,10108.0,1,2,0,1,2,0,0.458,0
1,4030.0,0,2,0,0,289,0,0.164,0
1,3982.0,0,3,0,0,107,0,0.233,0
1,4269.0,1,2,0,0,124,0,0.119,1
7,23705.0,1,2,0,0,62,0,0.35,0
1,3186.0,0,2,0,0,48,0,0.317,0
9,23369.0,0,2,0,0,113,0,0.465,0
2,5813.0,0,3,0,0,63,0,0.265,0
3,8890.0,0,0,0,0,276,0,0.248,0
6,13485.0,0,2,0,0,41,0,0.129,0
2,5654.0,0,0,0,0,92,0,0.117,0
5,11289.0,0,4,0,0,135,1,0.084,1
3,11906.0,0,3,0,0,70,0,0.032,0
8,20488.0,0,0,0,0,107,0,0.04,0
3,10137.0,0,0,0,1,158,0,0.05,1
3,12151.0,0,0,0,0,14,0,0.406,0
3,9564.0,0,1,0,0,82,0,0.421,0
2,6287.0,0,3,0,1,60,0,0.111,0
1,2729.0,0,0,0,0,10,0,0.404,0
3,13100.0,1,1,0,0,66,0,0.094,0
2,7304.0,0,0,0,0,225,0,0.315,1
1,4402.0,0,3,0,0,2,0,0.257,0
1,2195.0,0,0,1,0,5,0,0.091,0
3,8862.0,0,0,0,0,129,0,0.224,0
1,3671.0,0,5,0,0,12,0,0.107,0
2,6149.0,0,4,0,0,1,0,0.17,0
2,7545.0,0,0,0,1,38,0,0.161,0
6,15852.0,0,5,0,0,43,0,0.038,0
8,24040.0,0,2,0,0,30,0,0.087,1
1,2095.0,3,6,0,0,53,1,0.059,1
1,3338.0,1,2,0,1,1,0,0.342,0
1,2573.0,2,7,0,1,61,0,0.231,0
5,19145.0,0,5,0,0,24,0,0.125,0
1,4693.0,0,1,0,0,73,0,0.011,0
3,10984.0,0,5,0,0,124,1,0.26,0
1,2720.0,0,4,0,0,109,0,0.233,0
2,4696.0,1,3,0,0,53,0,0.208,0
6,25826.0,0,1,0,0,1,0,0.132,1
2,4957.0,0,3,1,0,17,0,0.253,1
2,5787.0,1,1,0,0,73,0,0.089,0
1,3106.0,3,3,0,0,40,0,0.469,0
2,6470.0,0,0,0,0,47,0,0.17,0
7,26187.0,0,2,0,1,0,0,0.07,0
8,20783.0,1,6,0,0,41,0,0.149,1
5,16223.0,1,4,0,1,15,0,0.263,1
6,17958.0,1,1,1,0,20,0,0.308,0
2,7933.0,4,6,0,0,46,0,0.138,1
3,12289.0,0,2,0,0,27,1,0.233,0
3,8565.0,0,2,0,0,236,0,0.153,0
1,4000.0,0,1,0,0,4,0,0.041,0
2,8366.0,2,3,0,0,140,1,0.182,1
2,5464.0,1,2,0,0,9,0,0.382,0
9,34232.0,0,4,0,0,64,0,0.216,0
4,11900.0,0,5,0,0,109,0,0.041,0
1,2777.0,0,3,0,0,98,1,0.254,1
2,5683.0,1,4,0,0,53,0,0.138,0
1,4154.0,0,1,0,0,8,0,0.104,0
1,4481.0,0,0,0,0,15,0,0.046,0
1,2628.0,1,2,0,0,24,0,0.118,0
2,6533.0,0,3,0,0,205,0,0.265,0
2,8016.0,0,5,0,0,189,0,0.299,0
2,5752.0,0,0,0,0,45,1,0.078,0
2,4409.0,1,1,0,0,89,0,0.109,0
6,23940.0,0,2,0,0,155,1,0.347,0
4,14792.0,1,5,0,0,160,0,0.078,0
1,2975.0,0,2,1,0,90,0,0.533,0
2,5821.0,0,0,0,0,39,0,0.386,0
3,8718.0,3,4,0,0,55,0,0.052,1
4,17022.0,0,4,0,0,10,0,0.471,0
1,3341.0,0,4,0,0,99,0,0.217,0
1,3492.0,0,3,0,0,15,0,0.263,0
2,8141.0,1,1,0,0,33,0,0.281,0
1,4617.0,1,1,0,0,28,0,0.159,0
6,14408.0,0,0,0,0,67,0,0.4,1
1,2522.0,0,4,0,0,190,0,0.299,0
1,3548.0,0,5,0,0,90,0,0.117,0
1,4856.0,0,0,0,0,68,0,0.17,0
5,17654.0,0,3,0,1,171,0,0.169,0
2,6601.0,2,4,0,0,142,1,0.091,0
5,16290.0,3,7,0,0,39,0,0.154,0
2,5969.0,0,3,0,0,49,0,0.161,0
5,14009.0,0,0,0,0,190,0,0.123,0
1,3984.0,1,4,0,0,108,0,0.157,0
1,2224.0,0,5,0,1,84,0,0.113,0
6,17514.0,0,0,0,0,66,0,0.077,0
1,2388.0,0,4,0,1,87,0,0.012,0
5,12580.0,0,1,0,0,29,0,0.088,0
3,12142.0,0,4,0,0,168,0,0.224,0
3,12582.0,1,6,1,0,162,0,0.138,0
1,3134.0,2,5,0,0,32,0,0.039,1
3,7323.0,0,1,1,0,23,1,0.048,0
1,2992.0,0,5,0,0,96,0,0.147,0
3,9583.0,2,3,0,0,46,0,0.238,0
3,6434.0,3,5,0,0,106,0,0.144,0
3,8418.0,1,1,0,0,2,0,0.06,0
2,4565.0,2,5,0,0,154,0,0.389,0
3,8165.0,0,2,0,0,143,0,0.111,0
4,14628.0,0,3,0,0,11,1,0.328,0
1,4256.0,1,2,0,1,119,0,0.091,0
4,16111.0,1,3,0,0,35,0,0.129,0
1,2361.0,0,3,0,0,39,0,0.245,1
6,21048.0,0,1,0,0,89,0,0.223,0
2,4268.0,1,4,0,0,3,0,0.076,1
1,3103.0,0,2,0,0,107,1,0.063,0
1,3011.0,3,6,0,0,126,0,0.436,0
1,3642.0,0,0,0,0,32,0,0.152,1
4,15686.0,0,5,0,0,73,0,0.116,0
1,3857.0,1,6,0,0,63,0,0.143,0
5,11472.0,0,3,0,0,196,1,0.125,0
6,17037.0,1,4,0,0,47,0,0.065,0
1,4116.0,2,4,0,0,145,0,0.483,0
2,5866.0,1,1,0,0,140,1,0.033,0
3,9374.0,1,3,0,0,56,0,0.124,0
3,11263.0,0,3,0,0,38,0,0.058,0
2,7529.0,1,3,0,0,171,0,0.373,0
2,7714.0,0,2,0,0,172,0,0.048,0
1,2885.0,0,2,0,0,81,0,0.065,1
3,8114.0,0,2,0,1,86,0,0.023,0
1,2632.0,1,2,0,0,16,0,0.165,0
2,6895.0,0,1,1,0,47,0,0.162,0
1,4346.0,1,2,0,0,49,0,0.178,0
1,4986.0,0,0,0,0,9,0,0.239,0
3,12891.0,0,2,0,0,9,1,0.265,0
7,19852.0,2,3,0,0,114,1,0.277,0
2,7813.0,1,1,0,0,22,0,0.043,0
1,3655.0,2,3,0,0,17,0,0.269,0
3,10890.0,0,2,0,0,133,0,0.08,0
2,4783.0,0,2,1,0,40,0,0.11,0
1,4114.0,0,3,0,0,198,0,0.264,0
2,5485.0,1,1,0,1,151,0,0.701,0
2,6265.0,0,1,0,0,121,0,0.075,0
4,9371.0,1,1,1,1,103,0,0.188,0
2,6915.0,0,2,0,0,203,0,0.25,0
6,19656.0,0,1,0,0,154,0,0.201,0
3,9753.0,0,2,0,0,53,1,0.134,0
2,5062.0,1,3,0,0,209,0,0.065,0
6,20852.0,0,2,0,0,100,0,0.346,0
1,4144.0,0,1,0,0,126,0,0.142,0
7,23401.0,0,0,0,0,236,0,0.132,0
3,8407.0,0,1,0,0,200,0,0.04,0
1,3555.0,0,3,0,0,1,0,0.2,0
3,8808.0,0,3,0,0,118,1,0.259,0
1,3923.0,0,2,0,0,53,0,0.317,0
8,20771.0,0,3,0,0,3,1,0.331,0
4,12716.0,0,2,0,0,298,0,0.015,0
2,8341.0,0,2,0,0,52,0,0.137,0
1,4097.0,1,2,0,0,74,1,0.027,0
4,13926.0,1,2,0,0,130,0,0.052,0
3,7040.0,0,1,0,0,150,0,0.143,0
1,4847.0,1,4,0,0,197,0,0.04,0
5,12833.0,1,2,0,0,149,0,0.199,0
3,6383.0,0,1,0,0,141,1,0.199,0
1,2135.0,0,1,0,0,191,0,0.557,0
7,27151.0,0,0,0,0,125,0,0.231,1
1,3711.0,0,3,0,0,73,0,0.268,0
1,3362.0,0,1,0,0,166,0,0.208,0
2,6034.0,0,1,0,0,5,0,0.48,0
4,13298.0,0,2,0,0,29,0,0.329,1
2,6884.0,0,1,0,0,103,1,0.103,0
1,3201.0,0,1,0,0,52,0,0.111,0
1,2028.0,1,3,0,0,154,0,0.263,0
2,8050.0,0,3,0,0,239,0,0.213,0
2,5053.0,0,2,0,1,165,1,0.027,0
4,9057.0,1,5,0,0,159,0,0.273,0
2,5824.0,0,2,0,0,14,0,0.272,0
2,4867.0,0,2,0,0,57,0,0.201,1
1,3163.0,1,2,0,0,5,0,0.047,0
3,8798.0,0,0,0,0,86,0,0.017,0
2,5722.0,1,1,0,0,8,0,0.26,0
3,7058.0,0,3,0,0,4,0,0.173,0
3,7453.0,0,2,0,0,65,0,0.062,0
1,3438.0,0,3,0,0,99,0,0.195,0
1,3708.0,2,3,0,0,60,0,0.1,0
9,30110.0,0,3,0,0,31,0,0.194,0
3,9261.0,0,3,1,0,86,0,0.127,0
8,27136.0,0,1,0,0,67,0,0.114,0
3,7113.0,1,1,0,0,0,0,0.353,0
2,6351.0,0,2,0,0,141,0,0.12,0
2,5646.0,0,3,0,0,93,0,0.063,0
3,11601.0,0,1,0,0,2,0,0.104,1
2,7248.0,1,3,0,0,44,0,0.33,0
6,23801.0,0,1,0,0,76,0,0.021,0
7,20033.0,0,2,1,0,117,0,0.137,0
6,17236.0,2,3,0,0,64,0,0.29,1
2,6510.0,0,2,0,0,177,1,0.139,0
8,33666.0,3,3,0,0,205,0,0.051,1
1,3938.0,0,1,0,0,44,0,0.064,0
2,6259.0,0,0,0,0,66,1,0.433,0
1,3291.0,0,2,0,0,38,0,0.273,0
3,10014.0,0,4,1,0,13,0,0.225,0
8,19917.0,0,5,0,0,176,0,0.154,1
2,4943.0,0,0,0,0,107,1,0.057,0
4,14599.0,1,3,0,0,104,0,0.297,0
1,3881.0,0,3,0,0,145,0,0.264,0
1,2941.0,0,1,0,0,145,0,0.255,0
3,9674.0,0,1,0,0,251,0,0.341,0
1,4108.0,1,2,0,0,79,0,0.037,0
2,7470.0,0,3,0,0,16,0,0.245,0
2,4846.0,1,4,0,0,115,0,0.101,1
4,11886.0,0,5,0,0,183,0,0.122,0
8,27359.0,0,0,0,0,18,0,0.119,1
1,3550.0,0,0,0,0,112,1,0.171,0
5,17907.0,0,3,0,0,1,0,0.174,0
2,4733.0,0,5,0,0,148,0,0.418,0
1,3843.0,1,2,0,0,42,0,0.029,0
1,2072.0,0,1,0,0,10,0,0.155,0
1,4062.0,1,4,0,0,21,0,0.171,0
3,11718.0,0,3,0,0,78,0,0.163,0
3,9539.0,3,6,0,0,12,0,0.062,0
2,4525.0,1,5,0,0,1,0,0.059,0
2,6010.0,0,1,0,0,78,0,0.282,0
6,21594.0,0,0,0,0,53,0,0.205,0
3,8394.0,1,1,0,0,120,0,0.323,0
3,8414.0,4,8,0,0,75,0,0.421,1
2,6772.0,0,1,0,0,16,0,0.14,0
1,2796.0,3,5,0,0,145,0,0.123,0
7,21364.0,2,4,0,0,28,0,0.194,0
2,8320.0,0,1,0,0,3,0,0.174,0
5,13902.0,0,2,0,0,124,0,0.185,0
5,21524.0,1,4,1,0,66,1,0.071,1
3,10159.0,0,1,0,0,0,0,0.434,0
3,11151.0,0,3,0,0,103,0,0.333,0
1,3855.0,1,1,0,0,12,0,0.195,0
1,3021.0,0,0,1,0,232,0,0.127,0
4,13417.0,1,6,0,0,124,0,0.031,0
1,4030.0,0,0,0,0,142,0,0.251,0
3,8855.0,0,0,0,0,82,0,0.098,0
7,24458.0,0,2,0,0,85,0,0.152,0
1,3441.0,0,2,0,0,65,0,0.287,0
2,4559.0,0,1,0,0,20,0,0.119,0
6,18376.0,1,2,0,0,42,0,0.143,0
7,20250.0,0,1,0,0,3,0,0.193,0
1,3034.0,0,2,0,0,34,0,0.361,0
2,7044.0,2,5,0,0,81,0,0.054,0
1,3626.0,0,5,0,0,144,0,0.195,0
6,20520.0,1,1,0,0,51,0,0.31,0
1,3043.0,0,1,1,0,52,1,0.046,1
1,2113.0,0,1,0,0,140,0,0.058,0
5,17979.0,1,3,0,0,110,1,0.224,0
1,2968.0,0,2,1,0,90,0,0.052,0
6,13939.0,0,2,0,0,45,0,0.266,0
1,2810.0,0,1,0,0,88,0,0.125,0
7,24731.0,1,4,0,0,77,0,0.11,0
4,9022.0,0,3,0,0,72,0,0.124,0
1,4554.0,1,2,0,0,86,0,0.09,0
2,6422.0,0,3,0,0,63,1,0.452,0
5,13181.0,1,1,0,0,51,0,0.332,0
1,4539.0,0,1,0,0,146,0,0.102,0
1,3016.0,2,7,0,0,30,1,0.02,1
10,33390.0,2,3,0,0,80,0,0.128,1
1,4466.0,1,1,0,1,21,0,0.148,0
3,6812.0,0,3,0,0,12,0,0.451,0
2,6970.0,2,3,0,0,116,0,0.134,0
1,4495.0,0,4,0,0,0,0,0.504,1
3,8874.0,2,7,0,0,284,0,0.157,0
8,31203.0,0,4,0,0,130,0,0.111,1
4,9019.0,0,3,0,0,60,0,0.227,0
1,2401.0,0,1,0,0,88,0,0.183,0
1,4300.0,0,1,1,0,16,0,0.143,0
3,7498.0,0,0,0,0,41,0,0.089,0
2,4996.0,1,4,0,0,100,1,0.129,0
4,12725.0,0,2,0,0,66,0,0.377,0
1,4077.0,0,0,0,0,12,0,0.176,1
10,36970.0,0,0,0,0,123,0,0.102,1
3,10868.0,2,5,0,0,126,1,0.072,0
2,7260.0,0,0,0,0,98,0,0.19,0
9,31679.0,1,5,0,0,81,0,0.214,1
7,22642.0,1,3,0,0,101,0,0.077,0
8,29848.0,3,4,0,0,128,0,0.093,1
5,19234.0,2,2,0,1,88,0,0.105,0
4,10909.0,0,5,0,0,1,0,0.381,0
8,18386.0,0,5,1,0,8,1,0.391,0
1,2053.0,0,0,0,0,28,1,0.04,0
3,10934.0,2,7,0,0,61,0,0.068,1
1,2265.0,0,4,0,0,87,0,0.017,0
2,6925.0,0,4,0,0,67,0,0.186,0
3,7501.0,2,5,0,0,74,0,0.479,0
7,25725.0,0,1,0,0,56,0,0.045,0
1,2537.0,0,3,0,0,147,0,0.443,0
3,8677.0,0,4,0,1,123,0,0.082,1
3,7828.0,3,5,0,0,0,0,0.228,0
3,10486.0,2,4,0,0,76,0,0.166,0
1,3712.0,1,1,0,0,136,0,0.489,1
2,4343.0,0,2,0,0,95,0,0.063,0
1,3216.0,1,5,0,0,232,1,0.084,1
2,8011.0,1,5,0,0,106,0,0.451,0
2,8242.0,2,5,0,0,167,0,0.105,0
3,7788.0,0,0,0,0,9,0,0.166,0
4,10332.0,3,8,0,1,30,0,0.323,0
7,18700.0,0,3,0,0,130,0,0.166,0
3,7531.0,0,1,0,0,53,0,0.153,0
6,23834.0,0,3,0,0,2,0,0.085,0
1,3593.0,1,3,0,0,174,0,0.252,0
2,5758.0,1,2,0,1,44,0,0.366,0
4,11356.0,1,2,0,0,161,0,0.142,0
1,4661.0,0,2,0,0,123,0,0.138,0
2,6010.0,2,2,0,0,60,0,0.146,1
4,12387.0,0,1,0,1,2,0,0.039,1
2,5515.0,1,2,0,0,11,0,0.246,1
1,2729.0,0,1,0,0,101,0,0.213,0
2,4543.0,0,2,0,0,99,0,0.122,0
8,22439.0,0,1,0,0,211,0,0.028,0
1,3804.0,0,2,0,0,68,0,0.189,0
6,15884.0,1,3,0,0,27,0,0.274,0
1,1783.0,1,1,1,0,30,0,0.675,0
4,15038.0,1,5,0,0,127,0,0.119,0
8,22664.0,0,0,0,0,90,1,0.059,0
1,3209.0,0,0,0,0,48,0,0.145,0
1,3635.0,1,5,0,0,42,1,0.093,1
4,9952.0,4,9,0,0,147,1,0.12,1
1,2559.0,1,2,0,0,104,0,0.211,0
10,29534.0,0,0,0,0,100,0,0.047,0
2,7307.0,0,1,0,0,81,0,0.355,0
2,5491.0,0,0,0,0,62,0,0.063,0
2,6594.0,0,2,0,0,27,1,0.22,0
1,4409.0,1,3,0,0,227,0,0.426,1
6,14183.0,0,3,0,1,53,0,0.175,0
2,5195.0,3,7,0,0,70,0,0.186,1
1,3335.0,0,0,0,0,82,0,0.138,0
2,6548.0,0,0,0,0,33,0,0.454,0
4,10324.0,2,4,0,0,110,0,0.155,0
1,3157.0,0,5,1,0,125,0,0.113,1
3,9768.0,1,4,0,0,72,0,0.219,0
6,16860.0,0,0,0,0,70,0,0.295,0
6,19282.0,0,1,0,0,82,0,0.39,0
6,13472.0,0,5,0,0,118,0,0.119,0
1,2811.0,1,3,0,0,36,0,0.283,0
2,6066.0,0,2,0,0,34,0,0.108,0
2,7736.0,0,4,0,0,62,0,0.207,1
2,8052.0,0,2,0,0,105,0,0.141,0
2,6461.0,1,2,0,0,36,0,0.071,0
2,4518.0,0,5,0,0,47,0,0.268,0
3,9073.0,1,2,0,0,68,0,0.472,0
6,23857.0,0,3,0,0,147,0,0.134,0
2,5425.0,0,5,0,0,10,0,0.241,0
4,15829.0,0,2,0,0,105,0,0.129,0
4,12168.0,0,3,0,0,30,0,0.169,0
1,1955.0,0,2,0,0,101,0,0.218,1
1,3428.0,0,1,1,0,89,0,0.282,0
2,7976.0,0,2,0,0,266,0,0.114,1
2,8316.0,0,2,0,0,79,0,0.248,0
2,7120.0,3,5,0,0,65,0,0.085,1
1,2822.0,0,0,0,0,66,1,0.421,0
3,12139.0,0,5,0,0,7,1,0.093,0
3,11754.0,1,2,0,0,141,0,0.101,0
1,4149.0,1,2,0,0,25,0,0.074,0
8,24328.0,0,2,0,1,66,0,0.047,1
1,4059.0,1,4,0,0,275,0,0.206,0
1,4982.0,0,0,0,0,39,0,0.259,0
2,4281.0,1,1,0,0,80,0,0.287,0
1,2722.0,1,6,0,0,90,0,0.146,0
2,6513.0,3,3,0,0,120,0,0.391,0
2,8098.0,1,1,0,0,167,0,0.176,0
4,16006.0,0,2,0,0,34,0,0.559,0
1,3793.0,0,3,0,0,30,0,0.297,0
4,9161.0,0,0,0,0,133,0,0.341,0
3,10831.0,1,2,1,0,74,0,0.058,0
1,3607.0,0,0,0,0,60,0,0.304,1
2,6083.0,1,2,0,0,9,0,0.037,0
3,12746.0,1,3,0,0,15,0,0.126,0
2,5695.0,0,0,0,0,68,1,0.223,0
1,2948.0,0,5,0,0,19,0,0.219,0
3,6710.0,0,3,0,0,41,0,0.259,0
6,17997.0,0,0,0,0,141,0,0.049,0
4,10008.0,1,4,0,0,63,0,0.218,0
1,3003.0,1,4,0,0,304,0,0.085,0
1,3740.0,0,4,0,0,12,0,0.19,0
2,7670.0,0,5,0,0,106,0,0.377,1
1,4026.0,0,1,0,0,75,0,0.27,0
4,14337.0,0,3,0,0,130,0,0.065,0
2,5440.0,1,2,0,0,18,0,0.151,0
8,25604.0,1,6,0,0,46,0,0.499,0
1,3394.0,0,3,1,0,14,1,0.068,0
2,5937.0,0,1,0,0,103,0,0.218,0
10,23508.0,0,2,0,1,35,0,0.304,1
4,12659.0,1,4,0,1,135,0,0.362,0
2,5006.0,4,9,0,0,31,0,0.173,1
3,9657.0,2,2,0,0,13,0,0.194,0
2,6908.0,1,4,0,0,155,0,0.065,0
2,7201.0,0,2,0,0,57,1,0.197,0
3,9843.0,0,0,0,1,88,0,0.14,0
10,26687.0,1,2,0,0,43,0,0.215,0
1,3147.0,0,2,0,0,178,0,0.135,1
2,5068.0,1,2,0,0,56,0,0.327,0
1,3374.0,0,4,0,0,230,0,0.27,0
1,4656.0,0,0,0,0,29,0,0.304,0
1,2887.0,0,1,0,0,14,0,0.361,0
4,12098.0,0,1,1,0,31,0,0.091,0
1,3761.0,0,1,0,0,0,1,0.491,0
2,4941.0,2,3,0,0,121,0,0.114,1
2,7456.0,0,3,0,0,4,0,0.065,0
6,17976.0,0,0,0,0,44,0,0.092,0
1,3355.0,0,2,0,0,35,0,0.214,0
1,3733.0,1,3,0,0,41,1,0.175,0
1,2245.0,0,1,0,0,53,0,0.221,0
5,17739.0,0,2,1,0,80,1,0.099,0
1,4042.0,0,1,0,0,46,0,0.113,1
6,14288.0,0,1,0,1,72,0,0.196,0
2,6276.0,0,0,0,0,5,0,0.271,0
3,7169.0,0,0,0,0,49,0,0.058,0
3,8163.0,0,0,0,0,66,0,0.068,0
4,10968.0,0,4,0,0,36,0,0.24,1
2,7744.0,2,3,0,0,25,0,0.162,0
4,14135.0,3,6,0,1,125,0,0.357,0
1,2478.0,0,4,0,0,122,0,0.044,0
2,7624.0,0,3,0,0,10,0,0.136,0
1,3753.0,1,6,1,0,194,0,0.117,1
1,3743.0,1,3,0,0,34,0,0.244,0
1,4674.0,1,2,0,0,70,0,0.189,0
8,26384.0,0,1,0,0,17,0,0.113,0
2,5487.0,1,3,0,0,10,1,0.373,0
2,8243.0,2,3,0,1,18,0,0.239,0
4,13899.0,0,3,0,0,2,0,0.411,0
3,8009.0,0,1,0,0,18,0,0.246,0
2,4302.0,0,3,0,0,10,0,0.286,0
6,20358.0,0,2,0,0,114,0,0.262,0
7,29899.0,0,2,0,0,94,0,0.426,0
3,9801.0,0,0,0,0,27,0,0.32,0
6,24431.0,0,1,0,0,85,0,0.244,0
2,7533.0,2,4,0,0,154,0,0.143,0
1,4247.0,3,5,1,0,87,0,0.161,0
1,4507.0,0,0,0,1,24,0,0.147,0
1,2137.0,0,1,0,0,113,0,0.285,0
2,4662.0,2,3,0,0,79,0,0.24,0
1,4063.0,0,0,0,0,51,0,0.155,0
1,2105.0,0,2,0,0,21,0,0.397,0
1,3789.0,0,1,0,0,87,0,0.256,0
5,18567.0,0,4,0,0,102,0,0.368,0
1,4498.0,1,3,0,1,173,0,0.102,1
3,7642.0,0,2,0,0,95,0,0.22,0
2,5830.0,1,4,0,0,23,0,0.13,0
3,8947.0,0,1,0,1,119,0,0.11,0
1,2391.0,0,2,0,1,206,0,0.055,0
3,9049.0,0,4,0,0,61,0,0.184,1
1,3910.0,1,4,0,0,5,0,0.089,0
8,20552.0,1,2,0,0,160,0,0.153,0
1,4902.0,1,1,0,0,127,0,0.452,0
3,10329.0,1,2,0,0,9,0,0.403,0
2,8738.0,0,1,0,0,182,0,0.08,0
2,7733.0,0,5,0,0,148,0,0.092,0
1,3379.0,1,3,0,0,144,1,0.338,0
2,8253.0,1,3,0,0,172,0,0.094,0
9,22398.0,1,4,0,0,44,0,0.113,1
3,6933.0,2,3,0,0,5,0,0.174,0
3,7323.0,0,1,0,0,7,0,0.37,0
8,23139.0,0,5,0,0,159,0,0.164,0
1,3987.0,0,0,0,0,115,0,0.553,0
3,8706.0,4,5,0,0,103,0,0.173,0
1,3116.0,0,1,0,0,0,0,0.434,1
9,35891.0,2,6,0,0,6,0,0.046,1
10,38090.0,0,4,0,0,12,1,0.053,0
1,3313.0,0,1,0,0,22,0,0.194,0
1,3958.0,0,2,0,0,47,0,0.113,0
1,4095.0,2,3,0,0,292,1,0.268,1
2,7400.0,0,1,0,0,17,0,0.216,0
1,3340.0,0,1,0,0,45,0,0.067,0
1,3007.0,0,5,0,0,292,0,0.423,1
9,29162.0,1,3,0,0,33,0,0.145,0
3,6861.0,0,1,0,0,36,0,0.213,0
5,17245.0,0,4,0,0,29,0,0.129,0
2,5872.0,0,2,0,0,81,0,0.189,0
10,39095.0,0,3,0,0,2,1,0.413,0
2,6587.0,1,3,0,0,54,0,0.179,1
8,32497.0,0,3,0,0,125,0,0.18,0
2,4727.0,0,1,0,0,69,0,0.079,0
7,25205.0,3,3,0,0,65,0,0.15,1
4,8859.0,0,3,0,0,3,0,0.237,0
8,24528.0,1,5,0,0,106,0,0.093,0
1,2729.0,1,1,0,0,183,0,0.174,0
3,10207.0,0,3,0,0,222,0,0.327,0
2,4595.0,1,3,0,1,122,0,0.028,0
8,20608.0,0,2,1,0,63,0,0.058,0
4,9965.0,0,0,0,0,85,0,0.178,0
2,5606.0,0,3,0,0,79,0,0.126,0
1,4814.0,1,6,0,0,85,0,0.049,0
2,8051.0,1,2,0,0,8,0,0.118,0
2,5715.0,0,3,0,0,222,0,0.202,0
1,4054.0,2,5,0,0,117,1,0.244,0
2,7075.0,1,4,0,0,39,0,0.011,0
4,14098.0,1,3,0,0,45,1,0.299,0
1,3385.0,2,3,0,1,232,0,0.09,0
7,26373.0,0,2,0,0,66,0,0.53,1
2,4558.0,3,5,1,0,21,0,0.096,0
6,14473.0,0,0,0,0,209,0,0.458,0
4,11854.0,0,1,0,0,67,0,0.32,0
7,27972.0,0,3,0,0,56,1,0.318,0
4,15587.0,1,6,0,0,28,0,0.153,0
3,12366.0,0,2,0,0,121,0,0.258,0
3,8792.0,0,3,0,0,12,1,0.113,0
2,6729.0,0,3,0,0,47,1,0.56,0
7,28963.0,0,1,0,0,49,0,0.049,1
3,12965.0,0,1,0,0,73,0,0.161,0
3,9066.0,1,3,0,0,231,0,0.22,0
8,29720.0,1,6,0,1,114,0,0.149,1
7,24757.0,0,3,0,0,82,0,0.088,0
3,10546.0,0,5,0,0,111,0,0.153,0
2,8932.0,1,6,0,0,208,0,0.198,1
1,3336.0,1,6,1,0,93,0,0.399,0
7,24109.0,2,2,0,1,14,0,0.097,0
1,2439.0,2,2,0,0,22,0,0.214,0
6,14729.0,0,5,0,0,103,0,0.124,1
2,8702.0,1,1,0,0,31,0,0.325,0
4,12745.0,1,1,0,0,60,0,0.261,0
4,9773.0,0,4,0,0,130,0,0.277,0
2,5928.0,0,1,0,0,0,0,0.298,0
2,8577.0,1,5,0,0,173,0,0.551,1
2,5681.0,0,2,0,0,130,0,0.241,0
8,26096.0,2,2,0,0,17,0,0.145,0
1,3165.0,1,3,0,0,17,0,0.095,0
5,16618.0,0,1,0,1,84,0,0.117,0
8,21697.0,0,0,0,0,132,0,0.439,1
3,8616.0,0,1,0,0,135,0,0.081,0
2,4906.0,0,5,0,0,56,1,0.271,0
3,9081.0,0,5,0,0,173,0,0.072,0
7,18478.0,3,3,0,0,21,0,0.042,1
2,5199.0,1,1,0,0,114,0,0.059,0
1,3422.0,0,2,0,0,59,0,0.21,1
2,6062.0,1,6,0,0,98,1,0.158,0
2,5338.0,0,2,0,0,51,0,0.327,0
8,22896.0,1,1,0,0,57,0,0.196,1
4,11009.0,0,2,0,0,127,1,0.219,0
2,8461.0,1,1,0,1,194,0,0.438,0
8,30995.0,0,3,0,0,180,0,0.096,0
8,30527.0,2,2,0,0,138,0,0.497,0
3,7980.0,0,3,0,0,35,0,0.393,0
3,9902.0,0,4,0,0,67,0,0.336,0
1,2973.0,1,3,0,0,77,0,0.344,1
7,27363.0,0,0,0,1,4,0,0.324,0
6,16177.0,0,3,0,0,51,0,0.123,0
1,4170.0,0,4,0,0,9,1,0.135,0
2,7678.0,1,4,0,0,185,0,0.466,0
4,9703.0,2,6,0,0,99,0,0.159,0
5,18852.0,3,4,0,1,20,0,0.066,0
2,4330.0,0,4,0,0,4,1,0.229,0
2,6932.0,1,1,0,0,192,0,0.115,0
1,1935.0,0,0,0,0,7,0,0.147,0
7,28621.0,0,0,0,0,113,1,0.386,0
1,3639.0,0,0,1,0,8,0,0.072,0
1,4256.0,0,2,0,0,9,0,0.093,0
3,8284.0,0,0,0,0,45,0,0.089,0
2,5593.0,0,0,0,1,13,1,0.342,1
4,12832.0,2,2,0,0,38,0,0.042,0
1,3493.0,0,5,1,0,89,0,0.126,1
4,10442.0,1,5,0,0,118,0,0.284,0
2,4622.0,0,0,0,0,286,0,0.237,0
2,5982.0,0,5,0,0,41,0,0.171,0
1,2700.0,1,3,0,0,199,0,0.163,0
3,7994.0,1,4,0,0,264,0,0.177,0
3,10543.0,2,7,0,1,162,0,0.553,1
2,7588.0,1,3,0,0,8,0,0.133,0
2,6826.0,0,2,0,0,3,0,0.114,0
4,15030.0,0,1,0,0,183,0,0.115,0
1,3951.0,0,2,0,1,37,0,0.1,0
3,9715.0,0,5,0,0,304,1,0.099,0
1,2167.0,0,1,0,0,46,0,0.179,0
5,20760.0,2,5,1,0,65,0,0.056,0
1,2179.0,0,1,0,1,72,0,0.107,0
5,13052.0,0,4,0,0,48,0,0.197,0
3,6580.0,2,3,0,0,13,0,0.15,0
1,4561.0,0,5,0,0,227,0,0.045,1
3,11502.0,0,5,0,0,48,0,0.246,0
2,7502.0,0,2,0,1,189,0,0.092,0
2,5425.0,0,0,0,0,29,0,0.035,0
8,23127.0,2,3,0,1,20,0,0.354,1
1,3906.0,0,0,0,0,8,0,0.496,0
5,19559.0,1,3,0,0,26,0,0.252,0
8,24669.0,0,0,0,0,26,0,0.306,0
2,5090.0,0,2,0,0,221,0,0.112,0
3,7590.0,0,4,0,0,54,0,0.025,0
4,15735.0,0,3,0,0,81,0,0.164,0
2,4736.0,0,0,1,0,85,1,0.031,0
4,9986.0,2,6,0,1,34,1,0.107,0
7,24376.0,0,2,0,1,91,0,0.287,0
6,17838.0,0,0,0,0,127,0,0.18,0
3,12280.0,0,2,0,0,108,0,0.051,0
1,4384.0,1,6,0,0,144,0,0.08,0
9,35558.0,0,2,0,0,134,0,0.246,1
1,4285.0,0,2,0,0,25,0,0.382,0
2,7996.0,0,3,0,0,65,0,0.184,0
1,2261.0,0,0,0,0,31,0,0.329,0
2,4559.0,0,2,0,1,73,0,0.207,0
1,3104.0,1,5,0,0,10,0,0.165,0
3,12676.0,2,7,0,0,137,0,0.229,0
1,5037.0,0,5,0,1,178,0,0.148,0
6,13909.0,2,3,0,0,136,0,0.443,1
1,3453.0,0,5,0,0,249,0,0.311,0
1,3711.0,0,0,0,0,14,0,0.402,0
3,6813.0,3,4,0,0,77,0,0.159,0
8,19027.0,3,3,0,0,134,0,0.076,1
3,11028.0,0,3,0,0,99,0,0.319,0
3,7358.0,0,4,0,0,80,0,0.254,0
7,25795.0,0,2,0,0,200,0,0.03,0
3,8079.0,0,0,0,0,180,0,0.178,0
1,2693.0,1,1,1,0,226,0,0.012,0
1,2792.0,0,3,0,0,18,0,0.145,0
3,7378.0,0,1,0,0,147,0,0.248,0
1,2234.0,1,3,0,0,2,0,0.061,0
2,7026.0,1,2,0,0,43,0,0.218,0
2,7175.0,0,3,0,0,81,0,0.09,0
1,3347.0,0,5,0,0,127,0,0.222,0
2,8999.0,1,4,0,0,64,0,0.07,0
4,9916.0,0,2,0,0,21,0,0.161,0
1,3518.0,0,0,0,0,118,0,0.382,0
2,6777.0,0,0,0,0,71,0,0.081,0
6,18928.0,0,0,1,0,93,0,0.124,0
2,7072.0,1,1,0,0,42,0,0.295,0
4,15832.0,0,0,0,0,56,0,0.046,0
3,7609.0,0,1,0,0,102,1,0.206,0
2,4642.0,0,0,0,0,141,0,0.319,0
4,10435.0,1,2,0,0,147,0,0.25,1
4,11915.0,0,2,0,0,144,0,0.17,0
3,11481.0,0,2,0,1,103,0,0.016,0
1,3173.0,0,2,0,0,12,0,0.281,0
1,3983.0,1,4,0,0,169,0,0.287,0
4,13193.0,0,4,0,0,37,0,0.132,0
4,8837.0,0,1,0,0,10,0,0.489,0
9,36664.0,0,5,0,0,132,0,0.312,1
1,4522.0,0,2,0,0,30,0,0.141,0
1,2693.0,0,2,1,0,163,0,0.057,0
8,32891.0,0,2,0,0,264,0,0.248,0
1,2326.0,2,2,0,0,15,0,0.268,0
10,41260.0,1,6,0,0,9,0,0.103,1
2,6511.0,3,8,0,0,202,0,0.265,0
7,20891.0,0,3,0,0,75,0,0.095,0
1,1969.0,2,5,0,0,83,0,0.233,1
4,16331.0,0,1,0,0,59,0,0.168,0
2,7252.0,0,0,0,0,10,1,0.21,0
8,18247.0,1,1,0,0,105,1,0.184,0
3,9546.0,1,1,0,0,98,1,0.151,0
6,15240.0,1,4,0,0,40,0,0.196,0
2,7042.0,0,0,0,0,123,0,0.311,0
1,2162.0,0,1,0,0,158,0,0.072,1
2,7938.0,0,3,0,0,88,1,0.149,0
4,8821.0,0,2,0,0,80,0,0.223,0
2,7780.0,0,1,0,0,39,0,0.07,0
1,4488.0,1,1,0,0,54,0,0.353,0
2,7308.0,0,2,0,0,53,0,0.154,0
2,7319.0,0,3,0,0,255,1,0.072,1
3,6673.0,1,6,0,0,34,0,0.156,0
1,3147.0,0,2,0,0,119,1,0.207,0
5,18353.0,0,2,0,0,103,0,0.298,0
3,10721.0,0,1,0,0,167,0,0.194,0
1,4428.0,3,6,0,0,32,0,0.315,1
7,18045.0,1,4,0,0,209,0,0.075,0
8,33824.0,0,0,0,0,126,1,0.346,1
1,3826.0,0,1,0,0,77,0,0.162,0
1,3398.0,2,2,0,0,390,0,0.056,0
3,10099.0,0,1,0,0,58,0,0.207,0
1,3415.0,0,2,0,0,57,1,0.055,0
8,21183.0,0,3,0,0,67,0,0.198,1
5,17362.0,0,0,0,0,119,0,0.3,0
2,8502.0,0,2,0,0,17,0,0.127,0
3,9501.0,2,6,0,0,42,0,0.229,0
2,4717.0,0,2,0,0,220,0,0.276,0
10,33888.0,0,3,0,0,0,1,0.103,1
8,21904.0,0,3,0,0,23,0,0.23,0
6,16350.0,1,1,0,0,27,0,0.081,0
6,24233.0,1,6,0,0,116,0,0.167,0
9,30510.0,0,1,0,0,69,0,0.18,0
3,11622.0,0,0,0,0,13,0,0.445,0
6,14187.0,1,2,0,0,139,0,0.045,0
10,30594.0,0,2,0,0,54,0,0.106,0
4,16266.0,0,3,0,0,19,0,0.231,0
5,21396.0,0,4,0,0,176,0,0.203,0
4,10646.0,0,1,0,0,39,0,0.471,0
1,4152.0,1,3,0,0,128,0,0.282,0
7,17543.0,0,2,0,1,59,0,0.253,0
6,20744.0,2,4,0,0,12,1,0.224,0
3,7457.0,0,1,0,0,76,1,0.176,0
8,27889.0,0,5,0,0,26,0,0.186,0
6,19454.0,0,0,0,0,117,0,0.621,0
2,7556.0,1,5,1,0,64,0,0.176,0
2,5400.0,0,1,0,0,105,0,0.109,0
5,20660.0,0,5,0,0,20,0,0.145,0
1,3496.0,2,2,0,0,18,0,0.261,0
6,24248.0,0,0,0,0,59,0,0.281,0
4,13271.0,0,0,0,0,49,0,0.146,0
6,13957.0,0,2,0,0,23,0,0.022,0
2,6588.0,1,1,0,1,143,0,0.44,0
3,12060.0,1,4,0,0,9,0,0.249,0
3,9077.0,0,2,0,0,230,0,0.068,0
3,6838.0,2,6,0,0,46,0,0.126,1
2,6117.0,0,0,0,0,165,0,0.017,0
1,2875.0,0,0,0,0,212,0,0.184,0
1,2881.0,0,5,0,0,55,0,0.189,0
1,3197.0,2,3,0,0,1,0,0.234,0
3,11779.0,0,1,0,0,7,0,0.087,0
8,25942.0,0,5,0,0,244,0,0.257,0
2,4970.0,0,1,0,0,14,0,0.111,0
1,3733.0,1,2,0,0,32,0,0.081,0
9,35473.0,0,3,0,0,78,0,0.184,0
7,18398.0,1,5,0,0,113,1,0.121,0
1,2117.0,0,2,1,0,152,0,0.078,0
3,7375.0,1,2,0,0,59,0,0.243,0
2,5212.0,0,2,0,0,100,0,0.043,0
1,2830.0,1,2,1,0,47,0,0.205,0
3,9278.0,0,0,0,0,78,0,0.15,0
1,3093.0,0,3,0,0,16,0,0.129,1
2,6470.0,0,1,0,0,15,0,0.061,0
6,18348.0,0,0,0,0,16,0,0.014,1
1,3412.0,0,2,0,0,1,0,0.019,0
2,8025.0,2,3,0,0,9,0,0.177,0
2,6357.0,0,2,0,0,32,0,0.094,0
3,8875.0,0,1,0,0,61,0,0.048,0
1,2962.0,0,1,0,0,53,1,0.275,0
2,7836.0,0,1,0,0,2,1,0.068,1
2,6087.0,3,6,0,1,137,0,0.172,0
4,16883.0,0,3,0,0,146,0,0.145,0
2,6557.0,1,3,0,0,116,0,0.201,0
1,4171.0,0,0,0,0,162,1,0.255,0
8,28644.0,0,0,0,0,100,0,0.339,1
1,4437.0,2,2,0,1,7,0,0.181,0
4,10307.0,0,1,0,0,78,0,0.309,0
5,16336.0,3,5,0,1,148,0,0.067,0
2,8203.0,0,3,0,0,20,0,0.177,0
1,3399.0,1,4,0,0,44,0,0.12,0
1,3967.0,0,2,0,0,3,0,0.063,0
1,3702.0,0,5,0,1,253,0,0.531,0
6,22397.0,1,2,0,0,39,0,0.078,0
5,18145.0,0,2,0,0,201,0,0.113,0
4,16647.0,0,0,0,0,89,0,0.092,0
4,9813.0,0,4,0,0,24,0,0.076,0
2,7642.0,0,1,0,0,32,1,0.132,0
2,5698.0,1,4,0,0,20,0,0.121,0
2,5239.0,0,2,0,0,200,1,0.214,0
4,14816.0,0,3,0,0,193,0,0.049,0
3,10553.0,0,1,0,0,60,0,0.371,0
1,3986.0,1,1,0,1,68,0,0.055,0
3,11457.0,1,3,0,0,2,0,0.329,0
1,2587.0,3,5,0,0,81,0,0.316,0
2,5357.0,1,4,0,0,160,0,0.281,1
6,15278.0,2,2,0,0,57,0,0.314,0
1,3520.0,1,2,0,0,111,0,0.178,0
8,21584.0,1,1,0,0,170,0,0.069,0
2,5503.0,0,1,0,0,49,0,0.123,0
3,11912.0,0,2,0,0,139,0,0.1,0
4,14810.0,1,4,0,0,106,0,0.449,0
3,11103.0,0,0,0,1,18,0,0.215,0
5,10950.0,0,3,0,0,121,0,0.04,0
6,22891.0,0,1,0,0,15,0,0.135,0
1,3208.0,0,1,0,0,24,0,0.09,0
2,8039.0,0,0,0,0,151,0,0.076,0
8,30064.0,0,3,0,0,89,0,0.26,0
1,2960.0,0,1,0,0,23,0,0.177,0
1,3787.0,0,0,0,0,110,0,0.27,0
6,19926.0,0,2,0,0,27,0,0.101,0
2,5080.0,0,1,0,0,149,0,0.119,0
2,5575.0,2,5,0,0,9,0,0.548,0
3,10492.0,0,5,0,0,184,0,0.179,0
2,6636.0,0,3,0,0,100,0,0.115,0
1,3414.0,0,0,0,0,77,0,0.511,0
3,9300.0,0,0,0,0,23,1,0.073,0
5,15038.0,2,3,0,0,173,0,0.014,0
1,2078.0,1,3,0,0,301,1,0.221,0
4,10746.0,0,1,0,0,176,0,0.046,0
6,15117.0,1,4,0,0,15,0,0.216,0
2,4342.0,0,5,0,0,60,0,0.121,1
3,10133.0,0,1,0,0,132,0,0.188,0
2,5494.0,0,4,0,0,65,0,0.129,0
6,18360.0,1,3,0,1,87,0,0.235,1
1,3376.0,1,3,0,0,59,0,0.079,0
1,2921.0,0,2,0,1,3,0,0.03,0
4,15684.0,0,5,0,0,46,0,0.095,0
6,22832.0,0,4,0,0,25,1,0.244,0
2,7283.0,0,0,0,0,157,0,0.114,0
4,10147.0,0,3,0,0,72,0,0.086,0
3,11633.0,1,4,0,0,156,0,0.149,0
2,8124.0,0,4,0,0,190,0,0.191,0
2,6674.0,0,0,0,0,130,0,0.099,0
1,3243.0,0,0,0,1,38,0,0.221,0
4,16364.0,3,4,0,0,126,0,0.085,0
3,10974.0,0,5,0,0,41,0,0.446,0
6,24617.0,3,8,0,0,50,1,0.16,0
4,10745.0,0,2,0,0,33,0,0.22,0
3,10558.0,0,3,0,0,26,0,0.053,0
1,3404.0,1,4,0,0,46,0,0.128,0
2,8310.0,1,1,0,1,209,0,0.401,0
2,9025.0,4,7,0,0,75,0,0.124,0
2,5770.0,0,4,0,0,169,0,0.318,1
1,3179.0,0,2,0,0,12,0,0.3,0
4,11239.0,0,0,0,0,15,0,0.205,0
2,7197.0,1,3,0,0,103,0,0.266,0
1,3498.0,0,0,0,0,106,0,0.459,0
3,12733.0,0,5,0,0,37,0,0.245,0
2,7929.0,0,1,0,0,146,0,0.175,0
8,21715.0,1,6,0,0,121,0,0.484,1
2,8182.0,0,4,0,0,53,0,0.098,0
5,19934.0,0,3,0,0,27,0,0.273,0
1,2731.0,2,4,0,0,195,0,0.275,0
3,11238.0,1,2,0,0,34,0,0.455,0
5,15070.0,0,1,0,1,9,0,0.261,0
5,19514.0,0,5,0,0,55,0,0.225,0
2,5038.0,0,1,0,0,2,0,0.062,0
1,4328.0,0,2,0,0,77,0,0.275,1
1,4426.0,0,4,0,0,17,0,0.216,0
2,6865.0,2,2,1,0,169,0,0.057,0
1,4215.0,0,1,0,0,79,0,0.391,0
4,16689.0,0,5,0,0,118,0,0.073,0
4,12592.0,0,2,0,0,120,0,0.124,0
3,8345.0,0,1,0,0,105,0,0.161,0
4,8810.0,0,1,0,0,20,0,0.332,0
2,6872.0,0,3,0,1,71,0,0.181,0
1,3083.0,0,0,0,0,16,0,0.325,0
1,3055.0,0,1,0,0,72,0,0.479,0
1,2356.0,1,4,0,0,20,0,0.219,0
2,5858.0,0,0,0,0,1,0,0.084,0
3,11474.0,1,2,0,0,198,0,0.313,0
2,5044.0,0,1,0,0,84,0,0.199,0
1,4778.0,0,1,0,0,37,0,0.183,0
2,6700.0,0,4,0,0,17,0,0.018,0
1,4478.0,0,4,1,0,47,1,0.072,0
7,28983.0,0,2,1,0,3,0,0.06,0
4,13791.0,1,1,0,0,154,0,0.165,0
1,2752.0,1,1,0,0,68,0,0.193,0
4,17203.0,0,2,0,0,8,0,0.201,0
2,4190.0,2,6,0,0,34,0,0.051,0
3,11918.0,1,3,0,0,209,0,0.046,0
8,31182.0,0,1,0,0,194,0,0.009,0
1,4348.0,0,0,0,1,155,0,0.279,0
1,3785.0,0,0,0,0,185,0,0.103,0
2,5706.0,3,4,0,0,208,0,0.196,0
6,17675.0,0,0,0,0,78,1,0.083,0
2,7833.0,0,2,0,0,4,0,0.011,0
9,20859.0,0,0,0,1,90,0,0.386,0
3,8084.0,0,1,0,0,134,0,0.252,0
2,6357.0,0,2,0,0,64,0,0.113,0
3,9326.0,0,3,0,0,144,0,0.095,0
5,14644.0,0,0,0,0,288,0,0.079,0
3,12693.0,0,4,0,1,84,0,0.178,0
1,2968.0,0,1,0,0,197,0,0.129,0
6,21369.0,0,1,0,0,96,0,0.182,0
1,3312.0,0,4,0,0,93,0,0.258,0
5,20493.0,1,2,0,0,104,0,0.253,0
2,8235.0,0,1,0,0,79,0,0.517,0
1,4021.0,0,0,0,0,250,0,0.423,0
2,7703.0,0,2,0,0,42,0,0.148,0
2,6029.0,0,5,0,0,65,1,0.309,0
1,3558.0,0,0,0,0,119,0,0.13,0
2,7250.0,0,5,0,0,8,0,0.026,0
4,16469.0,0,1,0,0,127,0,0.11,0
5,18169.0,1,2,0,0,63,0,0.174,0
3,7318.0,0,0,0,1,112,0,0.046,0
5,12020.0,0,4,0,0,94,0,0.146,0
10,26177.0,1,2,0,0,62,0,0.157,0
2,6362.0,1,3,0,0,81,0,0.082,0
5,13573.0,0,1,1,0,21,0,0.138,0
2,8262.0,3,5,0,0,78,0,0.073,1
1,4349.0,1,3,0,0,124,0,0.163,0
3,7608.0,0,2,1,0,21,0,0.11,0
2,7039.0,1,1,0,0,53,0,0.086,0
2,7763.0,1,4,0,1,244,0,0.104,0
2,6577.0,0,0,0,0,4,0,0.094,0
1,4177.0,0,5,0,0,79,0,0.282,1
1,3274.0,0,0,0,0,31,0,0.172,0
2,8479.0,0,3,0,0,31,1,0.2,0
7,22972.0,1,4,0,0,59,1,0.262,1
3,11260.0,3,7,0,0,113,0,0.39,0
3,9176.0,0,2,0,0,173,0,0.144,0
2,5317.0,1,2,0,0,191,0,0.194,0
1,3397.0,0,3,0,0,83,1,0.205,0
2,7008.0,0,2,0,0,70,1,0.153,0
3,8830.0,2,6,0,0,215,0,0.228,0
2,8086.0,0,1,0,0,158,0,0.115,0
4,12176.0,0,4,0,0,38,0,0.085,0
2,5324.0,0,4,0,0,240,0,0.125,0
1,2088.0,1,3,0,0,60,1,0.361,0
2,8239.0,0,2,0,0,112,0,0.023,0
3,7240.0,1,3,0,0,190,0,0.123,0
1,2938.0,0,5,0,0,42,0,0.2,0
4,17012.0,0,0,0,0,52,1,0.21,1
2,5116.0,2,6,0,0,50,0,0.148,1
5,15286.0,4,9,0,0,85,0,0.15,1
2,5822.0,2,5,0,0,52,0,0.186,0
2,5640.0,1,5,0,0,0,0,0.226,1
2,5614.0,0,5,0,0,210,0,0.122,0
2,6207.0,0,4,0,0,134,0,0.241,0
8,32457.0,1,2,0,0,32,0,0.19,0
2,6392.0,2,4,0,0,106,0,0.109,0
2,4352.0,1,4,0,0,25,1,0.307,0
8,26292.0,0,1,0,0,46,0,0.212,0
10,31744.0,0,3,0,0,19,0,0.27,0
3,10360.0,1,1,0,0,155,0,0.262,0
7,19310.0,2,2,0,0,214,0,0.114,0
1,4316.0,0,0,0,0,17,0,0.108,1
3,11234.0,4,4,0,0,37,1,0.129,1
5,12844.0,0,3,0,0,102,0,0.096,0
1,3426.0,2,3,0,0,72,1,0.32,0
3,6949.0,1,1,1,0,36,0,0.304,0
2,6186.0,0,3,0,0,82,0,0.254,0
1,3136.0,0,5,0,0,10,0,0.175,0
5,16165.0,2,2,0,0,97,0,0.189,0
1,3227.0,1,1,0,0,4,0,0.033,0
2,8873.0,0,2,0,0,18,0,0.406,0
2,6172.0,0,0,0,0,63,0,0.145,0
7,17380.0,1,6,0,0,115,0,0.211,0
2,7722.0,0,5,0,0,13,0,0.397,0
1,3315.0,3,4,0,0,99,0,0.101,0
8,26424.0,0,2,0,0,166,0,0.133,1
5,11353.0,3,5,0,0,29,0,0.097,0
2,7783.0,0,0,0,1,140,1,0.24,0
9,30531.0,1,6,0,1,27,0,0.238,1
1,2906.0,1,1,0,0,103,0,0.186,0
1,3821.0,0,3,0,1,29,0,0.082,0
3,7335.0,0,4,0,0,91,0,0.369,0
5,19142.0,0,2,0,1,65,0,0.129,0
1,3797.0,2,3,0,0,34,0,0.133,0
5,16461.0,1,5,0,0,29,1,0.169,1
6,15971.0,0,2,0,0,0,0,0.126,0
5,16920.0,0,4,0,0,35,0,0.157,0
2,4987.0,0,0,0,0,68,0,0.416,1
4,17250.0,0,4,0,0,32,1,0.058,0
1,2761.0,1,6,0,0,43,0,0.124,1
4,15946.0,0,5,1,0,109,0,0.158,0
2,6082.0,0,5,0,0,37,0,0.331,0
3,7672.0,0,0,0,0,15,0,0.21,0
2,4713.0,0,1,0,0,4,1,0.122,0
1,3257.0,1,3,0,0,43,0,0.134,0
3,12413.0,0,2,0,0,54,0,0.045,0
2,5191.0,0,2,0,0,141,0,0.148,0
1,4225.0,1,2,0,1,117,0,0.079,0
3,11940.0,2,2,0,0,45,0,0.162,0
2,7540.0,0,3,0,0,6,0,0.239,0
2,8654.0,0,5,0,0,79,0,0.14,0
3,12536.0,0,5,0,0,71,0,0.527,1
3,7271.0,2,3,0,0,162,0,0.112,0
2,7384.0,2,2,0,1,262,0,0.193,0
3,9987.0,0,2,0,0,47,0,0.36,0
2,5838.0,2,6,0,0,63,0,0.053,0
4,14171.0,3,4,0,0,25,0,0.163,1
5,14696.0,0,5,0,0,106,0,0.183,1
1,3831.0,2,4,0,0,84,0,0.106,0
2,4782.0,0,0,0,0,137,0,0.139,0
2,8081.0,1,4,0,0,53,0,0.195,0
4,9559.0,0,3,0,0,122,0,0.068,1
7,28416.0,0,1,0,0,44,0,0.035,0
1,3339.0,1,6,0,0,61,0,0.219,0
7,21925.0,0,2,0,0,19,0,0.124,0
2,7157.0,1,1,0,0,121,0,0.231,1
2,6925.0,1,2,0,0,139,0,0.224,0
9,29602.0,1,6,0,0,38,0,0.344,0
1,2635.0,0,2,0,0,95,1,0.09,0
3,8961.0,1,4,0,0,1,1,0.153,0
8,25921.0,0,4,0,0,76,0,0.091,0
2,4884.0,1,6,0,0,64,0,0.087,0
7,21679.0,0,0,0,0,157,0,0.311,0
3,10238.0,2,4,0,0,14,0,0.054,0
2,6132.0,0,1,1,0,52,0,0.138,0
1,4465.0,1,4,0,0,71,0,0.149,0
9,35728.0,0,5,0,0,107,0,0.323,1
2,6424.0,0,1,0,0,5,0,0.055,0
3,8775.0,1,4,0,0,121,0,0.226,0
1,3230.0,0,2,0,0,35,1,0.069,0
7,20328.0,0,2,0,0,25,0,0.434,1
9,33518.0,0,1,0,0,20,1,0.354,0
4,9919.0,0,0,0,0,111,0,0.081,0
1,2119.0,0,3,0,0,151,0,0.194,0
2,5537.0,0,1,0,0,1,0,0.076,0
8,20344.0,3,4,1,0,69,0,0.194,1
2,7646.0,0,3,0,0,6,0,0.269,1
2,5280.0,1,6,0,0,14,0,0.22,1
3,11203.0,1,3,0,0,42,1,0.11,0
3,10691.0,0,2,0,1,94,0,0.175,1
2,6199.0,0,3,0,0,10,0,0.255,0
1,3625.0,1,2,0,0,72,0,0.37,0
5,12926.0,0,1,0,0,29,0,0.135,0
1,4177.0,0,3,0,0,41,0,0.212,0
3,6553.0,0,2,0,0,23,0,0.241,0
1,4375.0,0,1,0,0,43,1,0.18,0
1,2057.0,0,4,0,0,12,1,0.096,0
1,3690.0,0,2,0,0,123,0,0.243,0
5,17468.0,0,2,0,0,3,0,0.258,0
1,3427.0,0,0,0,0,12,0,0.165,0
1,2791.0,0,3,0,0,62,0,0.264,0
1,4334.0,0,2,0,0,14,0,0.19,0
4,13886.0,3,8,0,0,164,0,0.449,1
1,2771.0,0,2,0,0,25,0,0.287,0
7,28679.0,0,0,0,0,42,0,0.145,0
7,20706.0,1,2,0,0,230,0,0.137,0
1,3133.0,0,2,0,0,93,0,0.203,0
2,5794.0,3,4,0,0,78,1,0.16,0
2,6105.0,0,4,0,1,11,0,0.081,1
1,4031.0,0,4,0,0,164,0,0.328,0
3,8491.0,1,1,0,0,67,0,0.378,0
4,14826.0,2,2,0,0,56,1,0.137,0
3,10953.0,0,3,1,0,84,0,0.448,1
6,15828.0,0,2,0,0,33,0,0.382,0
2,5542.0,1,2,0,0,73,0,0.095,0
7,25016.0,0,2,0,0,41,0,0.111,0
6,20591.0,0,1,0,0,184,0,0.384,0
2,5924.0,0,0,0,1,16,0,0.095,0
2,7363.0,0,2,0,0,71,0,0.288,0
7,22482.0,0,0,0,0,137,0,0.032,0
3,6319.0,1,3,0,0,224,0,0.184,0
1,4143.0,1,3,0,0,113,0,0.509,0
2,6769.0,0,0,0,0,16,0,0.056,0
2,8039.0,0,3,0,0,87,0,0.203,0
4,10173.0,0,0,0,1,13,1,0.244,0
7,22291.0,0,4,0,1,101,1,0.338,0
3,10590.0,0,4,0,0,117,0,0.202,0
7,22687.0,1,3,0,0,61,0,0.047,0
3,11078.0,0,0,0,0,38,0,0.117,0
1,3977.0,0,0,1,1,213,0,0.184,0
2,8219.0,1,2,0,0,36,0,0.308,0
3,9768.0,2,4,0,0,46,0,0.205,0
2,7183.0,2,6,0,0,31,0,0.165,0
5,19281.0,0,1,0,0,73,0,0.374,0
1,3474.0,3,8,0,0,24,0,0.101,0
2,7698.0,3,6,0,0,168,0,0.195,0
2,5029.0,0,1,0,0,58,0,0.087,0
2,8636.0,1,4,0,0,35,0,0.029,0
3,12611.0,0,2,0,0,60,0,0.19,0
1,3414.0,0,3,0,0,39,0,0.181,0
4,9148.0,1,2,0,0,180,0,0.242,0
2,4383.0,0,5,0,0,8,0,0.196,0
7,17052.0,0,1,0,0,140,0,0.419,0
4,13279.0,0,1,0,0,49,0,0.103,0
2,8036.0,0,5,0,0,36,0,0.317,0
1,3816.0,0,1,1,0,3,0,0.23,0
2,8241.0,0,1,0,1,203,0,0.033,0
1,4888.0,1,3,0,0,28,0,0.194,0
3,7578.0,0,3,0,0,80,0,0.188,0
5,17881.0,0,2,0,0,215,0,0.289,0
1,3806.0,1,2,0,0,57,0,0.232,0
1,3519.0,0,1,0,0,138,0,0.135,0
1,3470.0,0,4,0,0,48,0,0.172,0
3,8996.0,0,1,0,0,148,0,0.038,0
3,8233.0,0,1,0,0,85,0,0.257,1
1,3387.0,0,0,1,0,147,0,0.216,0
3,12896.0,0,3,0,0,1,0,0.082,0
1,4093.0,1,5,0,0,99,0,0.173,1
2,7885.0,0,5,0,0,50,0,0.288,0
1,4244.0,0,4,0,0,42,0,0.122,0
2,6443.0,0,2,0,1,101,0,0.089,0
1,4406.0,0,2,0,0,41,0,0.182,0
1,4154.0,2,4,0,0,56,1,0.099,0
1,4012.0,0,4,0,0,86,0,0.251,0
5,14009.0,0,5,0,0,1,0,0.289,0
6,22246.0,1,2,0,0,1,0,0.469,0
1,1973.0,4,6,0,0,39,0,0.086,0
1,3027.0,0,2,0,0,14,0,0.438,1
3,8612.0,0,5,0,0,102,0,0.024,0
3,11995.0,0,5,0,0,128,0,0.307,0
5,16806.0,1,4,0,0,67,0,0.042,0
3,9788.0,1,2,0,0,111,0,0.35,0
3,10628.0,0,2,0,1,32,0,0.367,0
3,6612.0,2,3,0,0,45,0,0.093,0
1,3413.0,0,2,0,0,175,0,0.11,0
1,3924.0,0,1,0,0,156,0,0.362,0
1,3349.0,0,2,0,0,110,0,0.059,0
1,3500.0,0,0,0,0,87,0,0.23,0
3,8418.0,0,3,0,0,264,0,0.161,0
3,7845.0,0,1,0,0,89,0,0.358,0
3,6818.0,0,3,0,0,137,0,0.447,0
1,3565.0,1,6,0,0,83,0,0.383,0
4,14715.0,0,3,0,0,189,0,0.31,0
2,6059.0,0,0,0,0,41,0,0.107,0
2,6421.0,1,2,1,0,129,0,0.047,1
1,4262.0,4,6,1,0,60,0,0.342,0
6,16570.0,0,0,0,0,157,0,0.321,0
3,10303.0,0,2,0,0,67,0,0.334,0
3,8001.0,0,2,0,0,171,0,0.182,0
2,5293.0,0,1,0,0,12,0,0.194,0
2,7618.0,0,2,0,1,34,0,0.024,0
1,2744.0,2,6,0,0,83,0,0.254,0
10,32567.0,0,3,0,0,147,1,0.159,1
2,7493.0,3,5,0,0,87,0,0.365,1
3,7998.0,1,1,0,0,9,1,0.192,0
3,12836.0,1,2,0,0,123,0,0.08,0
4,14739.0,0,3,0,0,94,0,0.198,0
1,3837.0,2,4,0,0,92,0,0.519,1
2,7944.0,0,2,0,0,221,0,0.203,0
4,14462.0,1,5,0,0,101,0,0.135,0
4,10402.0,0,4,0,0,111,0,0.317,0
1,2785.0,1,6,0,0,70,0,0.289,0
8,21832.0,0,3,0,1,257,0,0.037,0
2,7983.0,0,1,1,0,36,0,0.298,0
2,7070.0,0,2,0,0,36,0,0.333,0
2,9181.0,0,3,0,0,167,0,0.177,0
2,7036.0,0,1,0,0,159,0,0.306,0
3,8793.0,1,4,0,0,55,0,0.182,0
3,12633.0,0,2,0,1,1,0,0.287,0
6,25436.0,0,0,0,0,96,0,0.053,0
1,3295.0,0,2,0,0,64,0,0.307,0
1,3639.0,0,1,0,0,66,0,0.305,0
3,8838.0,0,0,0,0,0,0,0.161,0
1,3585.0,0,1,0,0,103,1,0.237,1
6,20294.0,0,0,0,0,35,0,0.067,0
3,10684.0,0,0,0,0,59,0,0.401,0
4,15776.0,0,3,0,0,32,0,0.057,0
1,2433.0,2,3,0,0,11,0,0.061,0
5,15928.0,0,1,0,0,108,0,0.086,1
1,2793.0,2,4,0,0,115,0,0.211,0
1,3821.0,0,2,0,0,2,1,0.099,1
3,8632.0,0,4,0,0,43,0,0.2,0
4,10929.0,1,5,0,0,34,0,0.107,0
8,24336.0,0,5,0,0,103,0,0.173,0
3,10060.0,0,0,0,0,205,0,0.415,0
2,8314.0,1,1,0,0,118,0,0.111,0
1,3918.0,0,3,0,0,80,0,0.173,0
1,2938.0,1,4,0,0,50,0,0.012,0
1,4239.0,0,1,0,0,107,0,0.171,0
1,2152.0,0,3,0,0,72,0,0.066,0
2,8029.0,0,2,0,0,52,1,0.12,0
1,4144.0,0,1,0,0,8,0,0.092,0
1,2259.0,1,5,0,0,59,0,0.242,0
6,16398.0,0,1,0,0,41,1,0.313,0
3,12767.0,0,0,0,0,176,0,0.306,0
1,4010.0,0,4,0,0,106,1,0.029,0
1,3695.0,0,2,0,1,135,0,0.143,0
6,17429.0,0,1,0,0,253,0,0.206,0
1,2673.0,2,3,0,0,66,0,0.107,1
1,3579.0,1,4,0,0,6,0,0.259,0
8,29574.0,1,3,0,0,128,0,0.031,1
3,8026.0,0,1,0,0,28,0,0.108,0
3,10414.0,0,1,1,0,223,0,0.189,0
1,4697.0,3,5,0,0,170,0,0.253,0
4,12593.0,1,1,0,1,130,0,0.348,0
4,15650.0,1,2,0,0,192,1,0.283,1
3,10500.0,0,3,0,0,93,0,0.134,0
4,11664.0,1,2,1,0,12,0,0.206,0
4,16366.0,0,0,0,0,73,0,0.684,0
3,10868.0,0,1,0,0,81,0,0.144,0
3,10414.0,0,1,0,0,44,0,0.346,0
3,9332.0,0,4,0,0,57,0,0.202,0
5,14010.0,0,1,0,0,220,0,0.211,0
2,5156.0,0,1,0,0,104,0,0.159,0
2,4647.0,2,7,0,0,248,0,0.279,0
5,14115.0,1,3,0,0,26,0,0.158,0
2,6506.0,0,5,0,0,58,0,0.198,0
3,10077.0,0,3,0,0,30,0,0.032,0
3,6528.0,0,1,0,0,164,0,0.107,0
4,12725.0,0,1,0,0,149,1,0.251,0
2,6650.0,1,1,0,0,15,1,0.149,0
2,7438.0,0,0,0,0,115,0,0.05,0
6,17126.0,1,6,0,0,95,0,0.407,0
1,2781.0,2,5,0,1,101,0,0.251,1
1,3485.0,0,0,0,0,50,0,0.22,0
2,5728.0,1,1,0,0,145,0,0.101,0
1,4119.0,0,3,0,0,3,1,0.43,0
2,5616.0,0,1,0,0,3,0,0.235,0
3,11803.0,0,0,0,0,115,1,0.296,0
1,2557.0,0,3,0,0,211,0,0.286,0
4,15220.0,0,2,0,0,168,1,0.121,0
1,3179.0,1,2,0,0,75,0,0.204,0
1,2831.0,0,2,0,0,64,0,0.197,0
1,4404.0,3,6,0,0,171,1,0.011,1
1,3212.0,0,4,0,0,99,0,0.233,0
1,3827.0,0,4,0,0,55,0,0.056,0
2,8426.0,1,3,0,0,29,1,0.262,0
1,2302.0,0,4,0,0,42,0,0.028,0
2,4735.0,0,1,0,0,10,0,0.107,0
3,8295.0,0,2,0,1,168,0,0.022,0
4,10624.0,0,2,0,0,138,0,0.298,0
3,8211.0,1,2,0,0,6,0,0.251,0
3,10688.0,1,4,0,0,98,0,0.175,0
7,20706.0,0,1,0,0,45,1,0.251,0
6,15648.0,0,4,0,0,23,0,0.12,1
2,5923.0,0,5,0,0,4,0,0.125,0
7,28707.0,0,2,0,0,160,0,0.489,0
1,3308.0,0,5,0,0,83,1,0.46,0
3,9982.0,1,4,0,0,48,0,0.142,0
2,6119.0,0,3,0,0,40,0,0.176,1
7,28544.0,0,5,0,1,131,0,0.254,0
2,8352.0,1,5,0,0,132,0,0.422,0
3,10691.0,1,6,0,1,39,1,0.348,0
4,16672.0,0,0,0,0,71,0,0.328,0
2,8890.0,0,1,1,0,134,0,0.245,0
1,2779.0,1,3,0,0,69,0,0.221,0
5,15462.0,0,0,0,0,209,0,0.364,0
5,13100.0,1,4,0,0,23,0,0.058,0
1,4488.0,0,2,0,1,54,0,0.234,0
3,10992.0,0,2,0,0,4,0,0.075,0
2,6583.0,1,3,0,0,134,0,0.065,0
1,4206.0,0,2,0,0,11,0,0.243,1
2,5696.0,0,0,0,0,169,0,0.098,0
3,9936.0,0,3,1,0,203,0,0.091,0
2,8174.0,3,5,0,0,42,0,0.057,0
1,2499.0,2,6,0,1,21,0,0.037,0
2,6032.0,0,2,0,0,77,0,0.109,0
2,4491.0,0,2,0,0,52,0,0.174,0
3,8650.0,0,1,0,0,194,0,0.33,0
4,12591.0,0,0,0,0,9,0,0.077,1
5,12110.0,0,0,1,0,218,0,0.134,0
6,17197.0,0,0,0,0,103,0,0.149,0
1,3719.0,0,1,0,0,44,0,0.098,0
2,6049.0,2,7,0,0,119,1,0.286,1
2,8076.0,1,2,0,1,22,0,0.111,0
1,2904.0,1,4,0,0,74,0,0.333,0
7,27577.0,0,0,0,0,141,1,0.209,0
3,10134.0,1,2,0,0,176,1,0.147,0
1,3449.0,1,2,0,0,17,0,0.133,0
3,9270.0,2,5,0,0,52,0,0.246,0
1,3578.0,1,3,0,0,157,0,0.158,0
2,6022.0,0,0,0,0,112,0,0.327,0
2,8779.0,0,0,1,0,7,0,0.078,0
2,5653.0,0,1,0,0,207,0,0.22,0
1,4232.0,0,1,0,0,44,0,0.089,0
2,4444.0,0,3,0,0,92,0,0.116,0
3,8864.0,0,2,0,0,36,1,0.088,0
3,8635.0,0,0,0,0,215,0,0.414,0
2,5152.0,0,2,0,0,65,0,0.231,0
1,2795.0,0,1,0,0,114,0,0.349,0
4,15400.0,2,4,0,0,56,0,0.497,1
1,3200.0,0,2,0,0,11,0,0.166,0
8,25504.0,0,1,0,1,27,0,0.402,0
1,3985.0,3,5,0,0,57,0,0.089,0
1,3933.0,0,2,0,0,49,1,0.115,0
1,4702.0,0,4,0,0,262,0,0.02,0
2,7233.0,0,2,0,0,52,0,0.136,0
1,3416.0,1,3,0,0,50,0,0.326,0
9,29842.0,0,2,1,0,54,0,0.018,1
2,6430.0,0,2,0,0,176,0,0.105,0
2,7268.0,0,2,0,0,91,0,0.176,0
5,19568.0,0,1,0,0,128,0,0.115,0
3,12910.0,0,4,0,0,54,0,0.38,0
5,21343.0,1,1,0,0,32,0,0.089,0
1,2910.0,0,1,0,0,53,0,0.132,0
2,7958.0,0,1,0,0,17,0,0.087,0
3,12027.0,0,1,0,0,40,1,0.162,0
3,7576.0,2,4,0,0,284,0,0.092,1
3,11689.0,0,3,0,0,102,0,0.478,0
1,3214.0,0,5,0,0,45,1,0.114,0
4,10913.0,3,5,0,0,44,0,0.259,0
1,2664.0,0,1,0,0,90,0,0.149,0
1,4727.0,0,3,0,0,168,0,0.331,0
3,9502.0,1,3,0,0,30,0,0.254,0
3,12396.0,0,2,0,0,53,0,0.247,0
3,6383.0,1,5,0,0,83,0,0.186,0
1,4210.0,0,2,0,0,121,0,0.323,0
1,4058.0,1,1,0,0,23,0,0.112,0
2,8254.0,1,5,0,0,57,1,0.154,0
1,3737.0,1,4,0,0,22,0,0.496,0
1,4458.0,0,1,1,0,76,0,0.09,0
8,25685.0,1,3,0,0,76,0,0.308,0
3,8055.0,0,5,0,0,92,1,0.186,0
2,7834.0,1,2,0,0,73,1,0.232,0
1,3606.0,0,4,0,0,113,0,0.161,0
2,7020.0,1,2,0,1,105,0,0.014,0
7,28639.0,2,2,0,0,80,0,0.138,0
3,8325.0,0,4,0,0,63,0,0.125,0
3,11614.0,0,1,0,0,138,0,0.098,0
2,5711.0,3,4,0,0,100,1,0.202,0
1,2664.0,0,1,0,0,118,0,0.067,0
3,10385.0,0,2,0,0,4,0,0.101,0
1,4281.0,2,3,0,0,251,0,0.201,0
2,7218.0,1,4,0,0,44,0,0.088,0
3,9175.0,0,0,0,1,8,0,0.006,0
1,3453.0,1,1,0,0,68,0,0.079,0
1,3309.0,1,3,0,0,145,0,0.254,0
4,14592.0,0,0,0,0,42,0,0.196,0
1,2424.0,0,3,0,0,61,0,0.173,0
1,3408.0,0,0,0,0,78,0,0.253,0
1,4099.0,0,0,0,0,82,0,0.318,0
1,2801.0,0,1,0,0,58,0,0.163,0
2,5876.0,0,1,0,0,24,0,0.186,0
2,7904.0,0,5,0,0,54,0,0.467,0
2,4444.0,2,4,0,0,144,0,0.111,0
1,4726.0,0,1,0,1,14,0,0.45,0
3,8398.0,0,4,1,0,115,0,0.133,0
1,2989.0,0,0,0,1,80,0,0.285,0
3,10938.0,0,2,0,0,58,0,0.304,0
7,18660.0,1,4,0,0,7,0,0.489,0
5,19424.0,0,2,0,0,169,0,0.088,0
1,3505.0,0,1,0,0,170,0,0.187,0
4,15023.0,1,3,0,0,23,0,0.081,0
4,14829.0,0,0,0,0,121,0,0.034,1
1,2774.0,1,5,0,0,174,0,0.09,0
5,17889.0,0,2,0,0,24,0,0.096,0
2,6727.0,1,1,0,0,124,0,0.137,0
1,2592.0,0,5,0,1,22,0,0.25,0
3,8262.0,0,2,0,0,30,0,0.081,0
3,10177.0,2,4,0,0,67,0,0.198,1
1,2855.0,0,0,0,0,113,0,0.26,0
3,12440.0,0,1,0,0,121,0,0.113,0
3,9561.0,0,2,0,0,10,0,0.417,0
4,9341.0,3,4,0,0,46,0,0.259,0
3,11488.0,0,3,0,0,30,1,0.289,0
7,24549.0,0,0,0,0,3,0,0.116,0
4,16035.0,0,0,1,0,34,0,0.068,0
2,5612.0,1,3,0,0,27,0,0.188,0
3,6860.0,2,2,0,0,145,0,0.188,0
1,2364.0,1,2,0,0,115,0,0.168,0
3,7877.0,0,0,0,0,9,0,0.251,0
5,14325.0,1,1,1,0,43,0,0.6,0
4,11003.0,0,5,0,0,32,0,0.074,0
2,4581.0,0,2,0,0,14,0,0.116,1
5,14698.0,0,5,0,0,55,0,0.088,0
3,12485.0,0,4,0,1,78,0,0.121,0
4,11032.0,0,0,0,0,127,0,0.087,0
4,15653.0,0,3,0,0,181,0,0.172,0
8,19336.0,0,2,0,0,121,0,0.11,0
5,12888.0,0,3,0,0,0,0,0.278,0
1,3971.0,3,4,0,1,229,0,0.402,0
1,2999.0,0,2,0,0,121,1,0.209,0
6,18153.0,0,0,0,0,8,0,0.076,0
4,11231.0,0,2,0,0,56,0,0.121,0
2,7167.0,0,2,0,0,31,0,0.191,0
1,3494.0,0,1,0,0,105,0,0.335,0
1,2729.0,0,5,0,0,69,0,0.068,0
5,15091.0,0,2,0,0,25,0,0.131,0
1,4234.0,0,1,1,1,100,0,0.039,1
2,7912.0,1,1,0,0,94,0,0.267,0
3,8218.0,2,2,0,0,142,0,0.238,0
4,11491.0,0,0,1,0,127,0,0.177,0
2,6499.0,0,1,0,0,123,0,0.323,0
3,11111.0,0,3,0,0,16,0,0.076,0
2,7420.0,1,3,0,0,32,0,0.08,0
5,17067.0,0,0,0,1,18,0,0.047,0
6,22606.0,0,1,0,0,60,0,0.084,0
8,30207.0,0,5,0,0,40,0,0.136,0
1,3439.0,2,6,0,0,217,0,0.389,1
4,11852.0,0,2,0,0,75,0,0.077,0
8,30755.0,0,3,0,0,22,0,0.052,0
4,14583.0,1,5,0,0,142,0,0.151,0
1,3069.0,0,3,0,0,143,0,0.052,0
2,6278.0,0,2,0,0,31,1,0.505,1
10,32726.0,2,4,0,0,39,0,0.128,0
2,7231.0,1,1,0,0,67,0,0.262,0
3,8380.0,1,3,0,0,49,0,0.06,0
1,3227.0,2,3,0,0,64,0,0.452,0
2,4904.0,0,1,0,0,42,0,0.105,0
10,39357.0,0,0,0,0,114,0,0.179,0
2,8925.0,1,3,0,0,81,0,0.52,0
3,7319.0,0,1,0,0,142,1,0.265,0
4,10012.0,1,1,0,0,105,0,0.213,0
1,3219.0,1,1,0,0,139,0,0.282,0
2,6354.0,0,2,0,0,65,1,0.132,1
8,23726.0,0,1,0,0,113,0,0.145,1
4,13439.0,1,1,0,0,82,0,0.03,1
2,7220.0,0,1,0,1,32,0,0.11,0
3,11515.0,0,3,0,0,28,1,0.079,0
3,10091.0,3,6,0,1,173,0,0.041,1
2,7588.0,0,3,0,0,64,0,0.256,0
3,12270.0,0,4,0,0,88,0,0.087,0
4,11441.0,2,4,0,0,86,0,0.27,0
2,6375.0,1,2,0,0,103,1,0.089,0
2,6893.0,0,1,0,0,37,0,0.025,0
10,36304.0,0,1,0,0,37,0,0.084,0
1,3142.0,2,5,0,0,55,0,0.037,0
2,5215.0,0,5,0,0,87,0,0.135,1
1,4178.0,0,2,0,0,53,0,0.099,0
1,3445.0,0,1,0,0,198,0,0.066,0
1,3995.0,0,0,0,0,118,0,0.308,0
7,25462.0,3,4,0,0,49,0,0.049,1
2,8850.0,0,3,0,0,172,1,0.043,1
3,7998.0,0,0,0,0,71,0,0.068,0
2,6231.0,0,1,0,0,92,1,0.137,1
2,5687.0,1,2,0,0,40,0,0.383,0
4,14474.0,0,5,0,0,146,0,0.141,0
2,8113.0,0,3,0,0,117,1,0.215,0
8,26491.0,0,3,0,1,22,0,0.118,1
3,8877.0,2,3,0,0,140,0,0.046,0
2,6982.0,2,3,0,0,17,0,0.135,0
3,11359.0,0,3,0,0,94,0,0.163,0
3,7022.0,1,1,0,0,191,1,0.497,0
8,17912.0,2,4,0,0,69,0,0.331,0
1,3427.0,3,5,0,0,80,1,0.285,0
3,11794.0,0,1,0,0,67,0,0.068,0
6,14456.0,0,2,0,0,11,0,0.189,0
4,10877.0,2,2,0,0,27,0,0.404,0
9,30813.0,2,4,0,0,28,0,0.383,0
3,10216.0,0,0,0,0,111,0,0.028,1
3,10261.0,0,2,0,0,21,0,0.219,0
2,8008.0,0,2,0,0,4,0,0.408,0
1,4877.0,0,0,0,0,27,1,0.304,0
2,5769.0,0,1,0,0,67,0,0.011,0
5,15044.0,0,1,0,0,126,0,0.369,0
1,3926.0,0,2,0,0,274,1,0.066,1
4,8989.0,0,2,0,0,92,0,0.279,0
5,16412.0,1,2,0,1,162,0,0.203,0
1,2343.0,0,1,0,0,46,0,0.49,0
9,28041.0,1,4,0,0,154,0,0.132,1
4,9676.0,1,4,1,0,235,0,0.162,0
2,8559.0,0,1,0,0,184,0,0.262,0
8,29965.0,0,3,0,0,50,0,0.342,1
3,11741.0,1,6,0,0,76,0,0.015,1
7,23807.0,4,5,0,0,128,0,0.2,1
2,7270.0,1,4,0,0,67,0,0.226,0
9,25541.0,0,3,0,0,109,0,0.037,0
3,11368.0,2,2,0,0,76,0,0.093,1
2,7413.0,3,3,0,0,24,0,0.074,0
1,3137.0,1,2,0,1,59,0,0.175,0
4,13572.0,1,2,0,0,26,1,0.13,0
3,7479.0,1,3,0,0,9,1,0.517,0
1,2855.0,3,5,0,0,66,0,0.176,1
6,20484.0,0,1,0,0,153,0,0.037,0
1,2777.0,0,1,0,0,59,0,0.168,1
2,7862.0,1,1,0,0,165,0,0.102,0
2,8821.0,1,1,0,0,241,0,0.211,0
1,2886.0,2,7,0,0,88,0,0.143,0
1,3484.0,2,2,0,0,44,0,0.232,0
5,14713.0,0,3,0,0,83,0,0.119,0
2,7723.0,0,3,0,0,47,1,0.069,0
2,7353.0,0,0,1,0,44,0,0.258,0
1,3893.0,0,2,1,0,8,0,0.265,0
1,4229.0,0,2,0,0,90,0,0.129,0
1,3315.0,0,3,0,1,105,0,0.21,0
8,19836.0,0,2,0,0,58,0,0.056,0
1,2068.0,0,1,0,0,104,0,0.095,0
1,4748.0,1,1,0,1,90,0,0.459,0
1,2522.0,0,3,0,0,15,0,0.176,0
2,5213.0,0,2,1,0,48,0,0.55,0
3,11673.0,4,4,0,0,78,0,0.388,1
1,4202.0,0,2,0,0,16,0,0.104,0
4,12003.0,1,1,0,1,150,0,0.061,0
1,3256.0,2,5,0,0,129,0,0.174,1
3,8681.0,1,1,0,0,38,0,0.046,0
2,5688.0,1,3,0,0,183,0,0.137,0
4,10118.0,0,0,0,0,19,1,0.237,0
3,8312.0,0,0,0,0,282,0,0.33,0
5,11616.0,0,1,0,0,154,0,0.134,0
3,7736.0,0,3,0,0,72,0,0.206,0
2,7527.0,0,1,0,0,3,0,0.354,0
2,7968.0,0,2,0,0,1,0,0.07,0
2,6417.0,1,3,0,0,143,0,0.156,0
7,17136.0,0,0,0,0,24,1,0.244,0
4,13896.0,2,2,0,0,129,0,0.238,0
1,3424.0,0,3,0,0,103,0,0.137,0
3,11721.0,1,2,0,0,87,0,0.036,0
6,22737.0,0,1,0,0,125,1,0.122,1
2,6343.0,0,3,0,0,57,0,0.273,0
6,15720.0,1,1,0,0,97,0,0.194,0
5,20990.0,2,5,0,0,74,0,0.315,1
3,6722.0,3,5,0,0,81,1,0.299,0
4,14472.0,0,1,0,0,117,0,0.23,0
3,11222.0,1,3,0,0,92,0,0.196,0
2,6179.0,0,4,0,0,13,0,0.337,0
2,6558.0,1,1,0,0,20,0,0.196,0
3,10031.0,1,4,0,0,121,0,0.043,0
2,6226.0,4,6,0,0,109,0,0.407,1
6,17964.0,0,1,1,0,93,0,0.555,0
1,2261.0,2,5,0,0,6,1,0.094,1
7,21684.0,0,1,0,0,123,0,0.015,0
5,14862.0,0,1,0,0,218,0,0.293,0
7,26505.0,0,1,0,0,21,0,0.045,0
8,25979.0,0,0,0,0,57,1,0.377,1
2,6813.0,0,3,0,0,268,1,0.061,0
2,5014.0,0,1,0,0,95,1,0.25,0
3,7377.0,0,2,0,0,116,0,0.238,0
1,3264.0,0,0,0,0,244,0,0.145,0
9,37772.0,0,1,0,0,107,0,0.113,0
1,3389.0,3,3,0,0,47,0,0.456,0
1,4129.0,0,1,0,0,15,0,0.326,0
9,30225.0,2,5,0,0,64,0,0.178,1
7,18993.0,0,0,0,0,12,0,0.321,1
5,13040.0,1,6,0,0,171,0,0.307,1
2,7266.0,0,2,0,0,68,0,0.276,0
2,6035.0,0,1,0,0,132,0,0.184,1
2,7197.0,0,0,0,0,4,0,0.037,0
1,4806.0,0,4,0,0,18,0,0.098,0
3,8052.0,0,1,0,1,42,0,0.084,0
1,3269.0,1,2,0,0,130,0,0.116,0
1,2602.0,0,1,0,0,78,0,0.26,0
3,12197.0,1,2,0,0,108,0,0.053,0
6,20106.0,0,1,0,0,62,0,0.31,0
3,8173.0,2,3,0,0,20,0,0.061,0
1,3201.0,0,4,0,0,170,0,0.065,0
3,12731.0,1,2,0,0,24,1,0.551,0
1,3776.0,1,2,1,0,33,0,0.217,1
3,11053.0,2,5,0,0,61,1,0.267,0
6,14124.0,0,0,0,0,157,0,0.016,0
1,4465.0,1,6,0,0,66,0,0.072,0
3,11084.0,1,1,0,0,107,1,0.113,0
6,22260.0,0,3,0,0,25,0,0.073,1
1,3011.0,0,2,0,0,85,0,0.012,0
2,4895.0,1,1,0,0,48,0,0.518,0
6,15328.0,0,1,0,0,52,0,0.137,0
1,2697.0,0,4,0,0,67,0,0.074,0
8,34047.0,1,2,0,0,3,0,0.083,0
8,28077.0,1,3,0,0,83,0,0.068,0
4,12111.0,0,1,0,0,11,0,0.208,0
1,3453.0,0,3,0,0,102,0,0.324,0
4,8986.0,0,2,0,0,182,0,0.269,0
1,3903.0,0,2,0,0,102,0,0.192,0
4,12567.0,0,3,1,0,25,0,0.073,0
4,9962.0,0,3,0,0,104,0,0.184,0
6,19134.0,2,2,0,0,101,1,0.199,0
8,21008.0,2,3,0,0,127,0,0.056,0
3,10774.0,0,3,0,0,23,0,0.158,1
7,25394.0,0,1,0,0,121,0,0.014,0
3,9238.0,0,5,0,0,157,0,0.183,0
2,4894.0,0,2,0,0,33,1,0.272,0
1,3470.0,0,4,0,0,91,0,0.186,0
1,2868.0,0,2,0,1,3,0,0.142,0
1,2858.0,0,3,0,0,53,0,0.113,0
1,3254.0,0,2,0,0,9,0,0.25,0
1,2454.0,0,1,0,0,136,1,0.208,0
1,2904.0,0,1,0,0,37,0,0.162,0
1,2687.0,1,4,0,0,110,0,0.231,0
4,11651.0,1,3,0,1,106,0,0.28,0
2,4807.0,0,1,0,1,13,0,0.126,0
2,7105.0,0,1,0,0,30,1,0.252,0
2,6073.0,0,1,0,1,148,0,0.122,0
2,7827.0,0,1,0,0,232,1,0.218,0
1,3643.0,0,1,0,0,67,0,0.156,0
2,6249.0,1,3,0,0,37,0,0.215,0
2,5981.0,2,4,0,0,105,1,0.3,0
1,3969.0,1,1,0,0,11,0,0.056,0
3,8777.0,0,1,0,0,131,0,0.36,0
2,5377.0,1,6,0,0,109,0,0.183,0
8,32233.0,2,4,0,0,183,0,0.196,0
8,23896.0,3,6,0,0,11,0,0.36,0
3,11628.0,0,0,0,0,140,1,0.107,1
1,3942.0,0,5,1,0,135,1,0.281,0
1,3464.0,0,1,0,0,92,0,0.247,0
3,9380.0,3,4,0,0,232,0,0.167,0
1,2525.0,0,3,0,0,20,0,0.242,0
4,9752.0,0,2,0,0,58,0,0.147,0
1,2720.0,0,2,0,0,91,0,0.096,0
7,16415.0,0,2,0,0,7,0,0.253,0
2,5654.0,0,0,0,0,84,0,0.141,0
1,4190.0,0,1,0,0,9,0,0.193,0
2,5923.0,2,2,0,0,117,1,0.173,0
3,10417.0,1,5,0,0,79,0,0.082,1
2,6126.0,2,3,0,0,93,1,0.314,0
1,3369.0,0,5,0,0,64,0,0.197,0
1,2447.0,1,6,0,0,177,0,0.159,0
1,2067.0,1,1,0,0,1,0,0.193,0
3,7303.0,1,4,0,0,122,0,0.121,0
6,22959.0,0,5,0,0,13,0,0.366,0
1,3996.0,4,8,0,0,32,0,0.125,1
2,8222.0,2,4,0,0,32,0,0.186,1
1,2335.0,0,2,0,0,41,0,0.317,0
2,6709.0,1,5,0,0,110,0,0.285,0
2,6042.0,0,2,0,0,57,0,0.27,0
2,5437.0,1,3,0,1,72,0,0.065,0
4,13303.0,0,3,0,0,110,0,0.186,0
2,7982.0,0,0,0,0,42,0,0.141,0
5,16230.0,0,2,0,0,141,0,0.116,0
6,18787.0,0,1,0,0,98,0,0.144,0
1,3339.0,0,1,0,0,233,0,0.309,0
3,7165.0,1,4,0,0,35,0,0.365,0
3,11137.0,0,0,0,0,100,0,0.161,0
1,3927.0,0,2,0,0,169,1,0.2,0
6,20154.0,0,2,0,0,36,0,0.115,0
3,8231.0,0,2,0,0,61,0,0.213,0
8,20343.0,1,5,0,0,111,0,0.119,0
2,5628.0,1,1,0,0,78,0,0.218,0
1,4086.0,0,1,0,0,93,0,0.189,0
2,6571.0,0,2,0,0,252,0,0.195,0
1,3783.0,0,2,0,0,77,0,0.351,0
10,33943.0,2,5,0,0,53,0,0.235,0
2,7458.0,2,2,0,0,11,0,0.231,0
4,12594.0,0,1,0,0,230,0,0.159,0
2,8188.0,0,3,0,1,238,0,0.205,1
8,32776.0,0,0,0,0,159,0,0.37,1
1,3596.0,2,6,0,0,117,1,0.296,0
2,7496.0,0,0,0,0,90,0,0.428,0
1,3285.0,4,5,0,0,16,0,0.315,1
3,8216.0,0,4,0,0,189,1,0.164,0
3,8094.0,0,1,0,0,3,0,0.087,0
1,3188.0,1,1,0,0,108,0,0.13,0
1,2293.0,0,2,0,0,144,0,0.197,0
5,15931.0,0,0,0,0,24,0,0.225,0
3,9009.0,0,3,0,0,10,1,0.189,0
7,27244.0,0,0,0,0,24,0,0.182,0
3,9394.0,0,4,0,0,13,0,0.06,0
2,4941.0,0,1,0,0,3,0,0.141,0
2,8437.0,0,4,1,0,70,0,0.282,0
9,30591.0,0,5,0,0,67,0,0.245,0
6,18942.0,0,2,0,0,114,1,0.273,0
1,2606.0,0,2,0,0,41,0,0.026,0
5,12300.0,0,3,0,0,42,0,0.505,0
1,2393.0,1,3,0,1,41,0,0.13,0
1,3067.0,1,3,0,0,121,1,0.364,0
1,3664.0,3,7,0,1,46,0,0.234,0
1,4154.0,1,5,0,0,19,0,0.046,0
4,14584.0,0,1,0,0,45,0,0.086,0
1,3574.0,0,4,0,0,31,0,0.05,0
1,4825.0,0,2,1,0,23,0,0.109,1
2,6013.0,1,1,0,0,52,0,0.234,0
5,14457.0,0,2,0,0,145,0,0.167,0
2,5211.0,0,3,0,0,123,1,0.074,0
1,2753.0,0,3,0,0,33,0,0.296,0
2,8572.0,0,3,0,0,35,0,0.184,0
4,16566.0,1,3,0,0,56,0,0.305,0
6,19014.0,0,1,0,0,68,0,0.388,0
1,3831.0,0,0,0,0,231,0,0.322,0
2,8396.0,0,4,0,0,20,0,0.421,0
2,6501.0,0,4,0,0,11,0,0.074,0
5,14624.0,1,1,0,0,147,0,0.145,0
1,3207.0,0,1,0,1,82,1,0.188,0
1,3915.0,1,6,0,0,88,0,0.044,0
7,21313.0,1,1,0,0,104,1,0.219,0
1,3033.0,3,5,0,0,40,0,0.2,0
2,6988.0,0,5,0,0,19,1,0.155,0
7,21465.0,0,1,0,0,314,0,0.222,0
1,4913.0,2,2,0,0,18,1,0.159,0
4,12636.0,0,2,0,0,16,0,0.209,0
4,12289.0,1,5,0,0,29,0,0.064,0
3,6563.0,0,1,0,0,108,0,0.058,0
5,14075.0,2,3,0,0,142,0,0.112,0
5,18663.0,1,3,0,0,96,0,0.163,0
4,9653.0,0,4,0,0,18,0,0.138,0
3,9822.0,1,6,0,0,116,0,0.125,0
4,8662.0,3,3,0,0,165,0,0.072,0
3,7845.0,0,3,0,0,73,0,0.01,0
2,7442.0,0,1,0,0,44,0,0.091,0
2,6183.0,0,1,0,0,0,0,0.466,0
3,8663.0,0,2,0,0,79,0,0.338,0
1,2723.0,2,2,0,0,22,0,0.362,0
1,2884.0,0,3,0,0,59,1,0.186,1
3,7498.0,0,1,1,0,174,0,0.224,0
5,18897.0,0,1,0,0,179,0,0.099,0
2,6180.0,0,3,0,0,60,0,0.153,0
1,4023.0,0,2,0,0,11,0,0.132,1
8,23245.0,1,5,0,0,13,0,0.348,0
6,14132.0,1,4,0,0,65,1,0.398,0
8,30555.0,0,1,0,0,118,0,0.123,0
2,5294.0,0,1,0,0,3,0,0.261,0
1,3998.0,0,0,0,0,145,0,0.257,0
2,6296.0,0,1,0,0,15,0,0.064,0
5,17635.0,0,3,0,0,78,0,0.152,0
7,27779.0,1,3,0,0,187,1,0.492,0
6,14344.0,0,1,0,0,53,0,0.176,0
2,5093.0,0,0,0,0,133,0,0.102,0
5,12181.0,1,4,0,1,103,0,0.347,0
3,8313.0,0,0,0,0,87,0,0.228,0
3,8910.0,0,1,0,0,130,0,0.124,0
5,20889.0,2,2,0,1,57,0,0.178,0
7,20383.0,0,0,0,0,196,0,0.161,0
2,5456.0,0,4,0,0,91,0,0.097,0
2,5302.0,1,1,0,0,48,0,0.46,1
1,4123.0,0,2,0,0,172,0,0.037,0
2,5165.0,3,4,1,0,185,0,0.193,0
7,25459.0,0,0,1,0,129,0,0.163,0
1,4264.0,0,3,0,0,120,0,0.171,0
1,3704.0,0,1,0,1,188,0,0.422,0
5,18055.0,0,1,0,0,52,0,0.326,0
8,20389.0,0,0,0,0,99,1,0.132,0
1,3735.0,0,3,0,0,72,0,0.156,0
1,3352.0,1,2,0,0,9,0,0.196,0
1,3278.0,1,1,0,1,85,0,0.449,0
1,3042.0,0,0,0,0,13,0,0.1,0
2,7797.0,0,2,0,0,19,0,0.154,0
3,7449.0,2,7,0,0,137,0,0.442,0
2,4883.0,0,0,0,0,67,0,0.429,0
8,30759.0,0,4,0,0,9,1,0.108,0
3,7940.0,0,0,0,0,122,0,0.112,0
3,9908.0,1,1,1,1,120,0,0.076,0
10,41988.0,0,0,0,0,78,0,0.244,0
2,5351.0,0,1,0,0,120,0,0.129,0
6,20476.0,1,1,0,0,78,0,0.07,0
3,9229.0,0,0,0,0,96,0,0.412,0
1,3228.0,0,1,0,0,38,0,0.117,0
1,4070.0,0,1,0,0,198,0,0.244,0
3,12022.0,0,5,0,0,67,0,0.157,0
3,9291.0,0,4,0,0,11,0,0.083,0
2,5801.0,0,1,0,0,104,0,0.202,0
4,15014.0,0,2,0,0,75,0,0.111,1
4,14084.0,0,2,0,0,134,1,0.343,0
8,32182.0,0,2,0,0,35,0,0.295,1
2,6460.0,0,1,0,0,61,0,0.061,0
1,3230.0,0,2,0,1,82,0,0.094,0
1,2902.0,0,1,0,0,62,0,0.41,0
4,13290.0,0,1,0,0,127,0,0.375,0
6,23644.0,0,2,0,0,7,1,0.032,0
1,3174.0,0,2,0,1,186,0,0.382,0
2,5318.0,0,2,0,0,26,0,0.306,0
8,21119.0,0,0,0,1,66,0,0.046,1
4,9750.0,0,1,0,0,50,0,0.168,0
7,20132.0,0,3,0,0,45,0,0.334,0
1,2466.0,0,0,0,0,22,0,0.199,0
3,9241.0,1,5,0,0,21,0,0.197,0
1,3675.0,0,2,0,0,118,0,0.09,0
9,20261.0,1,6,0,0,41,0,0.051,0
6,16914.0,2,5,0,1,192,0,0.506,0
8,26056.0,0,2,1,0,42,0,0.146,1
2,5822.0,1,4,0,0,3,0,0.035,0
1,3534.0,1,2,0,0,36,1,0.1,0
2,4885.0,2,4,0,0,127,0,0.454,0
1,3043.0,1,3,0,0,56,0,0.148,0
2,7170.0,0,0,0,0,55,0,0.071,0
1,3428.0,0,1,0,0,44,0,0.259,0
3,10546.0,1,5,0,0,14,0,0.236,0
2,8223.0,0,0,0,0,93,0,0.043,0
1,3162.0,1,1,0,0,90,0,0.142,0
3,11653.0,0,1,0,1,98,1,0.096,0
1,3340.0,1,6,0,1,95,0,0.423,0
1,3210.0,0,2,0,0,95,0,0.145,0
3,9629.0,0,1,0,0,52,0,0.24,0
1,4678.0,1,3,0,0,4,0,0.426,0
5,14430.0,0,0,0,0,54,0,0.218,0
8,20702.0,0,2,0,1,116,0,0.059,1
3,6923.0,0,3,0,0,135,1,0.137,0
7,26390.0,0,1,0,0,23,1,0.134,0
3,10991.0,1,5,0,0,10,0,0.176,0
10,32166.0,1,1,0,0,73,0,0.322,1
3,11926.0,0,5,0,0,146,0,0.073,0
1,2707.0,0,1,0,0,104,0,0.091,0
1,3776.0,0,1,0,1,123,0,0.167,0
2,6294.0,2,4,0,0,108,0,0.081,0
1,3479.0,0,1,0,0,71,0,0.215,0
1,2555.0,0,4,0,0,27,0,0.149,0
3,9570.0,0,0,0,0,13,0,0.325,0
4,16078.0,1,3,0,0,89,0,0.053,1
2,7341.0,0,0,0,0,220,0,0.031,0
5,12169.0,1,3,0,0,85,0,0.127,0
7,19733.0,0,0,0,0,76,0,0.331,0
7,24278.0,0,4,0,0,91,0,0.37,0
2,7413.0,2,5,0,0,45,0,0.228,0
1,4242.0,0,3,0,0,257,1,0.311,1
1,3422.0,0,2,0,1,21,0,0.095,0
1,3489.0,0,1,0,0,193,0,0.156,0
2,9048.0,2,4,0,1,61,0,0.238,1
1,4397.0,0,0,0,0,38,0,0.034,0
3,7530.0,0,3,0,0,56,0,0.14,0
9,25093.0,0,2,0,0,93,0,0.283,0
5,13143.0,0,0,0,1,6,0,0.273,0
5,15400.0,0,0,0,0,17,0,0.162,0
1,2834.0,0,1,0,0,174,0,0.211,0
2,6952.0,0,0,0,0,142,0,0.225,1
3,8713.0,0,3,1,0,64,0,0.201,0
2,5774.0,1,3,0,0,78,0,0.219,0
6,15427.0,0,1,0,0,41,1,0.162,0
3,9930.0,3,3,0,0,163,0,0.266,0
6,13174.0,0,5,0,0,135,0,0.248,0
2,5110.0,0,1,0,0,141,0,0.244,0
8,26475.0,0,0,0,1,61,0,0.224,0
5,18276.0,0,0,1,0,142,1,0.295,0
1,4568.0,2,2,0,1,66,1,0.075,0
2,7500.0,0,1,0,0,49,0,0.347,0
2,4941.0,0,0,0,0,62,0,0.268,0
1,3276.0,1,1,0,0,117,1,0.275,0
2,4507.0,0,0,0,0,20,0,0.111,0
2,5298.0,0,1,0,0,69,0,0.282,0
2,7283.0,1,4,0,0,37,0,0.081,0
4,12124.0,0,1,0,0,76,0,0.244,0
6,24201.0,0,2,0,0,226,0,0.035,0
1,2820.0,0,5,0,0,100,1,0.32,0
2,8183.0,0,0,0,0,70,0,0.376,0
1,4216.0,0,1,0,0,189,0,0.051,0
5,19845.0,0,3,0,0,164,0,0.32,0
1,3904.0,0,1,0,0,201,0,0.102,0
2,5939.0,0,1,0,0,27,0,0.199,0
2,7336.0,1,3,0,1,41,0,0.14,0
4,14195.0,0,2,0,0,48,0,0.154,0
2,8222.0,1,3,0,0,171,0,0.139,0
1,2574.0,1,4,0,0,101,0,0.123,0
1,4396.0,3,7,0,0,11,1,0.18,1
2,4813.0,0,5,0,0,70,0,0.303,0
4,16669.0,0,5,0,0,13,0,0.279,0
2,6945.0,0,2,0,0,166,0,0.185,0
1,2611.0,0,0,0,0,38,0,0.126,0
1,3451.0,0,4,0,1,70,0,0.067,0
2,4751.0,0,3,0,0,213,0,0.375,0
3,11215.0,2,3,0,0,129,0,0.169,0
1,4789.0,0,2,0,0,103,0,0.384,0
7,23487.0,0,0,0,0,95,0,0.095,0
1,3634.0,0,2,1,1,4,0,0.29,1
2,6625.0,0,1,0,0,71,1,0.132,0
2,5625.0,0,1,0,0,191,0,0.183,0
3,6538.0,2,2,0,1,71,0,0.067,0
5,15791.0,0,1,0,1,183,0,0.39,0
1,3773.0,0,0,0,0,169,0,0.088,0
8,26096.0,0,5,0,1,141,0,0.124,1
5,11735.0,2,2,0,1,112,0,0.343,0
8,25701.0,1,5,0,0,80,1,0.06,0
1,3887.0,0,0,0,0,172,0,0.081,0
3,6581.0,1,6,0,0,15,1,0.117,0
3,8208.0,0,5,1,0,51,1,0.397,0
3,10454.0,0,1,0,0,4,0,0.215,0
4,17225.0,0,1,1,0,61,0,0.089,0
1,2788.0,1,2,0,0,79,0,0.026,0
5,15465.0,0,0,0,0,70,0,0.494,0
1,3697.0,1,3,0,0,307,0,0.129,0
4,15065.0,2,3,0,0,31,0,0.201,0
5,15485.0,0,0,1,0,6,0,0.303,0
1,3209.0,1,1,0,0,29,0,0.2,0
2,6009.0,0,2,0,0,114,0,0.107,0
4,13403.0,0,1,0,0,86,0,0.179,0
3,8547.0,0,2,0,0,202,0,0.426,0
5,18772.0,0,0,0,0,67,1,0.051,0
2,6963.0,0,1,0,0,139,0,0.421,0
4,12506.0,1,4,0,1,66,0,0.074,0
3,11443.0,1,4,0,0,210,0,0.103,1
1,4659.0,1,1,0,0,39,0,0.211,0
1,2511.0,2,5,0,0,53,0,0.045,0
1,3955.0,0,0,0,0,267,0,0.281,0
6,17701.0,1,2,0,0,51,0,0.336,0
7,17360.0,0,5,0,0,29,0,0.093,0
1,2814.0,0,1,0,0,43,0,0.22,0
2,7852.0,1,3,0,0,221,0,0.026,0
3,6864.0,1,3,0,0,25,0,0.268,0
3,11624.0,0,1,0,0,94,0,0.198,0
1,3114.0,2,3,0,0,3,0,0.288,0
6,14066.0,0,1,0,0,158,0,0.232,0
2,5902.0,0,2,0,0,97,1,0.097,0
8,26521.0,0,2,0,0,42,0,0.044,0
2,4486.0,1,2,0,0,138,0,0.08,0
2,8019.0,2,7,0,0,5,0,0.163,1
2,4685.0,1,1,0,0,144,0,0.318,0
3,8068.0,1,2,0,0,120,0,0.192,0
3,9274.0,2,3,0,0,41,0,0.227,0
1,4484.0,0,2,0,0,114,0,0.21,0
1,2462.0,1,2,0,0,109,0,0.126,0
3,11981.0,0,1,0,0,121,0,0.06,0
2,7505.0,0,1,0,0,207,0,0.121,0
2,4989.0,0,1,0,0,40,0,0.14,0
1,3106.0,0,3,0,0,51,0,0.159,0
3,11381.0,0,1,0,0,24,0,0.386,0
7,28163.0,0,2,0,0,115,0,0.382,0
2,4170.0,1,5,0,0,10,0,0.189,0
1,3131.0,0,0,0,1,82,0,0.061,0
1,2897.0,0,3,0,1,220,0,0.184,0
1,4085.0,1,1,0,1,98,0,0.124,1
7,22302.0,1,3,0,0,15,0,0.317,0
1,3583.0,1,2,0,1,59,0,0.18,0
2,6691.0,0,2,0,0,63,1,0.371,0
4,9932.0,4,5,0,0,134,0,0.191,1
5,12247.0,0,5,0,0,4,0,0.14,1
2,7466.0,0,3,0,0,91,0,0.218,1
3,11271.0,0,3,0,0,133,0,0.39,1
3,12946.0,2,4,0,0,123,0,0.455,0
2,7309.0,0,2,0,0,31,1,0.262,0
1,2517.0,0,1,0,0,7,0,0.163,0
7,19293.0,0,2,0,0,3,0,0.089,0
1,3946.0,0,1,0,0,46,0,0.113,0
3,7430.0,0,0,0,0,9,0,0.383,0
2,8124.0,3,8,0,0,73,0,0.174,1
5,16507.0,0,3,0,1,235,0,0.089,0
9,30153.0,0,2,0,0,1,0,0.207,0
1,4432.0,0,0,0,0,79,1,0.344,0
2,6464.0,1,3,0,0,29,0,0.144,0
6,20577.0,2,5,0,0,49,0,0.265,0
1,3387.0,0,1,0,0,82,0,0.156,0
1,3867.0,3,5,0,0,92,0,0.341,1
6,25528.0,1,4,0,0,60,0,0.288,0
10,26874.0,1,6,0,0,94,0,0.176,0
5,16846.0,1,4,0,0,2,0,0.316,0
1,3560.0,0,5,0,0,12,0,0.171,0
1,3858.0,0,1,0,0,114,0,0.236,0
1,2640.0,0,2,0,0,212,0,0.278,0
1,3649.0,0,1,0,0,152,0,0.253,0
2,7975.0,1,3,1,1,181,0,0.156,1
2,7398.0,1,3,0,0,94,0,0.152,0
4,11573.0,0,2,0,0,100,1,0.407,0
7,18696.0,0,2,0,0,105,0,0.328,0
2,6303.0,1,3,0,0,9,0,0.301,0
1,2562.0,0,0,0,0,89,0,0.143,0
2,5173.0,0,0,0,0,158,0,0.487,0
1,4140.0,0,2,0,0,7,0,0.239,0
2,6318.0,2,6,0,0,87,0,0.031,0
4,12482.0,1,2,0,0,149,0,0.274,0
6,20580.0,1,1,0,0,49,0,0.099,0
1,2578.0,0,2,0,0,13,0,0.214,0
9,24541.0,0,3,0,0,62,0,0.263,1
4,12809.0,0,5,0,0,114,0,0.105,0
5,19992.0,1,2,0,0,220,0,0.082,0
2,8268.0,0,1,0,0,5,0,0.208,0
3,9836.0,0,2,0,0,68,0,0.267,0
3,10541.0,3,4,0,0,167,0,0.339,1
2,7261.0,2,5,0,0,218,0,0.289,1
2,5650.0,0,2,0,0,69,0,0.225,0
3,11925.0,0,2,0,0,97,0,0.112,0
7,16451.0,0,5,0,0,60,0,0.167,0
2,7801.0,1,5,0,0,53,0,0.269,0
6,22498.0,0,0,0,1,155,0,0.241,1
2,5907.0,2,5,0,0,70,0,0.27,0
4,16475.0,0,3,0,0,171,0,0.339,0
1,2486.0,0,1,0,0,85,1,0.416,0
8,23347.0,1,1,0,0,166,0,0.101,1
2,5435.0,0,1,0,0,37,0,0.026,0
1,4504.0,0,5,0,0,31,0,0.074,0
5,13669.0,3,4,0,0,150,0,0.234,0
5,19195.0,0,0,0,0,24,0,0.234,0
2,8455.0,0,0,0,1,82,0,0.413,0
3,10833.0,0,3,0,0,85,0,0.279,0
6,17181.0,0,1,0,0,32,0,0.276,0
1,3168.0,0,2,0,1,108,0,0.047,0
2,7934.0,0,1,0,0,37,0,0.093,0
1,2415.0,0,3,0,0,88,1,0.176,0
4,14002.0,1,3,0,0,61,0,0.21,0
2,7234.0,0,1,0,0,110,1,0.136,1
5,19618.0,0,5,0,0,185,0,0.183,0
2,4454.0,0,0,0,0,79,0,0.105,0
8,30005.0,3,4,1,0,144,0,0.171,1
3,12102.0,0,1,0,0,178,0,0.263,0
1,4252.0,1,6,0,0,46,0,0.052,0
3,9109.0,4,9,0,0,229,0,0.034,1
1,2490.0,2,3,0,0,151,0,0.146,1
5,19054.0,0,5,0,1,97,0,0.072,0
2,8502.0,1,2,0,0,1,0,0.044,0
2,8392.0,1,1,0,0,182,1,0.314,0
2,8101.0,0,1,0,0,9,0,0.26,1
1,3546.0,3,6,0,0,48,0,0.168,0
1,4004.0,0,5,0,0,101,1,0.32,0
2,7187.0,0,4,0,0,189,0,0.218,0
2,5885.0,1,1,0,0,108,0,0.317,0
2,6736.0,0,3,0,0,172,0,0.286,0
1,2768.0,0,1,0,0,104,0,0.077,0
1,2740.0,1,2,0,0,34,0,0.176,0
1,2959.0,3,4,0,0,81,1,0.129,0
4,13954.0,1,3,0,0,8,0,0.218,0
1,2707.0,0,0,0,0,1,1,0.248,1
1,3847.0,0,4,0,1,121,0,0.179,0
2,4960.0,0,2,0,1,167,0,0.51,0
2,7396.0,0,1,0,0,139,0,0.101,0
2,6155.0,0,2,0,0,221,0,0.206,0
3,8780.0,0,1,0,0,194,0,0.143,1
4,10953.0,1,1,0,0,48,0,0.171,0
2,8287.0,0,3,0,0,168,0,0.465,0
2,8319.0,0,3,0,0,19,0,0.012,0
2,8647.0,0,3,0,0,58,0,0.048,0
1,3697.0,0,4,0,0,125,0,0.263,0
1,3333.0,0,2,0,0,13,0,0.627,0
1,2310.0,3,3,0,0,144,0,0.067,0
1,2622.0,0,1,0,0,11,0,0.126,0
6,24588.0,0,0,0,0,181,0,0.19,0
4,14379.0,0,1,0,0,68,0,0.174,0
8,24016.0,0,1,0,0,13,0,0.136,0
3,10415.0,0,2,0,0,65,0,0.418,0
1,2252.0,0,1,1,0,128,0,0.06,0
1,2459.0,0,1,0,0,201,0,0.2,0
2,8009.0,0,3,0,0,20,1,0.139,0
3,11692.0,0,2,0,0,92,0,0.422,0
2,6871.0,0,3,0,0,123,0,0.297,0
3,12831.0,3,6,0,0,187,0,0.027,0
2,5775.0,0,1,0,0,148,0,0.11,0
1,2938.0,0,5,0,0,152,0,0.09,0
1,3293.0,4,6,0,1,193,0,0.228,0
2,4304.0,2,3,0,1,132,1,0.237,1
2,5677.0,0,2,1,0,163,0,0.342,0
4,11525.0,0,1,0,0,24,0,0.112,0
1,4635.0,0,1,0,0,67,0,0.182,0
1,2070.0,0,3,0,0,10,0,0.168,0
2,7691.0,4,8,0,0,77,0,0.115,0
3,8733.0,0,1,0,0,32,0,0.089,0
6,25934.0,0,4,0,1,82,0,0.435,0
3,8464.0,0,0,0,0,90,0,0.045,1
3,9453.0,1,4,0,0,46,0,0.085,0
4,15853.0,1,4,0,0,123,0,0.073,0
8,25579.0,3,5,0,1,76,0,0.057,0
2,6099.0,0,2,0,0,215,0,0.143,0
8,22139.0,2,4,0,0,22,0,0.187,0
1,4450.0,2,4,0,0,94,1,0.248,0
7,28546.0,3,4,0,0,104,0,0.127,0
6,19783.0,0,3,0,0,154,0,0.173,0
6,23260.0,2,3,0,0,62,0,0.051,0
3,7789.0,1,3,0,0,11,0,0.126,1
1,3745.0,0,1,0,0,112,0,0.146,0
7,22498.0,2,3,0,0,4,0,0.323,1
3,12191.0,1,1,0,0,159,0,0.163,0
8,18467.0,0,4,0,0,6,0,0.247,0
3,10334.0,0,1,0,0,138,0,0.436,0
2,5571.0,0,0,0,0,90,0,0.095,1
1,2795.0,0,1,0,0,116,0,0.161,0
3,9516.0,0,0,0,0,28,0,0.329,1
2,6309.0,0,1,0,0,104,0,0.102,0
4,13248.0,0,2,0,0,165,0,0.058,0
2,6138.0,0,1,0,0,7,0,0.336,1
2,5253.0,0,2,0,0,117,0,0.293,0
1,3544.0,0,4,0,0,3,0,0.302,0
1,3426.0,0,3,0,0,115,0,0.152,0
2,6262.0,0,3,0,0,175,0,0.406,0
2,4913.0,0,0,0,0,114,0,0.06,0
1,2977.0,0,0,0,0,52,0,0.231,0
2,8172.0,0,2,0,0,67,0,0.091,0
2,5249.0,1,1,0,0,22,0,0.114,0
1,3278.0,3,8,0,0,151,0,0.039,1
2,6219.0,0,3,0,0,12,0,0.088,0
4,15879.0,0,4,0,0,10,0,0.264,0
1,3464.0,0,3,0,0,56,0,0.095,0
3,7484.0,3,4,0,0,194,0,0.261,1
3,11147.0,1,4,0,0,229,0,0.412,0
2,5372.0,1,2,0,0,33,1,0.113,0
2,6572.0,1,2,0,0,91,1,0.106,0
1,4570.0,0,2,0,0,94,0,0.078,0
1,3174.0,0,1,0,0,305,0,0.132,0
2,8725.0,0,5,0,0,33,0,0.076,0
2,7557.0,0,2,0,0,31,0,0.267,0
3,8988.0,0,3,0,0,60,0,0.134,0
6,23749.0,0,4,0,0,55,0,0.425,1
2,6411.0,2,5,0,0,25,0,0.283,0
1,2423.0,1,2,0,1,179,0,0.178,1
7,20213.0,0,3,0,0,184,0,0.067,0
3,12185.0,0,4,0,0,6,0,0.231,0
2,5856.0,1,3,0,0,17,0,0.183,0
2,8150.0,1,1,0,0,77,0,0.137,0
1,4392.0,0,1,0,1,81,0,0.195,0
1,4580.0,1,4,0,0,16,0,0.075,0
1,3548.0,1,1,0,1,162,0,0.192,0
1,4147.0,0,4,0,0,76,0,0.126,0
1,3835.0,1,2,0,0,81,0,0.085,0
4,12339.0,0,3,0,0,73,0,0.059,0
5,19378.0,0,1,0,0,269,1,0.158,0
2,5952.0,0,5,0,0,26,1,0.253,0
1,3114.0,1,1,0,1,263,0,0.237,0
3,7425.0,0,0,0,0,15,0,0.18,0
2,8492.0,0,1,0,0,40,0,0.171,0
3,10102.0,4,6,0,0,53,0,0.085,0
1,4160.0,0,0,0,0,61,0,0.127,0
8,21392.0,3,4,0,0,188,0,0.123,0
8,31435.0,0,1,0,0,102,0,0.078,1
1,4906.0,0,2,0,0,60,0,0.098,0
8,23160.0,0,0,1,0,13,0,0.125,0
3,7335.0,0,2,1,0,7,0,0.255,1
1,3460.0,0,0,0,0,53,0,0.142,0
9,32962.0,2,4,0,0,6,1,0.104,0
1,2860.0,0,2,0,0,90,1,0.188,0
2,8300.0,0,1,0,0,17,0,0.107,0
1,2972.0,0,1,0,0,131,1,0.285,1
4,11131.0,0,4,0,0,111,0,0.082,0
5,13003.0,0,0,0,0,142,0,0.073,0
3,7736.0,0,1,0,0,80,0,0.101,0
2,8558.0,0,1,0,0,38,0,0.256,0
7,22612.0,0,0,0,0,52,1,0.2,0
2,7023.0,0,5,0,0,189,0,0.156,0
1,2154.0,0,5,0,0,32,0,0.529,1
1,3138.0,1,2,0,0,69,0,0.103,0
1,4494.0,1,3,0,0,40,0,0.141,0
7,27398.0,0,2,0,0,8,0,0.22,0
4,11915.0,3,5,0,0,29,0,0.303,1
1,3064.0,1,5,0,0,46,0,0.067,1
2,7243.0,0,3,0,0,163,1,0.286,0
2,8283.0,0,5,0,0,124,0,0.238,0
4,12465.0,1,2,0,0,66,0,0.137,0
2,4907.0,0,2,0,0,107,0,0.512,0
2,6400.0,0,2,1,1,189,0,0.066,0
3,9500.0,0,3,0,0,4,0,0.475,0
1,3970.0,0,1,1,0,4,0,0.372,0
5,15802.0,0,3,0,0,35,0,0.118,0
1,3389.0,0,1,0,0,141,0,0.461,0
1,3288.0,0,2,0,0,162,0,0.228,0
2,5872.0,0,0,0,0,19,0,0.46,0
2,5469.0,0,1,0,0,150,0,0.22,1
6,24406.0,0,3,0,0,105,0,0.295,0
2,4815.0,0,2,0,0,116,1,0.184,0
1,3670.0,0,2,0,0,74,0,0.092,0
1,3681.0,1,6,0,0,74,0,0.273,1
2,8555.0,3,4,0,0,4,0,0.276,0
1,2656.0,0,1,0,0,122,0,0.215,0
2,7239.0,0,3,0,0,112,0,0.476,0
2,7246.0,0,0,0,0,185,0,0.049,0
3,7272.0,0,0,0,1,126,0,0.164,0
3,7463.0,1,2,0,0,81,0,0.205,0
2,8302.0,0,0,0,0,21,0,0.057,0
2,4475.0,0,2,0,1,51,0,0.187,0
3,11184.0,0,5,0,0,39,0,0.242,0
2,7476.0,0,1,0,0,16,0,0.229,0
1,3950.0,0,2,0,0,34,0,0.313,0
2,5055.0,0,1,0,1,6,0,0.094,0
2,6245.0,0,5,0,0,60,0,0.489,0
1,2569.0,0,0,0,0,28,1,0.174,0
2,6683.0,2,5,0,0,63,0,0.032,0
6,17251.0,0,3,0,0,57,0,0.075,0
6,12907.0,1,5,0,1,39,0,0.412,0
2,6059.0,0,1,0,0,185,0,0.382,1
4,8449.0,0,2,0,0,21,0,0.08,0
2,8627.0,0,1,0,0,11,0,0.307,0
1,2775.0,1,3,0,0,129,0,0.355,0
2,7555.0,0,0,0,0,68,0,0.21,1
1,2835.0,0,3,0,0,34,1,0.112,0
2,6539.0,0,3,0,0,43,0,0.262,0
6,21293.0,0,3,0,0,41,0,0.068,0
4,14997.0,2,2,0,0,36,0,0.218,0
9,37355.0,0,0,0,0,149,0,0.397,1
1,3959.0,1,2,0,1,76,0,0.073,0
2,6824.0,0,0,0,0,1,1,0.065,0
2,8108.0,0,2,0,1,212,0,0.203,0
2,7206.0,0,4,0,0,124,0,0.15,0
1,3486.0,0,2,0,0,168,0,0.054,0
3,10345.0,0,2,0,0,31,0,0.114,0
2,7249.0,0,1,0,0,174,0,0.099,0
8,27878.0,0,1,0,0,97,0,0.17,0
1,4007.0,0,2,0,0,165,0,0.07,0
3,6725.0,0,5,0,0,288,0,0.107,0
3,11980.0,0,0,0,0,26,0,0.256,0
4,10800.0,4,9,0,0,54,0,0.026,1
1,3000.0,0,3,0,0,9,0,0.076,0
3,9394.0,0,0,0,0,157,0,0.41,0
1,4034.0,0,1,0,0,65,0,0.138,0
5,17217.0,0,0,0,0,38,0,0.167,0
5,18328.0,1,3,0,1,138,1,0.245,0
2,6292.0,0,4,0,0,142,0,0.17,0
3,7617.0,1,4,0,0,11,0,0.183,0
3,7558.0,2,3,0,0,66,1,0.113,0
8,28422.0,0,2,0,0,136,0,0.346,0
5,18520.0,0,2,0,0,266,0,0.147,0
10,29098.0,0,3,0,0,57,0,0.29,0
3,10438.0,0,5,0,0,159,1,0.14,0
8,21944.0,2,3,0,0,22,0,0.128,0
8,20949.0,0,2,0,0,117,0,0.073,0
5,13156.0,1,1,0,0,115,1,0.04,0
4,12484.0,0,5,0,0,107,0,0.02,0
5,16722.0,1,3,1,0,26,0,0.095,0
5,12881.0,0,1,0,0,47,0,0.123,0
3,9261.0,1,3,0,1,46,1,0.068,0
1,2765.0,0,0,0,0,157,0,0.253,0
1,3122.0,0,5,0,0,3,0,0.342,1
1,1809.0,1,2,0,0,295,0,0.15,0
2,4951.0,4,6,0,0,95,0,0.176,0
5,18602.0,0,1,0,0,9,0,0.122,0
2,4372.0,1,4,0,0,83,0,0.141,0
8,29704.0,0,4,0,0,12,0,0.374,0
6,19768.0,0,1,0,0,6,0,0.181,0
2,4368.0,0,1,0,0,16,0,0.044,0
2,7890.0,0,3,0,0,12,0,0.09,0
2,6027.0,0,1,0,0,98,0,0.17,0
5,14633.0,0,0,0,0,23,0,0.069,0
5,17132.0,0,0,0,0,140,0,0.057,0
2,6228.0,0,2,0,1,96,0,0.227,0
1,4519.0,0,1,0,0,77,0,0.48,0
2,4851.0,1,6,0,0,73,0,0.101,0
3,7267.0,0,3,0,0,180,0,0.119,0
10,34239.0,1,2,0,0,55,0,0.433,1
1,3132.0,0,4,0,0,15,0,0.048,0
4,13231.0,0,0,0,0,102,0,0.228,0
1,4229.0,0,3,0,1,98,0,0.039,0
3,10961.0,0,4,0,0,20,1,0.019,0
1,2852.0,3,5,0,0,152,0,0.379,1
1,2875.0,1,5,0,0,50,0,0.144,0
8,21344.0,0,2,0,0,2,0,0.077,0
2,4714.0,0,5,0,1,108,0,0.076,0
5,11701.0,3,6,0,0,16,0,0.297,0
3,8918.0,0,4,0,0,78,1,0.315,1
1,4125.0,0,2,0,0,62,0,0.145,0
1,2580.0,1,5,0,0,140,0,0.238,0
3,9852.0,0,0,0,0,34,0,0.477,0
2,7846.0,0,1,0,0,24,0,0.038,0
3,10075.0,0,5,0,0,9,0,0.329,0
3,9482.0,0,3,0,0,31,0,0.02,0
3,12899.0,0,3,0,0,29,0,0.326,0
3,10643.0,0,2,0,0,96,0,0.287,1
1,4210.0,0,0,0,0,48,0,0.091,0
1,4038.0,0,2,1,0,183,0,0.131,0
5,16277.0,1,5,0,0,103,0,0.12,0
7,26537.0,0,3,1,1,72,0,0.205,0
1,3524.0,0,2,0,0,62,0,0.217,0
5,16767.0,0,5,0,0,22,0,0.081,0
3,12424.0,0,1,0,1,85,0,0.283,0
4,11832.0,1,4,0,0,131,0,0.11,0
2,4909.0,0,3,0,0,33,0,0.415,0
5,15216.0,0,0,0,0,68,0,0.252,0
4,14368.0,3,6,0,0,58,0,0.177,0
1,4027.0,0,2,0,0,92,1,0.101,0
2,7540.0,0,3,0,0,79,0,0.398,0
3,12015.0,0,4,0,0,113,0,0.406,0
2,8032.0,0,0,0,1,22,0,0.445,1
1,3820.0,1,2,0,0,72,0,0.137,0
3,9505.0,1,1,0,0,47,0,0.255,0
6,24269.0,1,2,0,0,72,0,0.146,1
2,6679.0,0,0,0,0,112,0,0.267,0
1,4192.0,0,2,0,0,14,0,0.127,0
2,6793.0,0,0,0,0,92,0,0.339,0
7,18477.0,0,3,0,0,80,1,0.127,0
1,3344.0,0,5,0,0,36,0,0.118,0
6,21911.0,0,4,0,0,81,0,0.42,0
1,2239.0,4,4,0,0,311,0,0.17,0
2,6330.0,1,6,0,0,10,0,0.102,0
1,3251.0,0,0,0,0,16,0,0.143,0
3,12247.0,1,3,0,0,165,0,0.333,0
2,5367.0,0,0,0,0,113,0,0.167,0
1,3425.0,0,3,0,0,45,0,0.28,0
3,11365.0,0,0,0,0,144,0,0.116,0
1,3306.0,1,3,1,0,5,0,0.208,0
3,11693.0,0,2,0,0,105,0,0.472,0
1,3351.0,0,3,0,1,145,0,0.031,0
2,9044.0,3,3,0,0,24,0,0.098,0
1,3368.0,0,1,0,0,21,0,0.126,0
1,4621.0,0,3,0,0,85,0,0.193,0
6,22056.0,0,4,0,0,160,0,0.102,0
2,8311.0,0,2,0,0,15,0,0.276,0
4,10558.0,3,6,0,0,183,0,0.108,0
2,4631.0,2,4,0,0,154,0,0.246,0
2,4838.0,1,3,0,0,3,0,0.431,0
6,15385.0,3,4,0,0,68,0,0.115,0
7,20188.0,0,2,0,0,82,0,0.482,0
3,12587.0,0,1,0,0,53,0,0.041,0
1,2691.0,1,2,0,0,75,0,0.204,0
2,4399.0,0,4,0,0,45,0,0.235,0
1,1751.0,1,2,0,0,18,0,0.43,0
1,3382.0,0,0,0,0,75,0,0.091,0
9,37096.0,0,2,0,0,174,1,0.134,0
3,7502.0,0,2,0,0,30,0,0.093,0
1,2487.0,0,3,0,0,106,0,0.147,0
3,8754.0,0,1,0,0,89,1,0.503,0
3,12446.0,0,4,0,0,5,0,0.386,0
6,25137.0,0,0,0,0,210,0,0.15,1
2,7318.0,1,2,0,0,141,0,0.205,0
8,23836.0,0,3,0,0,158,0,0.224,0
6,19603.0,0,5,0,0,117,0,0.185,0
2,5591.0,0,5,0,0,56,1,0.304,0
3,8994.0,1,4,0,0,4,0,0.051,0
6,12794.0,2,6,0,0,6,0,0.296,0
1,2155.0,0,2,0,0,23,1,0.172,0
8,20014.0,1,3,0,1,234,0,0.042,0
6,17397.0,0,0,1,1,64,1,0.103,0
3,10235.0,0,0,0,0,49,0,0.145,0
2,5008.0,0,2,0,0,85,0,0.147,0
1,4460.0,1,1,0,0,40,0,0.099,1
2,5240.0,0,3,0,0,7,0,0.214,0
4,15691.0,0,0,0,0,130,0,0.276,0
2,5731.0,0,2,1,0,141,0,0.359,1
1,2958.0,1,4,0,1,58,0,0.164,0
8,24896.0,0,5,0,0,46,0,0.396,1
1,2591.0,1,2,0,1,23,0,0.106,0
1,2475.0,0,2,0,0,56,0,0.251,0
8,24168.0,0,1,0,0,102,0,0.186,0
2,6667.0,0,5,0,0,85,0,0.33,0
2,6249.0,1,4,0,0,0,0,0.043,0
5,16347.0,1,2,0,0,44,1,0.356,0
2,4859.0,0,0,0,0,83,0,0.43,0
1,3499.0,3,7,0,0,175,0,0.033,0
1,3675.0,0,2,0,0,185,0,0.162,0
2,6297.0,0,1,0,0,7,0,0.216,0
2,8166.0,1,4,0,0,80,0,0.392,0
4,17128.0,0,1,0,0,216,0,0.451,0
3,9122.0,1,6,0,0,60,0,0.24,0
2,6523.0,0,3,0,0,250,0,0.131,0
4,16546.0,0,1,0,0,177,1,0.133,0
4,13589.0,1,3,0,0,120,0,0.286,0
2,6222.0,0,1,0,0,43,0,0.147,0
6,20802.0,0,2,0,0,78,0,0.039,0
2,5863.0,0,1,0,1,105,0,0.088,0
3,8662.0,0,4,0,0,15,0,0.129,0
9,36501.0,0,4,0,0,258,1,0.123,1
2,7242.0,0,1,0,0,37,0,0.083,0
6,19005.0,2,6,0,0,50,0,0.043,1
2,6586.0,1,3,0,0,40,0,0.052,0
1,3217.0,0,0,0,0,168,0,0.339,0
2,6123.0,2,2,0,0,55,0,0.051,0
2,6920.0,1,3,0,0,93,0,0.283,0
6,19420.0,0,3,0,0,52,0,0.105,0
7,26833.0,1,1,0,0,131,0,0.3,1
6,16176.0,0,1,0,0,163,1,0.079,1
2,4423.0,0,5,0,0,223,0,0.208,0
3,7984.0,1,1,1,0,251,1,0.034,0
8,26640.0,2,3,0,0,1,1,0.556,1
4,15060.0,0,1,0,0,166,0,0.069,1
3,7809.0,1,4,0,0,160,0,0.095,0
8,29054.0,0,1,0,0,39,0,0.158,0
3,10024.0,0,3,0,0,26,0,0.062,0
4,16831.0,0,1,0,0,66,0,0.341,0
1,2738.0,0,1,1,0,58,0,0.152,1
3,10001.0,1,4,0,0,24,0,0.322,0
2,6226.0,0,1,0,0,216,1,0.327,0
5,13835.0,1,2,0,0,141,0,0.091,0
4,14679.0,0,0,0,0,67,0,0.104,0
1,4705.0,4,6,0,0,12,0,0.274,0
8,25608.0,1,3,0,0,116,1,0.309,0
1,4629.0,0,1,0,1,38,0,0.132,0
1,4254.0,0,1,0,0,99,0,0.097,0
1,2933.0,0,4,1,0,43,0,0.204,0
4,16000.0,0,1,0,0,39,0,0.253,0
4,12724.0,0,1,0,1,25,0,0.034,0
3,9822.0,0,5,0,0,102,1,0.022,0
3,9014.0,0,0,0,0,45,0,0.221,0
3,9365.0,0,2,0,0,26,0,0.245,0
2,7545.0,0,1,0,0,19,0,0.135,0
8,24680.0,0,0,0,0,26,0,0.19,1
3,12220.0,2,4,0,0,1,1,0.246,1
1,3601.0,0,4,0,0,62,0,0.381,0
3,10387.0,0,1,0,0,112,0,0.129,0
8,22760.0,3,5,0,0,82,0,0.305,1
4,16152.0,1,2,1,0,78,0,0.053,0
2,4963.0,1,4,1,0,11,0,0.13,0
4,14299.0,0,4,0,0,123,0,0.069,0
2,4365.0,1,2,0,0,129,0,0.37,0
5,11829.0,1,2,1,1,80,0,0.194,0
2,7413.0,0,3,0,1,221,0,0.241,0
1,4024.0,3,6,0,0,68,0,0.327,0
4,11612.0,0,2,0,0,33,0,0.296,0
3,8250.0,0,0,1,0,27,0,0.233,0
1,3061.0,0,0,0,0,44,0,0.263,0
1,2180.0,0,0,0,0,60,0,0.065,0
5,20718.0,0,4,0,0,155,0,0.083,0
3,8496.0,0,1,0,0,87,0,0.392,0
2,4509.0,0,0,0,0,93,0,0.323,0
2,7594.0,0,3,0,0,65,0,0.191,0
4,9573.0,3,3,1,0,107,0,0.281,1
2,4780.0,0,4,0,0,172,0,0.28,0
3,8522.0,0,1,0,0,204,0,0.092,0
1,3555.0,0,0,0,0,197,1,0.112,0
7,16950.0,0,0,0,1,34,0,0.63,0
2,4828.0,0,4,0,0,50,0,0.151,0
3,10058.0,0,4,0,0,22,0,0.191,0
3,10302.0,0,4,0,0,19,0,0.147,0
3,6536.0,1,5,0,0,159,1,0.227,0
1,2668.0,0,2,0,0,28,0,0.359,0
2,6119.0,1,3,0,0,71,0,0.158,0
2,8155.0,2,3,0,0,49,0,0.085,1
3,11087.0,0,2,0,0,115,0,0.087,0
5,17613.0,1,1,0,0,142,1,0.129,0
1,3650.0,1,2,0,0,115,1,0.263,0
5,14134.0,1,1,0,0,24,0,0.246,0
6,16432.0,0,2,0,0,55,0,0.254,1
1,4641.0,2,5,0,0,124,0,0.041,0
6,22914.0,0,1,0,0,34,1,0.411,0
4,15926.0,1,2,0,0,248,0,0.205,1
1,3304.0,0,2,0,0,295,0,0.226,0
7,21262.0,0,3,0,0,232,0,0.06,0
5,18079.0,0,2,0,1,76,0,0.012,0
3,11887.0,0,1,0,0,98,1,0.024,0
1,4448.0,0,5,0,0,112,0,0.197,0
1,3969.0,0,0,0,0,45,0,0.071,0
7,21560.0,0,0,0,1,15,0,0.333,0
1,2912.0,1,1,0,0,6,0,0.161,0
2,6006.0,0,4,0,0,122,0,0.287,0
1,4231.0,0,0,0,0,163,0,0.191,0
8,22424.0,3,4,0,0,116,0,0.427,1
8,20700.0,0,2,0,1,136,0,0.127,0
5,16683.0,2,5,0,0,116,0,0.187,1
1,3031.0,0,4,0,0,90,0,0.049,0
1,3374.0,0,3,0,1,69,0,0.188,0
2,6076.0,0,4,0,1,73,0,0.169,0
1,3728.0,0,3,0,0,45,0,0.153,0
4,12143.0,0,1,0,0,79,0,0.099,0
1,4170.0,2,7,0,0,94,1,0.097,0
1,4092.0,2,5,0,0,140,0,0.096,0
5,18460.0,0,1,0,0,117,0,0.198,0
7,21574.0,0,1,0,0,102,1,0.065,0
1,3049.0,0,5,0,0,128,0,0.063,0
1,4119.0,0,2,0,0,152,0,0.058,0
1,3401.0,0,0,1,0,51,0,0.121,1
8,24880.0,2,2,0,0,33,0,0.258,0
7,16879.0,0,0,0,0,83,0,0.045,1
2,6067.0,0,0,0,0,3,1,0.234,0
1,2553.0,0,1,1,0,124,0,0.2,0
1,2754.0,0,0,0,0,95,0,0.282,0
2,9065.0,0,3,0,0,258,0,0.444,0
1,3580.0,0,1,0,0,58,0,0.165,0
1,4187.0,0,4,0,0,69,0,0.327,0
9,21473.0,0,1,0,0,40,1,0.108,0
2,8958.0,0,1,0,0,75,0,0.125,0
1,3880.0,3,5,0,0,156,0,0.244,0
2,5252.0,1,2,0,0,93,0,0.297,0
2,7040.0,0,2,0,1,113,0,0.063,0
6,19320.0,1,2,0,0,51,1,0.241,0
1,2430.0,0,5,0,0,180,0,0.166,0
2,7271.0,0,5,0,0,110,0,0.13,0
2,6597.0,0,3,0,0,56,0,0.288,0
3,7746.0,0,1,0,0,20,0,0.086,0
5,19696.0,0,5,0,0,189,0,0.036,0
1,2093.0,0,3,0,0,43,0,0.176,0
1,2659.0,0,1,1,0,45,0,0.242,0
4,14443.0,3,6,0,0,1,0,0.27,1
3,10987.0,0,2,0,0,196,0,0.144,0
1,2869.0,0,0,0,0,151,0,0.255,0
1,3687.0,1,4,0,0,22,0,0.176,0
1,2569.0,0,0,0,1,166,0,0.036,0
1,4592.0,0,5,0,1,128,0,0.28,0
2,5668.0,1,2,0,0,20,0,0.134,0
2,8994.0,0,0,0,0,146,0,0.319,0
1,3358.0,1,3,0,0,35,0,0.201,0
2,4222.0,1,3,0,0,109,0,0.179,0
1,3722.0,0,4,0,0,34,0,0.386,0
2,5609.0,2,2,0,0,39,0,0.05,0
3,11313.0,1,6,0,0,6,0,0.156,1
2,6145.0,0,3,0,0,181,0,0.307,0
1,4042.0,0,3,0,0,148,0,0.301,0
2,8439.0,0,1,0,0,32,0,0.454,0
3,9838.0,0,2,0,0,96,0,0.144,0
5,15060.0,0,5,0,0,91,0,0.222,0
1,2991.0,0,1,0,0,47,0,0.364,0
1,4435.0,1,3,1,0,40,1,0.16,1
5,17278.0,0,0,0,0,121,0,0.14,0
2,8398.0,2,6,0,0,68,0,0.289,0
3,10153.0,0,1,0,0,24,0,0.217,0
2,7333.0,0,5,0,0,46,0,0.251,0
2,7972.0,0,4,0,0,76,0,0.296,0
2,4498.0,2,3,0,0,11,0,0.09,0
1,2973.0,0,0,0,0,46,0,0.188,0
7,19369.0,1,3,0,0,70,0,0.133,0
2,7098.0,1,4,0,0,231,1,0.134,0
1,3791.0,0,2,0,0,2,0,0.075,0
4,10598.0,2,5,0,0,32,0,0.313,1
6,20922.0,0,0,0,0,130,0,0.302,0
5,11645.0,1,1,0,0,138,0,0.063,0
1,3502.0,0,1,0,0,72,0,0.148,0
1,3002.0,0,2,0,0,84,0,0.327,0
6,14760.0,0,2,0,0,67,0,0.171,0
3,9210.0,1,4,0,0,152,1,0.228,0
1,2777.0,0,3,0,0,77,1,0.245,0
4,12734.0,1,3,0,0,57,1,0.23,0
7,24136.0,1,5,0,0,46,0,0.226,1
3,12454.0,0,1,0,0,172,0,0.062,0
2,7957.0,2,3,0,0,149,1,0.101,0
6,20833.0,1,5,0,1,57,1,0.204,1
2,6174.0,3,3,0,1,60,1,0.449,0
4,15074.0,0,0,0,0,59,0,0.06,0
1,4659.0,0,2,0,0,105,0,0.375,0
1,3992.0,0,1,0,0,28,0,0.192,0
1,4660.0,0,0,0,0,185,0,0.093,0
7,19834.0,4,6,0,0,24,0,0.318,0
1,4120.0,1,5,1,1,123,0,0.27,1
2,4998.0,1,4,0,0,186,0,0.249,0
1,2808.0,0,3,0,0,115,0,0.197,0
2,7575.0,0,0,0,0,39,0,0.349,0
7,24578.0,0,2,0,0,37,0,0.458,1
3,12404.0,0,3,0,0,73,0,0.121,0
3,9953.0,0,0,0,0,108,0,0.274,0
2,6436.0,0,4,0,0,252,0,0.055,0
1,2609.0,1,3,0,0,83,0,0.189,0
8,25865.0,1,4,0,0,102,0,0.167,1
1,3597.0,1,4,0,0,161,0,0.125,0
4,14903.0,1,4,0,0,35,0,0.07,0
5,21346.0,0,0,0,0,64,0,0.599,1
2,5118.0,1,3,0,0,40,0,0.363,0
3,9973.0,0,5,0,0,59,1,0.173,1
1,2916.0,0,1,0,0,92,0,0.213,0
3,9647.0,1,3,0,0,172,0,0.121,0
5,13852.0,0,3,0,0,66,0,0.194,0
4,14323.0,0,2,0,0,58,0,0.178,0
3,7230.0,0,2,0,0,43,0,0.535,0
2,7472.0,1,3,0,0,89,0,0.153,0
3,8247.0,0,1,0,0,161,0,0.273,1
1,2074.0,0,0,0,0,4,0,0.05,0
4,10673.0,0,2,0,1,49,1,0.104,0
6,18866.0,1,3,0,0,87,1,0.423,1
1,3782.0,0,3,0,0,64,0,0.329,0
5,18571.0,1,5,0,0,167,0,0.182,0
1,3583.0,0,1,0,0,186,0,0.416,0
1,4431.0,0,2,0,0,97,0,0.133,0
3,12332.0,2,2,0,0,35,0,0.218,0
1,3416.0,0,0,0,0,126,0,0.192,0
2,6070.0,0,1,0,0,172,0,0.141,0
3,10375.0,2,3,0,0,43,1,0.293,0
7,21068.0,1,2,0,0,88,0,0.358,0
1,3877.0,0,2,0,0,83,0,0.096,0
1,2461.0,4,6,0,0,104,0,0.335,0
1,4182.0,1,1,0,0,164,0,0.04,0
4,14822.0,2,2,0,0,7,1,0.152,0
2,7505.0,0,3,0,0,61,0,0.123,0
3,7414.0,0,5,0,0,49,0,0.419,0
1,3868.0,2,2,0,1,35,0,0.44,0
2,8473.0,0,0,0,0,24,0,0.232,0
1,3832.0,0,2,0,0,10,1,0.229,0
3,8400.0,0,5,0,0,0,0,0.183,0
9,36129.0,0,0,0,0,16,0,0.297,0
3,7315.0,0,2,0,0,89,0,0.067,0
1,4253.0,2,5,0,0,93,0,0.188,0
2,7786.0,2,2,0,1,35,0,0.176,0
2,8230.0,1,1,0,0,147,0,0.107,0
2,6054.0,0,0,0,0,69,0,0.167,0
1,2840.0,0,1,0,0,89,0,0.369,0
1,2903.0,2,3,0,0,28,0,0.108,0
1,3473.0,1,1,0,0,98,0,0.293,0
5,13148.0,0,0,0,0,81,0,0.101,0
4,11171.0,0,0,0,0,46,0,0.129,0
8,23925.0,0,0,0,0,130,0,0.113,1
2,7636.0,0,1,0,0,101,0,0.121,0
5,20296.0,0,1,0,0,150,0,0.057,0
1,3220.0,1,1,0,0,35,0,0.379,0
5,16714.0,1,6,0,0,62,0,0.314,0
1,2922.0,1,5,0,0,150,1,0.039,0
1,3394.0,1,5,0,0,45,0,0.16,0
6,21395.0,2,7,0,1,52,0,0.111,0
3,10679.0,3,3,0,0,115,0,0.173,0
2,6416.0,0,1,0,1,151,0,0.457,0
1,4417.0,0,3,0,0,175,0,0.254,0
3,10153.0,2,4,0,0,12,0,0.078,0
5,12521.0,2,4,0,0,18,0,0.045,0
1,3912.0,0,0,0,0,95,0,0.19,0
1,2697.0,0,3,0,0,118,0,0.086,0
8,19148.0,0,0,0,0,75,1,0.096,0
2,6858.0,0,2,0,1,24,0,0.045,0
1,2429.0,1,3,0,0,72,0,0.142,0
2,5241.0,0,1,0,0,9,0,0.176,0
1,2794.0,1,5,0,0,6,0,0.348,0
1,2814.0,1,2,0,0,19,0,0.278,0
3,11410.0,0,2,0,0,82,0,0.036,0
2,6965.0,0,3,0,0,26,0,0.101,0
1,3819.0,3,4,0,0,18,0,0.391,0
2,7779.0,0,0,0,1,77,0,0.031,0
2,8526.0,0,1,1,0,101,0,0.09,0
2,6363.0,0,0,0,0,9,1,0.426,0
3,11055.0,0,3,0,0,12,0,0.387,0
1,3817.0,0,1,0,0,27,0,0.311,0
1,3415.0,0,5,0,0,127,0,0.24,0
2,8514.0,0,0,0,0,254,0,0.11,0
2,4645.0,0,0,0,0,72,0,0.022,0
2,7268.0,0,2,0,0,59,0,0.39,0
3,12660.0,1,1,0,0,70,0,0.247,0
4,10636.0,0,5,0,0,63,0,0.274,0
2,5469.0,0,1,0,0,51,0,0.259,0
2,7013.0,0,1,0,0,24,0,0.109,0
1,3020.0,2,2,0,0,38,0,0.183,1
1,3763.0,0,3,0,0,141,0,0.179,0
1,4602.0,0,0,0,0,12,0,0.366,0
1,4454.0,0,0,0,0,121,0,0.182,0
2,5380.0,0,0,0,0,2,0,0.389,0
8,21109.0,0,0,0,0,206,0,0.562,0
2,8046.0,0,3,1,0,54,0,0.041,0
6,20004.0,1,4,0,0,43,1,0.16,0
10,36058.0,0,2,0,0,27,0,0.192,0
1,3859.0,0,1,0,0,94,0,0.139,0
3,9061.0,0,4,0,0,84,0,0.344,0
1,4315.0,1,1,0,1,96,1,0.183,0
1,3484.0,0,0,0,0,36,0,0.045,0
9,23448.0,1,1,0,1,256,0,0.17,1
3,11883.0,1,3,0,0,35,0,0.191,0
1,3166.0,1,3,1,0,14,0,0.023,0
5,16867.0,0,2,0,0,120,1,0.15,0
1,3707.0,0,0,0,0,59,0,0.164,0
5,11780.0,0,1,0,0,69,0,0.194,0
3,8447.0,0,5,0,0,38,0,0.375,1
6,24580.0,0,0,0,1,109,1,0.458,0
3,11102.0,0,4,0,0,205,1,0.236,0
1,3204.0,0,1,0,0,67,0,0.127,0
5,13243.0,0,1,0,0,111,0,0.171,0
3,8862.0,2,5,0,0,52,0,0.298,0
2,6967.0,1,6,0,0,105,0,0.299,1
2,6689.0,0,2,0,0,156,0,0.184,0
6,22638.0,1,5,0,0,30,0,0.254,0
8,28896.0,1,2,0,0,119,0,0.161,1
2,5778.0,0,0,0,0,245,1,0.163,0
3,11507.0,1,1,0,0,44,0,0.171,0
1,4533.0,2,7,0,0,72,0,0.124,1
2,5116.0,0,3,0,0,36,0,0.164,1
6,22728.0,0,0,0,0,43,0,0.182,0
7,17934.0,2,3,0,0,45,0,0.142,0
3,6821.0,0,2,0,0,45,0,0.478,0
1,3511.0,1,3,0,0,14,0,0.148,0
1,3051.0,0,1,0,0,79,0,0.303,0
2,5538.0,1,1,0,0,24,1,0.179,1
1,2920.0,0,0,0,0,109,0,0.194,1
3,10371.0,1,3,0,0,20,0,0.228,0
1,3773.0,0,3,0,0,163,0,0.401,0
2,7261.0,0,2,0,1,19,1,0.064,0
7,19532.0,0,0,0,1,94,0,0.397,0
4,11565.0,0,2,0,1,22,0,0.148,0
2,5109.0,1,4,1,0,229,0,0.095,1
1,2328.0,0,2,0,0,104,0,0.089,0
2,8289.0,0,5,0,0,14,0,0.236,0
2,6064.0,0,0,0,0,52,0,0.152,0
2,8227.0,0,2,0,0,225,0,0.271,0
7,26987.0,0,3,0,0,273,0,0.324,0
7,19335.0,1,3,0,0,9,1,0.2,0
6,17582.0,0,3,0,0,74,0,0.066,0
4,14186.0,0,5,1,1,130,0,0.138,0
1,4574.0,0,1,0,0,260,0,0.045,0
2,4671.0,1,2,0,0,33,0,0.197,0
7,17060.0,0,3,0,0,34,0,0.183,0
3,7704.0,1,6,0,0,66,0,0.373,0
2,5460.0,0,3,0,0,120,0,0.585,0
3,12540.0,2,2,1,0,70,0,0.32,1
4,15995.0,0,0,0,0,83,0,0.057,0
3,8535.0,1,3,0,0,63,1,0.289,0
4,15169.0,0,0,0,1,44,0,0.243,0
1,2874.0,0,0,0,0,38,0,0.197,0
4,12094.0,0,1,0,0,101,0,0.143,0
1,2734.0,0,1,0,0,13,0,0.249,0
3,8298.0,1,3,0,0,1,1,0.16,0
2,7550.0,1,5,0,0,124,0,0.122,0
2,6520.0,0,1,0,0,58,0,0.09,0
1,3423.0,0,3,0,0,99,1,0.216,0
2,8475.0,0,1,0,0,105,0,0.125,0
2,5698.0,0,1,0,0,101,0,0.041,0
2,7401.0,0,1,0,0,90,0,0.313,0
3,8869.0,1,3,0,0,117,0,0.124,0
1,3139.0,0,2,0,0,49,0,0.333,0
3,11800.0,4,7,0,0,15,0,0.08,0
1,3960.0,1,6,0,0,125,0,0.096,0
2,6584.0,0,4,0,0,50,0,0.103,0
2,9104.0,0,2,0,0,117,0,0.073,1
1,2527.0,0,0,0,0,82,0,0.09,0
2,4542.0,1,6,0,0,148,0,0.106,0
2,7121.0,3,4,0,0,86,0,0.077,0
9,20248.0,1,2,0,0,122,0,0.233,0
10,38398.0,0,2,0,0,9,0,0.272,0
3,9669.0,0,2,1,0,98,0,0.188,0
1,3982.0,1,4,0,0,101,1,0.286,0
1,3489.0,0,3,0,0,32,0,0.2,0
2,6011.0,1,2,0,0,37,0,0.119,0
1,2353.0,0,5,0,0,126,0,0.175,0
2,5323.0,1,6,0,0,170,0,0.097,0
8,23184.0,0,3,0,0,37,0,0.422,0
2,8232.0,0,2,0,1,55,0,0.186,0
9,31265.0,2,6,0,0,58,0,0.129,1
9,23265.0,0,2,0,0,24,0,0.105,1
2,7712.0,0,0,0,0,23,0,0.238,0
2,7621.0,3,7,0,0,180,0,0.32,0
5,16747.0,1,3,0,0,81,0,0.104,1
1,3445.0,1,4,0,0,106,1,0.186,0
3,8472.0,0,3,0,1,69,0,0.71,0
8,18112.0,0,0,0,0,28,0,0.332,0
3,10258.0,4,6,0,0,11,1,0.375,1
1,3365.0,0,1,1,1,105,0,0.126,0
2,4551.0,2,2,0,0,20,0,0.225,1
5,17959.0,4,9,0,0,174,0,0.128,0
1,3280.0,1,3,0,0,94,1,0.211,0
1,3251.0,1,6,0,0,256,0,0.099,0
7,27615.0,1,2,0,0,31,0,0.025,0
1,3862.0,1,4,0,0,26,0,0.094,0
2,6870.0,0,1,0,0,27,0,0.429,0
1,3051.0,0,2,0,0,96,0,0.256,0
2,6138.0,0,1,0,0,22,0,0.281,0
5,14216.0,1,5,0,1,153,0,0.109,0
7,24052.0,0,2,0,1,275,1,0.446,0
7,27360.0,1,4,0,0,100,1,0.039,1
1,4225.0,0,2,0,0,137,1,0.373,0
4,14537.0,0,3,1,1,80,0,0.333,0
1,2439.0,0,0,0,0,112,0,0.371,0
2,6350.0,2,7,0,0,50,0,0.177,0
1,2391.0,0,3,0,0,46,0,0.201,0
4,14416.0,0,3,0,0,211,0,0.015,0
2,6378.0,0,1,0,0,125,0,0.342,0
1,2779.0,1,1,0,0,71,0,0.153,0
4,13945.0,0,2,0,1,211,0,0.168,0
3,11859.0,0,2,0,0,67,0,0.059,0
2,7154.0,1,1,0,0,10,0,0.076,1
3,12226.0,2,3,0,0,196,0,0.353,0
1,4395.0,0,4,0,0,84,0,0.057,0
2,8238.0,0,4,0,0,83,0,0.209,0
1,2777.0,0,3,0,0,18,0,0.139,0
1,3743.0,0,1,0,0,7,0,0.186,0
1,1978.0,0,0,0,0,33,0,0.173,0
3,7586.0,1,2,0,0,10,0,0.211,0
7,16668.0,0,4,0,0,162,0,0.081,1
7,17189.0,3,3,0,0,58,0,0.078,1
2,6620.0,3,8,0,0,28,0,0.106,0
3,11865.0,0,0,0,0,15,0,0.062,0
2,5933.0,0,4,0,0,120,1,0.14,0
2,7061.0,0,0,0,0,100,0,0.308,0
1,3300.0,1,4,0,0,94,0,0.179,0
4,14871.0,0,0,0,0,24,0,0.173,0
7,20269.0,0,0,0,0,55,0,0.251,0
2,9019.0,0,1,0,0,54,0,0.191,1
3,9657.0,0,1,0,0,134,0,0.1,0
2,8564.0,4,7,0,0,29,0,0.36,1
2,6950.0,0,3,0,0,19,0,0.222,0
4,10374.0,0,1,0,0,40,0,0.222,0
1,2270.0,3,6,0,0,103,1,0.171,1
2,5452.0,0,2,0,0,39,0,0.111,0
7,26849.0,0,1,0,0,14,1,0.174,0
7,17717.0,0,2,0,0,51,1,0.223,0
3,10085.0,1,4,0,0,154,0,0.191,0
2,5978.0,0,3,0,0,52,0,0.205,0
1,3232.0,0,5,0,0,97,0,0.28,0
7,22889.0,0,4,0,0,21,0,0.09,0
1,3104.0,1,3,0,0,51,0,0.357,0
2,4778.0,1,4,0,0,15,0,0.118,0
1,3939.0,0,2,0,0,132,1,0.138,0
4,10466.0,0,5,0,0,121,0,0.343,0
3,9114.0,1,3,0,0,47,0,0.332,0
8,18325.0,0,1,0,1,44,0,0.121,1
1,2845.0,0,5,0,0,112,0,0.193,0
3,11073.0,3,3,0,0,59,0,0.069,0
2,4924.0,3,7,0,0,92,0,0.216,0
4,12424.0,0,3,0,0,149,0,0.203,0
2,4533.0,0,0,0,0,303,0,0.27,0
2,4964.0,0,3,0,0,217,0,0.299,0
4,8720.0,0,2,0,1,304,0,0.221,0
1,3976.0,0,5,0,0,17,0,0.207,0
1,3253.0,0,3,0,0,177,1,0.055,1
4,11615.0,0,3,0,1,51,0,0.289,0
10,36112.0,0,3,0,0,132,0,0.099,1
5,17226.0,0,1,0,0,73,0,0.095,0
7,19449.0,0,3,0,1,20,0,0.446,1
2,6638.0,0,5,0,1,209,0,0.184,0
3,12011.0,0,0,0,1,52,0,0.099,0
2,7931.0,0,0,0,1,86,0,0.418,0
5,15746.0,0,1,0,0,45,0,0.045,0
6,19334.0,1,2,1,0,8,0,0.181,1
1,3776.0,0,2,0,0,172,0,0.278,0
1,2097.0,0,1,0,0,57,0,0.391,0
2,8009.0,0,5,0,0,32,0,0.136,0
1,2627.0,1,2,0,0,190,0,0.241,0
2,5355.0,0,3,0,0,242,0,0.018,0
1,2459.0,1,2,0,0,50,0,0.517,0
2,5932.0,0,0,0,0,134,0,0.06,0
7,17293.0,0,1,0,0,40,1,0.267,0
4,15833.0,0,1,0,0,140,0,0.077,0
3,7346.0,0,2,1,0,31,0,0.361,0
1,2825.0,0,1,0,0,187,0,0.128,0
3,8880.0,0,4,0,0,119,0,0.201,0
8,24096.0,0,1,0,0,187,0,0.219,0
1,3147.0,0,2,0,1,5,0,0.36,0
2,5307.0,0,1,0,0,59,0,0.315,0
3,9131.0,0,2,0,0,71,0,0.198,0
2,6548.0,2,7,0,0,17,1,0.165,0
5,12499.0,0,1,0,0,15,0,0.516,0
3,7292.0,4,5,0,0,11,0,0.019,0
2,7677.0,2,3,0,0,108,0,0.378,0
3,9441.0,0,2,0,0,145,0,0.13,0
2,7101.0,1,2,0,0,57,0,0.121,0
6,21859.0,0,2,1,0,46,0,0.092,0
2,5132.0,0,2,0,0,135,0,0.168,0
4,13608.0,0,5,1,0,66,1,0.421,0
1,2218.0,1,2,0,0,11,0,0.201,0
2,6502.0,0,2,0,0,147,0,0.144,0
1,4504.0,0,0,0,0,5,1,0.149,0
1,2853.0,0,4,0,0,198,0,0.17,0
1,2549.0,1,2,0,0,177,0,0.5,0
3,10905.0,1,6,1,0,96,0,0.294,0
2,8011.0,0,1,1,0,168,0,0.116,0
2,5412.0,0,1,0,0,200,0,0.341,0
8,20312.0,0,2,0,0,61,0,0.371,1
5,20107.0,0,3,0,0,28,0,0.283,0
4,13992.0,0,1,0,0,30,0,0.181,0
6,18864.0,0,4,0,0,161,0,0.282,0
2,6216.0,0,3,0,0,91,0,0.412,0
1,3568.0,0,2,0,0,116,0,0.07,0
4,14119.0,1,4,0,0,190,0,0.07,0
2,4481.0,2,4,0,0,180,0,0.29,1
2,6735.0,0,1,0,0,70,0,0.208,0
1,3734.0,0,2,0,0,39,0,0.231,0
2,6660.0,0,1,0,0,201,0,0.019,0
1,3344.0,0,1,0,0,161,0,0.278,0
4,16963.0,0,1,0,0,103,0,0.079,1
2,6529.0,0,1,0,1,64,0,0.165,0
1,3827.0,0,0,0,0,22,0,0.389,0
2,4870.0,1,4,0,0,140,0,0.346,0
2,6944.0,0,4,0,0,225,0,0.331,0
1,2899.0,4,6,0,0,14,0,0.387,0
1,3799.0,0,1,0,0,60,0,0.065,0
1,3667.0,1,6,0,0,104,0,0.103,1
3,12045.0,0,3,0,0,188,0,0.182,0
4,9840.0,0,3,0,0,0,0,0.105,1
1,3753.0,1,6,0,0,31,0,0.056,0
2,8229.0,1,1,0,0,62,0,0.233,0
4,15929.0,0,1,0,0,73,0,0.206,0
1,4499.0,0,0,0,0,122,0,0.491,0
2,7628.0,1,1,0,0,78,0,0.338,0
3,11625.0,0,0,0,0,42,0,0.163,0
3,11257.0,0,1,0,0,110,0,0.752,0
6,23304.0,3,8,0,0,112,0,0.101,1
3,9999.0,1,4,0,0,43,0,0.305,1
1,2953.0,0,1,0,1,62,0,0.383,0
1,2538.0,2,3,0,0,137,0,0.065,0
5,15611.0,1,4,0,1,217,0,0.11,0
2,7311.0,0,4,0,0,202,0,0.058,0
2,5381.0,0,0,0,0,14,0,0.33,0
3,7110.0,0,2,0,0,97,0,0.425,0
5,19733.0,0,1,0,0,171,0,0.097,0
3,12443.0,0,3,0,0,57,0,0.119,0
9,20858.0,0,3,0,0,104,0,0.197,0
1,2058.0,1,5,0,0,126,0,0.248,0
2,6468.0,0,3,0,0,12,0,0.172,0
2,7668.0,0,2,0,0,154,0,0.096,0
6,16465.0,3,3,0,0,69,0,0.474,0
1,2998.0,0,3,0,0,49,0,0.293,0
2,5533.0,0,2,0,0,53,0,0.177,0
5,13862.0,0,2,0,0,38,0,0.324,0
6,22560.0,0,2,0,0,41,0,0.419,0
5,15419.0,0,0,0,0,45,0,0.248,0
2,8483.0,1,2,0,0,59,0,0.209,0
9,23655.0,0,0,0,0,61,0,0.228,0
1,4097.0,0,1,0,0,82,0,0.213,0
3,11238.0,0,0,0,0,163,0,0.233,0
4,14753.0,1,4,0,0,21,0,0.043,0
1,2568.0,0,1,0,0,144,0,0.344,0
3,6609.0,0,1,0,0,22,0,0.062,0
1,2542.0,0,4,0,0,23,1,0.318,0
4,10631.0,0,3,0,0,115,0,0.093,0
1,2607.0,0,3,0,0,55,0,0.19,0
2,7330.0,0,2,0,0,58,0,0.22,0
1,3443.0,0,3,0,0,139,0,0.117,1
1,3149.0,0,1,0,0,56,1,0.209,0
3,8296.0,1,2,0,0,80,0,0.071,0
3,8858.0,0,3,0,0,69,0,0.475,0
6,20346.0,0,2,1,0,53,0,0.29,0
2,7762.0,0,0,0,0,71,0,0.236,0
1,3526.0,0,1,0,0,46,0,0.245,0
1,2851.0,0,4,0,0,61,0,0.378,0
3,10631.0,0,1,0,0,120,0,0.182,0
7,20407.0,0,3,0,0,114,0,0.362,0
2,7358.0,0,0,1,0,7,0,0.239,0
2,8674.0,0,0,0,0,120,0,0.468,0
4,13912.0,0,4,0,0,92,0,0.306,0
4,11297.0,3,3,0,0,68,0,0.131,1
3,7546.0,0,3,0,0,39,0,0.279,0
1,2914.0,1,2,0,0,176,0,0.102,0
2,4909.0,0,2,0,0,63,1,0.07,0
3,11407.0,0,1,0,0,57,0,0.079,0
7,15754.0,0,2,0,0,113,0,0.152,0
3,9049.0,0,5,0,0,72,0,0.159,0
3,11194.0,0,0,0,0,176,0,0.249,0
2,9096.0,0,0,0,0,36,1,0.183,0
2,4587.0,1,3,0,0,40,0,0.253,0
7,22638.0,0,2,0,1,102,0,0.283,1
8,18888.0,0,1,1,0,87,0,0.238,0
3,8985.0,0,4,0,0,77,0,0.209,0
2,6178.0,0,1,0,0,36,0,0.033,0
3,10357.0,0,2,0,0,27,0,0.173,0
1,4777.0,1,6,0,1,152,0,0.141,1
1,2646.0,1,3,0,0,25,0,0.402,0
9,22115.0,0,5,0,0,134,0,0.273,0
8,27242.0,3,3,0,0,79,1,0.116,1
6,22488.0,4,5,0,0,30,0,0.169,1
1,3888.0,0,1,0,0,73,0,0.249,0
1,2343.0,0,2,0,0,100,0,0.265,0
2,6282.0,0,1,0,0,152,0,0.084,0
10,37396.0,0,3,0,0,114,0,0.304,0
2,6564.0,1,1,0,0,12,0,0.104,0
4,15439.0,2,3,0,0,0,0,0.559,1
1,4825.0,1,3,0,0,101,0,0.339,0
3,9596.0,0,2,0,0,76,0,0.311,0
1,2576.0,1,6,0,0,153,0,0.107,0
1,4024.0,1,4,0,0,40,0,0.069,0
2,7671.0,1,1,0,0,71,0,0.06,0
3,8785.0,0,2,0,0,95,0,0.322,0
2,6913.0,0,3,0,0,17,0,0.114,0
2,8477.0,0,0,0,0,176,0,0.083,0
7,25963.0,1,6,0,0,54,0,0.355,0
4,16689.0,0,4,0,0,253,1,0.239,0
8,28776.0,0,2,0,0,57,0,0.098,0
2,7721.0,0,1,0,0,76,0,0.141,0
4,11053.0,0,4,0,0,71,0,0.262,0
1,2490.0,0,3,0,1,61,0,0.466,0
6,20142.0,0,2,0,0,53,0,0.307,0
2,6973.0,0,3,0,0,23,0,0.073,1
1,2120.0,1,1,0,0,84,0,0.1,0
1,3990.0,0,3,0,1,162,0,0.08,1
1,2829.0,0,0,0,0,83,0,0.113,0
2,6472.0,1,4,0,0,95,0,0.258,0
2,4617.0,0,1,0,0,47,0,0.05,0
1,3949.0,1,3,0,0,144,0,0.254,0
4,11423.0,0,3,0,0,1,0,0.223,1
4,13186.0,0,0,0,0,124,0,0.175,1
1,3736.0,0,2,0,0,77,0,0.427,0
2,4453.0,0,1,0,0,160,0,0.231,0
1,2777.0,0,0,0,0,83,0,0.132,0
1,4560.0,0,1,0,0,161,0,0.025,0
1,4137.0,0,3,0,0,224,1,0.097,0
5,18103.0,1,5,0,0,185,0,0.106,0
3,9921.0,2,2,0,0,136,0,0.347,0
5,13002.0,0,0,0,0,118,0,0.161,0
1,2429.0,0,1,0,0,64,0,0.368,0
5,19519.0,0,2,0,1,95,1,0.305,0
4,15380.0,0,0,0,1,22,0,0.454,0
3,8970.0,0,2,0,0,19,0,0.045,0
4,14482.0,0,0,0,0,6,0,0.158,0
3,9658.0,0,3,0,0,7,0,0.079,0
6,20892.0,0,2,0,0,268,0,0.305,0
2,7981.0,2,3,0,0,3,1,0.137,1
1,4247.0,3,8,0,0,15,0,0.397,0
8,20672.0,0,1,1,1,85,0,0.177,1
4,17292.0,0,0,0,0,30,0,0.342,0
4,13451.0,0,3,0,1,51,1,0.154,0
2,5276.0,1,1,0,0,223,0,0.118,0
7,24037.0,1,1,0,1,243,0,0.133,1
3,8628.0,0,1,0,0,34,0,0.193,0
5,17779.0,0,3,0,0,69,0,0.316,0
2,5044.0,3,7,0,0,71,0,0.181,0
4,12906.0,0,1,0,1,27,0,0.454,0
2,5884.0,0,1,0,0,126,0,0.104,0
1,2608.0,0,2,0,0,106,0,0.166,0
6,14306.0,0,1,0,0,60,0,0.08,0
7,24024.0,1,2,0,1,25,0,0.13,0
1,3356.0,0,3,0,0,111,0,0.164,0
1,3437.0,0,3,0,0,63,0,0.376,1
2,6015.0,2,3,0,0,27,0,0.184,1
8,32932.0,2,4,0,0,59,0,0.172,1
3,7601.0,0,1,0,0,199,0,0.115,0
1,4593.0,0,2,0,0,189,0,0.104,0
3,9749.0,0,4,0,0,189,1,0.161,0
2,4361.0,0,0,0,0,191,0,0.227,0
1,3067.0,0,0,0,0,66,0,0.284,0
2,4783.0,1,2,0,0,94,0,0.19,0
2,5894.0,1,4,0,0,130,0,0.127,0
1,2851.0,0,1,0,1,46,0,0.116,0
5,20419.0,3,5,0,0,3,0,0.079,0
6,18702.0,0,2,0,0,68,0,0.03,0
1,4025.0,1,4,0,0,65,0,0.218,0
8,27336.0,0,4,0,0,116,0,0.243,0
3,11095.0,0,2,0,0,7,0,0.15,0
2,8298.0,0,1,0,0,51,1,0.202,0
3,10342.0,1,1,0,0,85,0,0.147,1
3,7763.0,0,5,0,0,44,0,0.05,0
2,5056.0,0,4,0,1,9,0,0.28,0
7,17381.0,0,1,0,0,87,0,0.147,0
7,23261.0,0,3,0,0,9,1,0.231,0
2,5791.0,0,3,0,1,38,0,0.131,0
6,15702.0,0,1,0,0,5,0,0.223,0
2,5276.0,0,1,0,0,19,0,0.292,0
5,18878.0,3,5,0,0,100,0,0.093,0
4,8790.0,2,2,0,0,216,0,0.08,0
7,18545.0,0,2,0,0,59,0,0.088,0
4,11507.0,1,3,0,0,64,0,0.317,0
5,15245.0,0,5,0,0,131,0,0.114,1
1,2837.0,1,2,0,0,77,0,0.602,0
1,2963.0,0,3,0,0,71,0,0.283,0
2,7611.0,1,2,0,0,129,0,0.264,1
6,20298.0,1,1,0,0,67,0,0.062,0
1,3493.0,1,5,0,0,29,0,0.315,0
5,11649.0,0,2,1,0,71,0,0.203,1
1,2272.0,1,5,0,0,8,0,0.372,1
4,15327.0,1,2,0,0,50,0,0.165,0
1,2791.0,0,0,0,0,81,0,0.22,0
3,10588.0,0,5,0,0,81,0,0.359,1
2,6266.0,1,2,0,0,60,0,0.076,0
2,7499.0,0,4,0,1,125,0,0.295,0
1,2672.0,1,1,0,0,65,0,0.019,0
1,3040.0,0,1,0,0,153,0,0.229,0
1,4300.0,0,2,0,0,14,0,0.409,0
1,3423.0,2,3,0,0,184,0,0.281,0
5,19462.0,0,5,0,0,80,0,0.252,0
1,3178.0,0,3,0,0,60,0,0.057,0
1,3310.0,0,0,0,0,39,0,0.252,0
8,29575.0,0,3,0,0,58,0,0.203,0
1,3528.0,0,4,0,0,59,0,0.14,1
3,7573.0,1,1,0,0,77,0,0.276,0
1,2541.0,0,3,0,0,64,0,0.1,0
3,9319.0,0,4,0,1,158,0,0.225,0
1,4085.0,0,1,0,0,41,0,0.237,0
1,4672.0,0,2,0,0,87,0,0.228,0
10,35625.0,0,1,0,0,27,0,0.229,1
2,6455.0,0,1,0,0,80,0,0.16,1
5,11930.0,1,4,0,0,1,0,0.079,0
1,2646.0,0,0,0,0,239,0,0.197,0
1,2751.0,0,3,0,0,137,0,0.233,0
3,7155.0,2,4,0,0,57,0,0.425,0
1,2985.0,3,7,0,0,169,0,0.311,0
2,7768.0,2,4,0,1,37,0,0.312,1
2,6702.0,0,2,0,0,12,0,0.097,0
1,2794.0,0,1,0,1,30,0,0.311,0
5,17396.0,0,1,0,0,92,0,0.066,1
7,16053.0,0,0,0,0,144,0,0.116,0
4,15106.0,1,5,0,0,19,0,0.341,0
3,11320.0,0,0,0,0,20,0,0.078,0
4,14333.0,0,1,0,0,83,0,0.237,0
4,13024.0,0,2,0,0,32,0,0.371,0
6,21797.0,0,0,0,0,44,0,0.227,0
2,8041.0,1,3,0,0,180,0,0.119,0
1,4524.0,0,0,0,0,85,0,0.151,0
1,3111.0,0,5,0,0,96,0,0.136,1
3,8640.0,0,0,0,0,156,0,0.278,0
4,13031.0,0,1,0,0,70,0,0.1,0
1,2689.0,0,2,0,0,41,1,0.603,0
1,2959.0,1,1,0,0,209,0,0.156,0
7,23709.0,2,3,0,0,175,0,0.193,0
7,17955.0,1,2,0,0,12,1,0.242,0
4,12957.0,1,6,0,0,125,0,0.266,0
2,6038.0,0,2,0,0,33,0,0.347,0
8,26194.0,0,2,0,0,36,0,0.121,0
1,3263.0,2,3,0,0,43,0,0.203,0
4,11807.0,1,4,0,0,53,1,0.156,0
2,8547.0,2,3,0,0,54,0,0.231,0
4,13954.0,1,3,0,0,26,1,0.096,0
4,11827.0,0,5,0,0,193,0,0.489,0
3,11670.0,0,1,0,0,48,0,0.145,0
5,14303.0,2,3,0,0,94,0,0.083,0
5,10769.0,1,5,0,0,32,0,0.386,0
1,2850.0,1,3,0,0,242,0,0.183,0
1,2367.0,0,1,0,0,88,0,0.08,0
3,8350.0,0,3,0,1,234,0,0.083,0
7,23701.0,2,7,0,0,117,0,0.116,1
8,18486.0,0,3,0,0,51,0,0.275,0
2,5681.0,0,1,0,0,43,1,0.329,0
2,4319.0,0,2,0,0,26,0,0.103,0
6,21041.0,1,4,0,0,13,0,0.121,0
7,29349.0,0,2,0,0,70,0,0.07,0
4,16060.0,0,0,0,0,68,0,0.308,0
2,6807.0,0,2,0,0,45,0,0.094,0
3,9096.0,0,3,0,0,128,0,0.494,0
1,3671.0,0,5,1,0,57,0,0.347,0
1,3515.0,0,5,0,0,21,0,0.257,0
2,6769.0,0,3,0,0,59,0,0.096,0
4,12520.0,1,3,0,0,18,0,0.168,0
2,5688.0,0,0,0,1,81,0,0.365,0
9,33728.0,1,2,0,0,143,0,0.219,1
8,21921.0,2,3,0,0,14,0,0.087,1
5,19533.0,0,0,0,0,101,0,0.152,1
2,5949.0,1,1,0,0,9,0,0.074,0
2,7411.0,0,1,0,0,95,0,0.358,0
2,7784.0,3,6,0,1,36,1,0.229,1
1,3157.0,0,3,0,0,68,0,0.185,0
1,4820.0,1,2,0,0,14,0,0.112,0
1,3542.0,1,5,0,0,118,0,0.202,0
1,4532.0,0,0,0,0,9,0,0.064,0
4,12055.0,0,2,0,0,84,0,0.158,0
8,29938.0,0,2,0,0,29,0,0.317,0
1,3196.0,0,0,0,0,117,0,0.092,0
7,21133.0,0,0,0,0,24,0,0.17,0
2,6574.0,0,3,0,0,9,0,0.294,0
10,29533.0,0,1,0,0,100,0,0.323,0
3,9333.0,0,0,0,0,235,0,0.112,0
1,2495.0,0,5,0,1,171,0,0.12,0
8,28576.0,0,0,0,0,200,0,0.164,0
4,8918.0,0,1,0,0,36,0,0.537,0
1,3118.0,1,3,0,0,133,0,0.071,0
7,21518.0,1,1,0,0,143,0,0.112,0
4,9007.0,2,3,0,0,75,0,0.088,0
1,3190.0,0,1,0,0,104,0,0.376,0
3,12127.0,0,1,0,0,70,1,0.12,0
4,15567.0,0,0,0,0,53,0,0.279,0
1,3777.0,0,5,0,0,103,0,0.173,0
4,14134.0,0,1,0,0,322,0,0.21,0
4,11293.0,0,3,0,0,23,0,0.141,0
2,7183.0,0,1,0,1,119,0,0.269,0
5,20267.0,0,0,0,0,14,0,0.282,0
7,21455.0,1,4,0,0,25,0,0.19,0
1,2145.0,0,2,0,0,131,0,0.529,0
2,5526.0,0,1,0,0,309,0,0.333,0
3,8499.0,0,3,0,0,209,0,0.017,0
6,15429.0,1,2,1,0,81,0,0.117,0
2,6017.0,0,0,0,0,39,0,0.04,0
5,17715.0,0,0,0,0,52,0,0.115,0
1,4001.0,0,2,0,0,96,0,0.185,0
1,4899.0,1,4,0,0,130,0,0.152,0
1,3845.0,2,2,0,1,84,0,0.201,0
1,3766.0,0,3,0,0,18,0,0.336,0
2,5092.0,0,1,0,0,100,0,0.302,0
3,12730.0,2,3,0,0,6,0,0.359,0
6,20436.0,0,0,0,1,88,0,0.081,0
1,3747.0,1,4,0,0,74,0,0.269,0
2,6358.0,0,1,0,0,45,0,0.092,0
1,1989.0,1,1,0,0,87,0,0.336,0
3,11342.0,0,0,0,0,58,0,0.037,0
10,22120.0,0,2,0,0,30,0,0.034,0
2,6083.0,0,3,0,0,77,1,0.412,0
2,4735.0,0,3,0,0,12,0,0.107,0
6,15888.0,0,2,0,0,87,0,0.169,0
1,3420.0,4,5,0,0,6,0,0.093,0
2,7350.0,0,3,0,0,95,1,0.305,0
2,6681.0,0,2,0,0,41,0,0.381,0
1,3491.0,0,4,0,0,86,0,0.236,0
6,25347.0,0,0,0,0,25,0,0.278,1
9,35445.0,0,2,0,0,240,0,0.141,1
2,6043.0,1,1,0,0,109,0,0.503,0
1,3976.0,2,4,0,0,241,0,0.139,0
1,4471.0,0,2,0,0,102,0,0.234,0
2,7228.0,0,0,1,0,3,0,0.157,0
2,5814.0,0,1,0,0,69,1,0.191,0
3,11752.0,1,3,0,0,54,0,0.267,0
1,2604.0,2,4,0,0,27,0,0.393,0
4,12896.0,0,1,1,0,78,0,0.074,1
2,8006.0,2,5,0,0,200,1,0.111,0
4,10668.0,0,0,0,0,168,0,0.207,0
5,16101.0,0,3,0,0,45,0,0.103,0
8,27222.0,0,5,0,0,1,0,0.28,1
4,12651.0,0,2,0,1,26,1,0.395,0
2,6479.0,4,9,0,0,7,0,0.241,0
4,10282.0,0,3,0,0,79,0,0.153,0
3,8730.0,0,3,0,1,64,0,0.107,0
6,22092.0,0,3,0,0,86,0,0.174,0
2,6733.0,0,4,0,0,134,0,0.08,0
8,28019.0,0,0,0,0,97,0,0.216,1
8,27408.0,3,3,0,0,114,0,0.268,1
8,30381.0,0,0,0,0,17,0,0.142,0
3,10746.0,3,5,0,1,143,0,0.164,0
1,4582.0,0,0,0,0,157,0,0.212,0
5,12596.0,0,4,0,0,55,0,0.212,0
3,7362.0,0,0,0,0,105,1,0.242,0
4,11916.0,1,2,0,0,1,0,0.23,0
3,10008.0,0,2,0,0,140,0,0.139,0
8,23418.0,0,0,0,1,122,0,0.353,0
1,3272.0,0,2,0,0,5,0,0.174,0
1,3512.0,1,3,0,0,32,0,0.315,0
1,3041.0,0,1,0,0,99,0,0.269,0
6,17795.0,0,1,0,0,37,0,0.176,0
2,8095.0,0,2,0,0,120,0,0.289,0
1,4356.0,1,1,0,0,64,0,0.522,0
1,3948.0,0,5,0,0,25,1,0.125,1
1,3313.0,0,2,0,0,35,1,0.136,1
1,4335.0,0,0,1,0,107,0,0.206,0
3,9380.0,1,3,0,0,143,0,0.184,0
1,3263.0,0,2,0,0,59,0,0.043,0
3,10933.0,0,3,0,0,157,0,0.333,0
1,3356.0,2,4,0,0,31,0,0.103,0
2,6722.0,1,5,0,0,25,0,0.298,0
8,25325.0,0,1,0,0,138,0,0.156,0
1,4436.0,0,0,0,0,25,0,0.205,0
8,30032.0,0,3,0,0,85,0,0.244,0
2,6682.0,1,6,0,1,9,0,0.285,0
7,18970.0,0,4,0,0,30,0,0.119,0
3,7339.0,1,5,0,0,35,0,0.037,0
2,5359.0,1,4,0,0,2,0,0.211,0
3,8887.0,1,3,0,1,13,1,0.116,1
4,11577.0,2,4,0,0,39,0,0.149,0
1,3074.0,2,5,0,0,84,0,0.109,0
8,21058.0,0,2,0,0,151,0,0.224,1
4,14726.0,0,0,0,0,97,0,0.052,0
9,21014.0,0,2,0,0,92,1,0.197,0
4,13635.0,1,2,0,0,1,0,0.453,0
1,2117.0,2,3,0,0,264,0,0.299,0
3,7263.0,0,2,0,0,119,0,0.107,0
2,5003.0,0,1,0,0,85,0,0.172,0
1,2439.0,0,3,0,0,119,0,0.136,0
5,16494.0,0,0,0,0,194,0,0.339,0
4,12461.0,0,1,0,0,102,0,0.125,0
5,19364.0,2,4,0,0,50,0,0.351,0
2,5941.0,0,5,0,0,61,0,0.264,0
5,11806.0,0,2,0,0,117,0,0.161,0
2,8941.0,0,4,0,0,125,0,0.258,0
2,6332.0,0,2,0,0,19,0,0.082,0
1,4452.0,1,3,0,0,22,0,0.149,0
5,11413.0,0,3,0,0,54,0,0.193,0
3,10247.0,1,1,0,0,105,0,0.114,0
2,4413.0,0,0,0,1,26,0,0.282,0
1,4203.0,0,3,0,0,28,0,0.083,0
6,19296.0,0,2,0,0,120,0,0.113,0
1,4403.0,1,2,0,0,86,0,0.08,0
1,2012.0,0,0,1,0,57,1,0.019,1
1,2860.0,0,1,0,1,71,1,0.238,0
2,7667.0,1,3,0,0,55,0,0.25,0
8,27481.0,3,6,0,1,57,0,0.201,1
1,2095.0,1,5,0,0,23,0,0.363,0
1,4527.0,1,3,0,0,160,1,0.121,1
3,11141.0,0,5,0,0,82,0,0.415,0
7,18599.0,0,3,0,0,64,0,0.429,0
9,26749.0,0,2,0,0,395,0,0.219,0
2,7461.0,0,1,0,0,23,0,0.224,0
5,15007.0,0,2,0,0,144,0,0.219,0
6,21767.0,0,1,0,0,281,0,0.182,1
10,39326.0,0,1,0,0,199,1,0.229,0
4,11464.0,1,2,0,0,203,0,0.112,0
2,7907.0,1,1,0,0,55,0,0.11,0
2,6245.0,0,1,0,0,38,0,0.209,0
1,2540.0,0,3,0,0,190,0,0.239,0
4,15629.0,1,1,0,0,44,0,0.036,0
2,6061.0,0,1,0,0,2,0,0.191,0
1,3139.0,1,1,0,0,109,0,0.285,0
4,16283.0,0,2,0,0,170,0,0.264,0
2,4824.0,1,1,0,0,67,0,0.201,0
3,9324.0,1,2,0,0,95,0,0.146,1
9,31967.0,0,5,0,0,108,0,0.27,0
2,4418.0,0,0,0,0,78,1,0.128,0
3,11990.0,0,4,1,0,97,0,0.199,0
2,6643.0,1,3,0,0,110,0,0.07,0
3,10256.0,0,0,0,0,48,0,0.199,0
3,12715.0,0,3,0,0,6,0,0.095,0
1,2129.0,0,1,0,0,60,0,0.175,0
5,15732.0,0,1,0,0,77,0,0.379,0
3,10305.0,2,3,0,1,90,0,0.571,0
1,2896.0,0,1,0,0,26,0,0.04,0
7,28044.0,0,2,0,1,161,1,0.012,1
1,3153.0,1,4,0,0,14,0,0.04,0
1,2913.0,3,7,0,1,134,0,0.081,1
1,4573.0,0,4,0,0,106,0,0.085,0
1,2764.0,2,4,0,1,216,0,0.16,1
1,2984.0,0,2,0,0,209,0,0.125,0
5,13231.0,2,5,0,0,43,0,0.508,1
1,4008.0,0,0,0,0,83,0,0.482,0
2,4928.0,0,2,0,0,174,0,0.006,0
3,6969.0,0,0,0,0,49,0,0.319,0
8,21001.0,0,2,0,0,159,0,0.42,1
3,7570.0,1,4,0,0,65,0,0.139,1
4,16301.0,0,1,0,1,59,1,0.305,0
1,2874.0,4,5,0,0,92,0,0.253,1
1,2846.0,2,4,0,0,96,0,0.092,0
6,16702.0,1,6,0,0,37,1,0.117,0
2,9018.0,0,2,0,0,89,0,0.084,0
1,3768.0,1,4,0,0,40,0,0.366,0
2,5265.0,0,0,0,0,18,1,0.144,0
1,4749.0,0,1,0,0,125,0,0.27,0
1,3785.0,0,5,0,0,1,0,0.104,1
1,3898.0,0,2,0,0,0,0,0.116,0
2,7916.0,0,5,0,0,42,0,0.155,0
2,6503.0,0,3,0,0,130,0,0.043,0
1,3759.0,2,4,0,0,207,0,0.058,1
8,21308.0,3,7,0,0,28,0,0.172,0
2,5837.0,0,2,0,0,3,0,0.293,0
1,3455.0,0,4,0,0,20,0,0.099,0
1,2626.0,0,1,0,0,72,0,0.136,0
6,18126.0,0,0,0,0,124,0,0.181,0
1,3966.0,2,3,0,0,136,0,0.058,0
1,4159.0,0,3,0,0,188,0,0.198,0
3,7007.0,0,3,0,0,84,1,0.371,0
2,5254.0,0,1,0,1,121,1,0.036,1
1,2283.0,3,7,0,0,87,0,0.149,0
7,20601.0,0,0,0,0,51,0,0.071,0
2,6609.0,0,0,0,0,43,0,0.073,0
4,12016.0,0,5,1,0,48,1,0.011,0
8,25100.0,3,5,0,0,45,1,0.458,0
3,9892.0,0,2,0,0,55,0,0.155,0
4,9782.0,0,2,0,0,59,0,0.055,0
8,33441.0,1,4,0,0,0,0,0.254,1
1,2847.0,2,3,0,0,152,0,0.128,1
3,11928.0,1,6,0,0,11,0,0.164,0
5,15591.0,0,1,0,0,127,0,0.228,0
8,19822.0,0,2,0,0,102,0,0.343,0
1,3654.0,0,3,0,0,104,0,0.284,0
1,2730.0,0,1,0,0,36,0,0.137,0
1,3751.0,0,1,0,1,159,0,0.111,1
2,6088.0,2,3,0,0,48,0,0.322,0
4,13547.0,0,0,0,1,32,0,0.307,0
1,2096.0,0,5,0,0,16,0,0.302,0
2,8306.0,0,2,0,0,164,0,0.2,0
3,11025.0,0,5,0,0,23,0,0.262,1
6,15972.0,0,1,0,0,35,0,0.248,0
4,11644.0,2,2,1,0,47,1,0.366,0
1,2705.0,2,4,0,0,112,0,0.133,0
3,8040.0,0,0,0,0,105,0,0.122,0
4,15514.0,1,2,0,0,159,0,0.153,0
1,3601.0,0,3,0,0,115,0,0.18,0
1,4176.0,1,2,1,0,207,0,0.06,0
4,12128.0,1,2,0,0,200,0,0.162,0
1,2649.0,0,5,0,0,53,0,0.284,0
1,3174.0,1,1,0,1,71,0,0.196,0
2,8355.0,2,4,0,0,44,0,0.146,0
4,13394.0,0,0,0,0,78,0,0.374,0
1,2137.0,2,4,0,0,37,0,0.326,0
1,3149.0,1,2,0,0,46,0,0.101,1
3,10725.0,0,2,0,0,90,0,0.494,0
1,2179.0,0,2,0,0,129,0,0.169,0
1,3209.0,0,2,0,0,216,0,0.38,0
1,3438.0,0,1,0,0,56,1,0.272,0
1,1968.0,3,4,0,0,146,0,0.252,1
1,4492.0,1,3,0,0,63,0,0.124,0
4,15853.0,0,0,0,0,110,0,0.162,0
1,4385.0,0,5,0,0,70,0,0.188,0
9,22046.0,0,4,0,0,72,0,0.131,0
4,15360.0,1,1,0,0,200,0,0.037,0
1,2903.0,0,0,0,0,123,0,0.152,0
2,7749.0,0,5,0,0,97,1,0.104,0
1,2646.0,0,1,0,0,171,0,0.034,0
1,3889.0,1,4,0,0,176,0,0.192,0
1,2962.0,0,0,0,1,152,0,0.189,0
1,2544.0,0,2,0,0,74,0,0.061,0
3,8287.0,1,3,0,0,66,0,0.274,0
7,24969.0,0,1,0,0,65,0,0.074,0
4,11528.0,0,5,0,0,1,1,0.139,0
2,6825.0,1,3,0,0,5,0,0.19,0
4,9674.0,0,3,0,0,83,0,0.301,0
6,19078.0,0,1,0,0,166,0,0.112,0
1,3696.0,0,0,0,0,64,0,0.156,1
6,17279.0,0,4,0,0,117,1,0.216,0
2,6254.0,1,3,0,0,51,0,0.145,0
2,7587.0,1,2,0,0,59,0,0.099,0
5,14019.0,0,5,0,0,138,1,0.191,0
3,12971.0,0,2,0,0,35,0,0.04,1
3,7147.0,3,6,0,0,115,0,0.207,1
1,3626.0,0,1,0,0,115,0,0.031,0
6,14531.0,0,4,0,0,51,0,0.155,0
3,9603.0,0,0,0,0,39,0,0.279,0
5,12769.0,1,2,0,0,54,0,0.121,0
2,6103.0,0,1,0,0,1,0,0.175,0
5,18101.0,1,2,0,0,24,1,0.191,0
5,21430.0,0,4,0,0,45,0,0.319,0
1,4806.0,0,0,0,0,98,0,0.328,0
7,28422.0,0,5,0,0,164,0,0.203,0
4,13450.0,4,8,0,0,182,0,0.058,1
5,16289.0,0,2,0,0,4,0,0.114,0
3,8754.0,0,1,0,0,125,1,0.029,0
6,24001.0,0,2,0,0,40,1,0.335,0
2,8388.0,1,5,0,0,6,0,0.426,0
1,2437.0,1,2,0,0,41,0,0.084,0
2,8277.0,0,1,0,0,27,0,0.226,0
3,9336.0,1,4,1,0,3,0,0.124,0
5,19278.0,1,5,0,0,160,1,0.074,0
7,29161.0,0,0,0,0,11,0,0.231,0
1,2974.0,2,3,0,0,17,0,0.359,0
1,2981.0,2,6,0,1,150,0,0.414,0
1,3098.0,0,2,0,0,74,0,0.098,0
2,7456.0,0,3,0,0,11,0,0.436,1
4,11184.0,3,4,0,0,182,0,0.197,1
1,2988.0,0,0,0,0,18,0,0.021,0
1,3432.0,0,1,0,0,1,0,0.177,0
1,4698.0,3,5,0,0,41,0,0.135,1
1,4444.0,2,4,1,0,69,0,0.133,0
1,4319.0,0,5,0,0,97,0,0.053,0
1,3896.0,3,4,0,0,38,0,0.187,0
7,21021.0,1,5,0,0,28,0,0.15,1
2,6469.0,3,5,0,0,78,0,0.272,0
2,5194.0,0,0,0,0,194,0,0.321,0
3,9982.0,1,1,0,0,36,1,0.168,0
3,8585.0,0,1,0,0,115,0,0.273,0
3,7896.0,2,2,0,0,31,0,0.289,0
2,7389.0,0,0,0,0,140,0,0.149,0
1,3515.0,1,2,0,0,115,0,0.165,0
2,6132.0,0,5,0,0,123,0,0.109,0
1,4045.0,0,3,0,1,76,1,0.246,0
1,3771.0,0,0,1,0,64,0,0.149,0
4,15732.0,1,3,0,0,35,0,0.106,0
1,2536.0,1,1,0,0,70,1,0.232,0
2,6702.0,0,5,0,0,31,0,0.042,0
2,4580.0,0,0,0,0,201,0,0.468,0
1,4089.0,1,1,0,0,119,0,0.128,0
1,3070.0,0,5,0,0,38,0,0.112,0
2,7764.0,0,5,0,0,159,0,0.362,0
6,15442.0,0,0,0,0,223,0,0.061,0
6,16606.0,0,2,0,0,10,1,0.152,1
2,6675.0,2,6,0,0,117,0,0.185,0
4,16015.0,0,4,0,0,25,1,0.249,0
3,10749.0,1,2,0,0,160,0,0.013,0
7,22557.0,0,0,0,1,145,0,0.1,0
1,2953.0,0,5,0,0,147,0,0.268,0
4,13268.0,0,5,0,0,2,0,0.372,0
5,20951.0,0,3,0,1,7,0,0.025,1
2,6803.0,0,3,0,0,127,1,0.483,0
2,4703.0,0,0,0,0,146,0,0.283,0
3,8696.0,2,4,0,0,0,0,0.053,0
2,4768.0,0,0,1,0,29,0,0.123,0
1,2794.0,2,3,0,0,146,0,0.016,0
1,3716.0,0,2,0,0,80,0,0.063,0
6,24491.0,0,2,0,0,42,1,0.423,0
7,26257.0,3,7,0,0,31,0,0.264,1
2,8261.0,0,0,0,1,158,1,0.488,0
1,4479.0,0,1,0,0,36,0,0.064,0
7,21344.0,0,2,0,0,50,0,0.166,1
3,9145.0,3,7,0,0,163,1,0.251,1
1,3622.0,4,8,0,0,14,1,0.466,1
9,34792.0,0,5,0,0,217,0,0.31,0
2,8584.0,3,3,0,0,143,0,0.167,0
1,2463.0,3,3,0,0,22,0,0.02,0
1,2796.0,0,1,0,1,178,0,0.13,0
1,3741.0,0,2,1,0,131,0,0.782,1
3,9832.0,0,4,0,0,146,1,0.047,0
6,15205.0,0,5,0,0,40,0,0.269,0
3,7485.0,0,1,0,0,69,0,0.079,0
3,13428.0,0,0,0,0,32,0,0.063,0
2,6062.0,0,3,0,0,48,0,0.125,0
2,4805.0,3,5,0,0,83,0,0.3,0
3,12250.0,0,2,0,0,113,0,0.264,0
4,13913.0,1,2,0,0,124,0,0.09,0
3,7745.0,0,1,1,0,85,1,0.159,0
2,6966.0,0,1,0,1,75,0,0.055,0
6,21589.0,0,2,0,0,11,0,0.136,0
5,12045.0,1,2,0,0,137,0,0.193,0
1,2772.0,0,1,0,0,8,1,0.502,0
2,4252.0,2,3,0,0,6,0,0.288,0
1,3320.0,0,2,0,1,88,0,0.172,0
7,21055.0,0,2,0,0,159,0,0.158,0
4,12088.0,0,1,0,0,126,0,0.053,0
2,7808.0,1,1,0,0,408,0,0.079,0
3,8368.0,0,0,0,0,15,0,0.15,0
2,7159.0,0,1,0,0,30,0,0.258,0
1,3392.0,0,4,0,0,23,0,0.263,0
3,10871.0,0,3,0,0,160,0,0.102,0
1,2235.0,0,2,0,0,105,0,0.389,0
5,18512.0,1,4,0,0,99,0,0.266,0
2,7360.0,2,4,0,0,15,0,0.088,0
3,7900.0,0,3,0,0,134,1,0.332,0
3,8544.0,0,5,0,0,82,0,0.203,0
1,2632.0,2,3,0,0,148,0,0.107,0
1,2869.0,0,1,0,0,19,0,0.31,0
2,5126.0,0,0,0,0,36,0,0.051,0
1,1958.0,0,1,0,0,129,0,0.125,0
1,3993.0,0,2,0,0,124,1,0.481,0
3,9430.0,2,5,0,0,49,0,0.107,0
2,7783.0,0,2,0,0,116,1,0.068,0
2,6351.0,0,2,0,0,233,0,0.561,0
2,6122.0,0,1,0,0,122,0,0.192,0
2,7926.0,0,2,1,0,12,0,0.381,0
5,17993.0,0,0,0,0,68,0,0.211,0
1,2560.0,0,2,0,1,66,0,0.363,0
4,15279.0,0,5,0,0,133,0,0.15,0
2,6468.0,0,5,0,0,73,0,0.183,0
5,12197.0,0,0,0,0,20,0,0.068,0
1,2819.0,0,2,0,0,77,0,0.315,0
2,5965.0,0,0,0,0,47,0,0.234,0
1,2354.0,0,2,0,0,156,0,0.351,0
2,4913.0,2,7,0,0,123,0,0.142,1
1,4074.0,0,1,0,0,10,0,0.145,0
6,23582.0,2,5,0,0,73,0,0.025,0
1,3083.0,0,2,0,1,31,0,0.063,0
4,10797.0,0,1,0,0,8,0,0.566,0
1,3967.0,0,0,0,0,91,0,0.21,0
2,8140.0,1,1,0,0,94,0,0.187,0
3,9577.0,0,5,0,0,258,0,0.345,0
2,4890.0,0,2,0,0,49,1,0.144,0
5,20399.0,0,4,0,1,241,0,0.103,0
1,3229.0,2,5,0,0,162,0,0.24,0
1,2923.0,2,7,0,0,79,0,0.252,1
1,2109.0,1,3,0,0,38,0,0.074,1
2,6523.0,0,3,0,0,60,0,0.368,0
2,6806.0,1,3,0,0,170,0,0.087,0
1,3088.0,0,0,0,0,101,1,0.079,0
2,6285.0,1,4,0,0,55,0,0.095,1
2,4973.0,0,0,0,0,74,0,0.209,0
4,15801.0,0,3,0,0,72,1,0.126,0
1,3122.0,0,4,0,0,53,0,0.138,0
5,13558.0,0,2,0,0,21,0,0.122,0
6,18396.0,0,5,0,1,43,0,0.121,0
2,7297.0,0,2,0,1,90,0,0.036,0
4,9921.0,0,1,0,0,74,0,0.251,0
3,9869.0,2,7,0,1,10,0,0.166,0
2,5630.0,0,0,0,0,141,0,0.159,0
2,6782.0,1,3,0,0,133,0,0.462,0
2,6950.0,1,3,0,0,138,0,0.479,0
2,6952.0,0,1,0,0,172,0,0.285,0
4,15388.0,0,5,0,0,31,1,0.334,0
2,7497.0,0,2,0,0,211,0,0.126,0
4,12055.0,0,3,0,1,78,0,0.212,0
1,4016.0,2,4,0,0,152,0,0.104,0
2,8349.0,0,0,0,0,106,0,0.206,0
1,3577.0,0,5,1,0,195,0,0.131,1
1,3521.0,0,0,0,1,130,0,0.24,0
3,12075.0,0,1,0,0,117,0,0.115,0
3,9455.0,2,3,0,0,77,1,0.409,0
5,21307.0,0,1,0,0,46,0,0.484,0
4,11619.0,2,4,0,0,48,0,0.04,0
7,26322.0,1,2,0,0,72,0,0.107,1
1,3559.0,1,3,0,0,65,0,0.219,0
1,3863.0,0,0,0,0,26,0,0.309,0
1,4988.0,0,2,0,0,80,0,0.117,0
2,7798.0,1,3,0,1,60,0,0.329,0
6,17472.0,0,5,0,0,99,0,0.056,0
1,2474.0,0,0,0,0,68,0,0.116,0
2,7640.0,1,3,0,0,61,0,0.37,0
2,5500.0,1,3,0,0,23,0,0.178,0
8,20621.0,3,4,0,0,41,0,0.313,0
2,7426.0,0,1,0,0,23,1,0.138,0
2,7925.0,0,4,0,1,6,0,0.309,1
2,4422.0,1,4,0,0,92,0,0.124,0
1,2017.0,0,2,0,0,22,0,0.306,0
7,21924.0,0,3,0,0,32,0,0.253,0
7,18866.0,0,4,0,0,133,0,0.383,0
2,6695.0,0,3,0,0,85,0,0.019,0
1,3650.0,1,4,0,0,86,0,0.066,0
4,14743.0,0,2,0,0,188,0,0.33,0
2,8502.0,0,4,0,0,93,1,0.229,0
4,13919.0,1,2,0,1,40,0,0.095,0
2,5061.0,0,1,0,0,14,1,0.112,0
2,7440.0,0,2,0,0,120,0,0.088,0
1,4409.0,0,2,0,0,57,0,0.33,0
3,8913.0,0,1,1,0,6,0,0.163,0
1,3816.0,1,4,0,0,34,1,0.395,0
7,17465.0,0,1,0,0,129,0,0.067,0
2,7372.0,0,1,0,0,90,0,0.232,0
4,13063.0,2,2,0,0,203,0,0.082,0
6,24907.0,0,4,0,0,25,0,0.101,0
5,20238.0,0,2,0,0,45,0,0.131,0
1,2618.0,0,3,0,0,28,0,0.096,0
3,7036.0,0,0,0,0,5,0,0.228,0
6,16770.0,2,6,0,0,95,0,0.045,0
2,4748.0,0,3,0,0,180,0,0.101,0
2,5373.0,0,2,0,0,50,0,0.102,0
3,11043.0,0,1,0,0,293,0,0.406,0
1,4613.0,1,2,0,1,226,0,0.263,0
2,6984.0,2,7,0,0,53,0,0.208,1
2,5066.0,0,4,0,0,122,0,0.123,1
2,6417.0,2,3,0,1,0,1,0.311,0
3,12171.0,0,0,0,0,45,0,0.078,0
3,11891.0,1,2,0,1,13,0,0.077,0
2,8765.0,4,7,0,0,139,0,0.093,0
2,7409.0,0,0,0,0,55,1,0.251,0
4,14476.0,1,4,0,0,188,0,0.264,0
2,6973.0,0,0,0,0,205,0,0.14,0
2,8212.0,1,2,0,0,106,0,0.145,0
3,8873.0,0,4,0,0,112,0,0.217,0
3,7662.0,0,4,0,0,46,0,0.408,0
1,3561.0,0,5,0,0,239,0,0.524,0
6,21582.0,1,4,1,1,266,1,0.269,1
3,6632.0,2,7,0,0,17,0,0.111,1
1,2779.0,0,2,0,0,36,0,0.314,0
7,24609.0,0,3,0,0,63,0,0.301,1
6,15341.0,0,2,0,0,186,0,0.175,1
1,3309.0,0,0,0,0,78,0,0.286,1
6,22363.0,1,2,0,0,109,0,0.008,0
1,2774.0,0,0,0,0,249,1,0.221,0
4,10684.0,0,0,0,0,75,0,0.192,0
2,5965.0,1,3,0,0,6,0,0.346,0
1,4230.0,2,7,0,0,43,0,0.116,0
1,3536.0,1,4,0,0,159,0,0.077,0
2,7910.0,0,0,0,0,64,1,0.307,0
1,3572.0,0,0,0,0,31,0,0.062,0
1,3118.0,0,3,0,0,183,1,0.223,0
3,11334.0,0,2,0,0,61,0,0.344,0
2,7195.0,0,2,0,0,45,0,0.182,0
2,6312.0,0,3,0,0,111,0,0.091,0
3,7685.0,0,3,0,0,101,0,0.244,0
7,26905.0,0,0,0,0,135,0,0.295,0
3,10203.0,0,2,0,0,52,0,0.127,0
1,3806.0,2,5,0,0,49,0,0.16,1
2,4983.0,0,2,0,0,15,0,0.116,0
4,16815.0,2,4,0,0,71,0,0.073,0
10,33651.0,0,1,0,0,12,0,0.028,1
8,31815.0,1,2,0,0,145,0,0.246,0
2,7310.0,1,3,0,0,12,0,0.308,1
2,6460.0,0,5,0,0,38,0,0.168,0
4,14075.0,0,0,0,0,136,0,0.469,0
1,3839.0,2,3,0,0,108,0,0.201,0
2,5928.0,1,1,0,0,257,0,0.062,0
1,3399.0,0,2,0,0,28,0,0.391,0
4,17292.0,1,1,0,0,18,0,0.248,0
10,38983.0,2,5,0,1,42,0,0.329,1
1,3480.0,0,1,0,0,181,0,0.054,0
3,12363.0,0,3,0,0,71,0,0.462,0
2,5885.0,0,4,0,0,26,0,0.178,0
5,19838.0,0,1,0,0,39,0,0.293,0
2,6354.0,1,3,0,0,16,0,0.179,0
5,13019.0,1,2,0,0,10,0,0.315,0
8,19960.0,0,1,0,0,114,0,0.259,0
2,8832.0,2,3,0,0,66,0,0.264,0
1,3079.0,3,3,1,0,1,0,0.393,0
7,26236.0,0,1,0,0,41,0,0.116,0
1,4668.0,3,4,0,0,45,0,0.172,0
2,7175.0,0,0,0,0,185,0,0.284,0
1,3418.0,0,5,0,0,123,0,0.209,0
10,23435.0,0,2,0,0,84,0,0.19,0
2,7651.0,0,5,0,0,63,0,0.187,0
2,6698.0,0,1,0,0,169,1,0.11,0
7,16499.0,0,2,0,0,20,0,0.101,0
8,25920.0,0,0,0,0,3,0,0.335,0
4,15932.0,0,0,0,0,222,0,0.298,0
1,4622.0,1,1,0,0,0,0,0.358,0
2,5394.0,1,2,0,0,154,0,0.103,0
2,7908.0,1,1,0,0,108,0,0.394,0
1,2316.0,0,1,0,0,98,0,0.178,0
3,11632.0,0,4,0,0,24,0,0.107,0
2,8122.0,0,2,0,0,69,0,0.112,0
3,9299.0,0,1,0,0,134,0,0.016,1
1,2669.0,0,2,0,1,46,0,0.159,0
2,4711.0,0,0,0,0,341,0,0.237,0
1,3540.0,1,3,0,0,95,0,0.186,1
4,12016.0,1,1,0,0,19,0,0.143,0
3,7045.0,0,3,0,0,163,0,0.248,0
1,3610.0,0,1,0,0,138,0,0.124,0
1,4480.0,0,3,0,0,120,0,0.207,0
8,29368.0,0,3,0,0,225,0,0.163,0
7,22618.0,0,4,0,0,64,1,0.038,0
5,21001.0,1,1,0,0,188,0,0.172,0
1,3379.0,1,5,0,0,75,0,0.383,0
8,33361.0,0,5,0,0,74,0,0.053,0
5,19461.0,2,2,0,0,13,0,0.097,0
1,3002.0,4,6,0,0,3,0,0.274,1
1,4000.0,0,2,1,0,17,0,0.46,0
2,6562.0,0,1,0,0,107,0,0.318,0
2,5499.0,0,0,0,0,3,0,0.403,0
2,5425.0,1,2,0,0,73,0,0.303,0
1,3971.0,1,3,0,0,255,0,0.041,0
3,6848.0,1,2,0,0,196,0,0.117,0
1,2344.0,1,3,0,0,92,0,0.24,0
3,12311.0,1,3,0,0,50,0,0.125,0
2,6158.0,0,1,0,0,68,0,0.018,0
1,3759.0,2,3,0,0,95,0,0.095,0
2,5444.0,0,3,0,0,59,0,0.146,0
3,9323.0,0,0,0,0,97,0,0.019,0
1,3329.0,0,0,0,0,119,1,0.192,0
1,3926.0,1,4,0,0,225,0,0.322,0
3,9983.0,1,6,0,0,133,0,0.21,0
2,4639.0,0,4,0,0,101,0,0.094,0
2,6034.0,0,0,0,0,41,0,0.287,0
5,18939.0,0,2,0,0,86,0,0.266,0
4,12153.0,0,0,0,0,294,0,0.359,0
3,11209.0,0,0,0,0,7,0,0.042,0
7,23109.0,1,5,0,0,195,0,0.193,1
3,9554.0,2,6,0,0,95,0,0.103,0
1,2861.0,0,0,0,0,116,0,0.021,0
1,4576.0,0,5,0,0,48,0,0.455,1
2,4609.0,0,2,0,0,72,0,0.118,0
6,15068.0,1,6,0,0,42,0,0.293,1
1,3782.0,0,2,0,0,27,0,0.216,0
2,7752.0,1,4,0,0,208,0,0.151,0
2,5890.0,2,6,1,0,51,0,0.334,1
2,4471.0,1,5,0,0,117,0,0.197,0
6,20366.0,0,4,0,0,78,0,0.223,0
1,3689.0,1,3,0,0,13,0,0.127,0
6,15821.0,0,0,1,0,13,0,0.255,1
6,22656.0,1,2,0,0,61,0,0.163,0
1,3078.0,0,3,0,0,76,0,0.289,0
2,5960.0,0,3,0,1,8,0,0.09,0
1,2117.0,0,4,0,0,24,0,0.055,0
2,5190.0,0,4,0,0,68,1,0.148,0
3,11695.0,0,0,0,0,53,0,0.379,1
3,12234.0,0,3,0,0,220,0,0.209,0
2,7452.0,0,0,0,0,154,0,0.266,0
3,10573.0,0,0,0,0,9,0,0.171,0
3,9740.0,0,0,0,0,81,1,0.064,0
1,2859.0,2,4,0,0,24,0,0.157,0
6,16146.0,0,1,0,1,228,0,0.476,0
1,3432.0,1,3,0,0,33,0,0.081,0
3,11992.0,0,1,0,0,211,0,0.083,0
2,6564.0,0,3,0,0,18,0,0.069,0
1,4111.0,0,1,0,0,16,0,0.44,0
2,8091.0,0,1,0,0,177,0,0.086,0
10,27296.0,3,7,0,0,43,0,0.055,1
1,3844.0,0,4,0,0,132,0,0.122,0
2,4735.0,1,4,0,0,54,0,0.198,0
1,3580.0,0,1,0,1,70,0,0.138,0
2,5686.0,0,4,0,0,268,0,0.39,0
10,40307.0,0,0,0,0,18,0,0.168,1
3,11356.0,0,5,0,0,62,0,0.326,0
3,9667.0,0,2,0,0,6,0,0.263,0
3,7790.0,0,3,0,0,82,0,0.115,0
1,4119.0,0,0,0,0,47,0,0.318,0
2,5831.0,0,1,0,0,50,0,0.139,0
1,3928.0,0,2,0,0,137,1,0.356,0
1,2363.0,0,3,0,0,153,1,0.354,0
3,8937.0,0,2,0,0,148,0,0.178,0
1,4391.0,1,6,0,0,43,0,0.274,1
6,21614.0,1,3,0,0,3,1,0.068,0
3,12197.0,1,2,0,0,115,0,0.049,0
1,2604.0,0,3,0,0,90,0,0.061,0
4,11346.0,1,2,0,0,179,0,0.188,0
2,7157.0,0,1,0,0,95,0,0.119,0
8,28329.0,0,1,0,0,191,0,0.134,0
3,8654.0,0,1,0,0,40,0,0.386,1
2,4914.0,0,0,0,0,80,0,0.152,0
2,7591.0,1,1,0,0,285,0,0.063,0
6,22188.0,1,3,0,0,140,0,0.015,0
7,20129.0,0,5,0,0,52,0,0.036,0
1,2793.0,1,4,0,0,63,0,0.155,0
1,2206.0,0,3,0,0,15,0,0.136,0
1,3056.0,1,4,0,0,63,1,0.102,0
1,3086.0,0,1,0,0,21,1,0.217,0
1,4082.0,0,1,0,0,82,0,0.139,0
3,12417.0,1,2,0,0,106,1,0.139,0
10,29136.0,2,3,0,0,21,0,0.177,0
1,3999.0,1,1,0,1,91,0,0.294,0
4,14075.0,0,1,0,0,24,0,0.249,0
2,5189.0,0,2,0,0,98,0,0.142,0
2,5616.0,0,2,0,0,114,0,0.121,0
4,9710.0,0,1,0,0,136,0,0.063,1
4,9207.0,2,6,0,0,2,0,0.246,0
2,6155.0,1,3,0,0,2,0,0.398,0
7,20013.0,1,3,0,0,5,0,0.498,0
6,19512.0,0,3,0,0,69,0,0.256,0
5,13141.0,0,1,0,0,60,0,0.294,0
6,23827.0,0,4,1,0,89,0,0.19,0
3,9644.0,0,1,0,0,34,1,0.304,0
1,4819.0,0,4,0,0,65,0,0.037,0
3,13020.0,0,0,0,0,153,0,0.336,0
2,7927.0,0,5,0,0,162,0,0.08,0
2,7930.0,0,4,0,0,164,0,0.034,0
1,3084.0,0,2,0,0,72,0,0.358,0
2,6189.0,0,0,0,0,45,0,0.044,0
1,3244.0,1,3,0,0,26,0,0.384,0
1,2857.0,0,1,0,0,160,0,0.096,0
5,11979.0,0,3,0,0,25,0,0.321,0
1,4053.0,1,4,0,0,41,0,0.099,1
2,6226.0,0,2,0,0,3,0,0.128,0
1,3168.0,0,2,0,0,39,0,0.218,0
4,16930.0,1,4,0,0,215,0,0.177,1
5,15111.0,1,2,0,0,198,0,0.181,0
5,19640.0,0,2,0,0,32,0,0.397,0
3,9487.0,1,3,0,0,7,0,0.142,0
1,2443.0,2,4,0,0,69,0,0.339,0
1,3221.0,1,6,0,1,76,0,0.251,1
3,10871.0,0,0,0,0,101,0,0.074,0
6,16110.0,2,4,0,0,129,1,0.052,0
1,2252.0,0,1,0,0,44,0,0.119,0
1,3087.0,0,1,0,1,41,0,0.191,0
2,8475.0,0,0,0,0,48,1,0.1,0
6,20074.0,3,4,0,0,283,0,0.119,1
1,4980.0,0,0,0,0,32,0,0.093,0
1,4425.0,0,3,0,0,58,0,0.214,0
7,28590.0,0,3,0,0,24,0,0.228,0
5,16003.0,0,2,0,0,115,0,0.008,0
3,8218.0,0,5,0,0,108,0,0.108,0
1,3136.0,1,2,0,0,18,0,0.299,0
2,6789.0,0,3,0,0,238,0,0.078,0
1,2057.0,1,1,0,0,69,0,0.061,0
3,10607.0,0,1,0,0,76,0,0.129,0
6,25624.0,2,4,0,0,86,0,0.277,0
2,7708.0,1,1,0,0,57,0,0.247,0
3,8839.0,0,3,0,0,39,0,0.279,0
7,22873.0,1,4,0,0,122,0,0.065,0
10,33324.0,1,4,0,0,19,1,0.292,0
4,10140.0,0,1,0,1,65,0,0.318,0
3,12897.0,1,1,0,0,42,0,0.277,0
2,7405.0,1,2,0,0,27,0,0.311,0
3,8543.0,0,1,0,0,7,0,0.246,0
3,7917.0,1,2,0,0,121,0,0.067,0
2,6506.0,1,2,0,0,146,0,0.431,0
2,5873.0,1,3,0,0,131,1,0.326,0
2,6330.0,1,2,0,1,98,1,0.136,0
3,9074.0,0,0,0,0,257,0,0.179,0
7,25088.0,1,2,0,0,89,0,0.216,0
1,4140.0,0,2,0,0,116,0,0.522,0
1,3563.0,0,1,0,0,35,0,0.231,0
1,2128.0,2,3,0,0,67,0,0.301,0
2,7055.0,1,2,0,0,32,0,0.047,0
2,7576.0,2,5,0,1,3,0,0.097,1
2,8526.0,0,3,0,1,11,0,0.076,0
1,3241.0,0,2,0,0,90,0,0.072,0
2,6937.0,1,2,0,0,46,1,0.177,0
7,17266.0,1,6,0,0,79,0,0.16,0
6,20113.0,0,4,0,0,109,0,0.163,0
4,12146.0,1,6,0,0,94,0,0.136,0
6,15102.0,1,2,0,0,14,0,0.136,0
5,14300.0,0,1,0,0,25,0,0.198,0
5,20169.0,0,0,0,0,256,0,0.314,0
7,23121.0,0,2,0,1,65,0,0.144,0
8,27808.0,0,0,0,0,44,0,0.032,1
2,7528.0,4,4,0,0,107,0,0.028,0
3,7841.0,0,3,0,0,150,0,0.272,0
3,8834.0,0,2,0,0,112,0,0.219,0
2,6201.0,0,0,0,0,16,0,0.087,0
1,3646.0,0,3,0,0,145,0,0.384,0
1,3364.0,1,4,0,0,60,0,0.051,0
9,38198.0,0,0,0,1,42,0,0.134,0
1,2843.0,0,1,0,0,122,0,0.13,0
3,7691.0,0,2,0,0,60,0,0.289,0
3,11954.0,1,3,1,0,39,1,0.058,0
1,2482.0,0,3,0,0,32,0,0.147,0
5,19503.0,0,3,0,0,72,1,0.284,0
2,5018.0,1,2,0,0,149,0,0.253,0
2,8019.0,0,3,0,0,22,0,0.345,0
10,24183.0,0,4,1,0,183,0,0.273,0
3,9170.0,0,1,0,0,72,0,0.397,0
1,2758.0,0,0,0,0,94,0,0.173,0
3,7188.0,0,0,0,0,57,0,0.246,0
5,19866.0,1,2,0,0,81,0,0.118,0
3,8129.0,2,5,0,0,125,0,0.339,0
2,7655.0,0,0,0,0,7,0,0.357,0
3,10296.0,2,6,0,0,71,0,0.158,0
1,3370.0,0,2,0,0,102,0,0.449,1
3,7007.0,1,1,0,0,24,0,0.32,0
7,26453.0,1,2,0,0,16,0,0.178,0
5,14140.0,0,1,0,0,9,0,0.287,1
1,3777.0,3,6,0,0,109,0,0.28,1
5,17991.0,0,1,0,0,171,0,0.099,0
4,11582.0,0,2,0,0,55,0,0.194,0
1,2670.0,0,2,0,0,48,0,0.191,1
8,28400.0,0,0,0,0,58,0,0.123,0
4,9720.0,0,2,0,0,69,0,0.315,0
3,10588.0,0,4,0,1,121,1,0.052,1
4,9833.0,1,1,0,0,60,0,0.493,0
1,3651.0,0,2,0,1,10,1,0.201,0
1,3738.0,0,1,0,0,37,0,0.248,0
3,7058.0,0,2,0,1,280,0,0.231,0
8,26947.0,0,1,0,0,61,0,0.097,0
1,2722.0,0,1,0,0,88,1,0.3,0
7,23674.0,0,2,0,0,131,0,0.214,1
1,4591.0,1,3,0,0,61,0,0.086,0
1,3685.0,3,5,0,0,14,0,0.133,0
3,7080.0,0,1,0,0,25,0,0.374,0
1,3929.0,0,2,0,0,149,0,0.088,0
2,7929.0,0,3,0,0,23,0,0.59,0
3,8072.0,0,0,0,0,44,0,0.161,0
1,3603.0,2,5,0,0,14,0,0.243,0
4,10852.0,0,1,0,0,20,0,0.411,0
2,5338.0,1,2,0,0,195,0,0.248,0
1,3484.0,0,2,0,0,122,0,0.376,0
2,6890.0,1,5,0,0,38,0,0.077,0
2,7448.0,0,1,0,0,117,0,0.127,0
2,7642.0,1,1,0,0,114,0,0.154,0
2,7520.0,3,5,0,0,85,0,0.296,0
1,3352.0,0,3,0,1,31,0,0.402,0
1,4019.0,0,2,0,0,82,0,0.358,0
2,5907.0,0,5,1,0,172,0,0.241,0
2,6011.0,0,5,1,1,29,0,0.055,0
1,3723.0,0,1,0,0,12,0,0.218,1
1,3886.0,1,3,0,0,10,0,0.26,0
2,7120.0,0,4,1,1,131,0,0.19,0
1,2510.0,1,6,0,0,11,1,0.182,0
1,3419.0,0,0,0,0,110,1,0.106,1
1,3746.0,3,4,0,0,267,0,0.182,0
2,4379.0,1,2,0,0,129,0,0.203,1
3,13345.0,1,5,0,0,74,0,0.15,0
6,25306.0,0,0,0,0,205,0,0.034,0
3,8766.0,0,0,0,0,50,0,0.07,0
1,3580.0,1,2,0,0,40,0,0.084,1
3,6727.0,1,6,0,0,55,0,0.044,0
4,8829.0,3,4,0,0,143,0,0.16,0
3,8897.0,1,1,0,0,32,1,0.113,0
7,19303.0,0,0,0,0,134,0,0.161,0
3,6636.0,0,2,0,0,180,0,0.165,0
3,12835.0,0,0,0,0,55,1,0.156,1
5,11759.0,0,0,0,0,5,0,0.062,0
5,17685.0,0,2,0,0,84,0,0.153,0
2,6839.0,0,1,0,0,11,0,0.063,1
1,4566.0,3,5,0,0,22,0,0.285,0
2,6253.0,1,1,0,0,133,0,0.297,0
1,3459.0,0,2,0,0,11,1,0.285,0
1,3698.0,2,5,1,0,104,0,0.185,0
3,12212.0,3,7,0,0,16,0,0.154,0
2,8513.0,0,3,0,0,94,0,0.236,0
2,8841.0,0,1,0,0,198,0,0.375,0
3,6889.0,0,3,1,0,107,0,0.236,0
2,4861.0,0,4,0,0,46,0,0.159,0
4,14279.0,0,5,0,0,49,0,0.068,0
7,25114.0,0,3,0,0,101,0,0.265,1
6,20700.0,0,0,0,0,50,0,0.318,0
5,13419.0,0,2,0,0,126,1,0.485,0
2,7145.0,1,4,0,0,88,0,0.111,0
2,7431.0,1,3,0,0,94,0,0.267,0
4,10948.0,1,6,0,0,92,0,0.344,0
1,3089.0,1,2,0,0,101,1,0.162,0
3,9912.0,1,4,0,0,21,0,0.082,0
2,6537.0,0,3,0,0,52,0,0.234,0
6,21995.0,1,5,0,0,7,0,0.108,0
2,6239.0,0,0,0,0,162,0,0.069,0
6,21456.0,1,4,0,0,81,0,0.146,0
6,15840.0,1,5,0,0,50,0,0.085,1
8,26944.0,1,5,0,1,85,0,0.329,1
5,13804.0,0,2,0,0,85,0,0.381,0
2,4155.0,1,3,0,0,229,0,0.039,0
2,5602.0,1,2,1,1,158,0,0.257,0
1,2514.0,0,3,0,0,1,0,0.124,0
4,16090.0,0,1,0,0,17,1,0.143,0
1,3440.0,0,0,0,0,28,0,0.016,0
1,2602.0,0,2,0,0,158,0,0.177,0
1,2597.0,0,2,0,0,88,0,0.329,0
2,5243.0,1,1,0,0,77,0,0.084,0
2,7835.0,4,7,1,0,97,0,0.415,1
6,22084.0,2,6,0,0,122,0,0.302,0
2,7262.0,0,1,0,0,149,0,0.075,0
3,10072.0,1,3,0,0,38,1,0.232,0
1,2990.0,0,0,0,0,36,0,0.059,0
8,25040.0,0,3,0,0,235,0,0.485,0
5,14978.0,0,2,0,0,24,0,0.215,0
1,4659.0,0,0,0,0,24,0,0.402,0
3,11060.0,0,0,0,0,18,1,0.218,0
5,12143.0,0,2,0,0,36,0,0.339,0
3,12343.0,0,3,0,0,36,0,0.025,0
2,7436.0,0,3,0,0,174,0,0.08,0
3,10471.0,0,2,0,1,0,0,0.193,0
6,13612.0,0,1,0,0,136,1,0.357,0
3,12736.0,0,3,0,0,5,0,0.186,0
1,3621.0,4,4,0,0,176,0,0.231,0
7,20923.0,0,3,0,0,294,0,0.359,0
2,8166.0,3,3,0,0,11,1,0.393,0
3,7952.0,4,6,0,1,70,0,0.073,0
3,7039.0,0,1,0,0,184,0,0.129,0
2,5568.0,1,5,0,0,123,1,0.087,0
3,9170.0,0,1,0,0,85,0,0.153,0
5,12794.0,2,4,0,0,209,0,0.042,0
2,8137.0,0,0,0,0,15,0,0.162,0
3,11669.0,1,2,0,0,90,0,0.221,0
1,2470.0,2,4,0,0,133,0,0.07,0
8,26512.0,1,6,0,0,49,0,0.161,1
3,8091.0,0,2,0,0,7,1,0.036,0
3,7441.0,0,0,0,1,11,1,0.15,0
2,6220.0,0,4,0,0,30,0,0.226,0
8,25488.0,0,2,0,0,105,0,0.327,0
3,12413.0,0,5,0,0,197,0,0.261,0
6,15469.0,0,3,0,0,5,1,0.125,0
1,2136.0,0,0,0,0,37,0,0.251,0
1,4148.0,0,0,0,0,93,0,0.263,0
4,15873.0,0,1,0,0,91,0,0.22,0
2,6221.0,0,2,0,1,27,0,0.086,0
3,7976.0,1,6,0,0,103,0,0.355,1
2,5816.0,0,1,0,0,80,0,0.169,0
1,3772.0,4,5,0,0,179,0,0.225,0
2,5335.0,1,3,0,0,40,0,0.149,0
4,12094.0,3,6,0,0,276,0,0.124,0
2,5068.0,1,3,0,0,146,0,0.109,0
1,4040.0,0,0,0,0,101,0,0.095,0
1,2145.0,1,6,0,0,112,0,0.317,0
3,7142.0,0,3,0,1,173,1,0.153,0
1,3160.0,0,0,0,0,223,0,0.023,0
1,2196.0,3,5,0,0,33,0,0.097,0
2,5147.0,1,3,0,0,51,0,0.207,0
2,7181.0,0,0,0,0,190,0,0.323,0
8,30568.0,2,5,0,0,81,0,0.152,1
2,6556.0,0,0,0,1,176,0,0.176,0
1,3381.0,0,1,0,0,95,0,0.243,0
2,7586.0,0,0,0,0,103,1,0.191,1
1,2976.0,2,3,0,0,222,0,0.382,0
6,22014.0,3,4,0,0,62,0,0.298,0
3,6212.0,0,1,0,0,11,0,0.249,0
3,10211.0,0,1,0,0,59,1,0.136,0
1,3580.0,0,0,0,0,1,0,0.106,0
3,11389.0,0,3,1,0,84,1,0.242,0
2,7031.0,2,4,0,0,73,0,0.076,0
5,12646.0,1,2,0,0,126,0,0.16,0
2,8639.0,0,1,1,0,97,0,0.119,1
7,24118.0,0,1,0,0,89,1,0.171,0
7,18787.0,2,3,0,0,15,0,0.193,0
5,19286.0,0,3,0,0,116,0,0.198,0
4,10218.0,3,3,0,0,6,0,0.067,0
5,17921.0,1,5,1,0,162,0,0.353,0
1,4170.0,1,3,0,0,70,0,0.283,0
2,4987.0,4,5,0,0,111,0,0.32,0
2,5869.0,0,3,0,1,52,0,0.211,0
7,24024.0,0,0,0,0,9,1,0.206,0
1,3907.0,0,2,0,1,56,0,0.105,0
3,12152.0,0,0,1,0,42,1,0.189,0
8,32284.0,0,4,0,0,187,0,0.501,0
3,12936.0,0,4,0,0,71,0,0.31,1
7,26335.0,0,0,0,0,176,1,0.175,0
1,3845.0,0,0,0,0,160,0,0.207,0
1,4420.0,0,5,0,0,67,0,0.263,0
1,2774.0,0,2,0,0,17,0,0.085,0
1,3040.0,0,1,0,0,6,0,0.737,0
5,11029.0,0,5,0,1,238,0,0.257,0
7,25810.0,0,4,0,1,12,0,0.231,0
7,24298.0,0,2,0,1,59,0,0.319,0
3,9001.0,2,3,0,0,70,0,0.136,1
2,6442.0,0,3,0,0,150,0,0.22,0
2,7509.0,0,3,0,0,11,0,0.398,0
2,4840.0,0,0,0,0,7,0,0.499,0
1,3771.0,1,2,0,0,78,0,0.342,0
10,41212.0,0,1,0,0,40,0,0.288,0
1,2411.0,0,1,0,0,77,0,0.033,0
2,5720.0,0,5,0,0,17,0,0.165,0
2,5011.0,1,4,0,0,210,0,0.109,0
3,8052.0,3,5,0,0,76,0,0.202,0
1,2463.0,0,1,0,0,34,0,0.072,0
2,6857.0,1,5,0,0,246,1,0.082,0
1,2462.0,1,2,0,0,27,0,0.453,0
8,23428.0,0,4,0,0,155,0,0.558,1
1,1871.0,1,3,0,0,98,0,0.43,1
1,3860.0,0,1,0,0,72,0,0.248,0
4,11566.0,0,2,1,0,214,0,0.153,0
2,5882.0,0,3,1,0,43,0,0.195,0
1,2584.0,1,6,0,0,121,0,0.185,0
1,2929.0,0,1,0,0,27,0,0.036,0
2,4198.0,1,3,0,0,104,0,0.154,0
2,6335.0,0,3,0,0,147,0,0.192,0
2,5502.0,1,6,0,1,28,0,0.317,0
1,4288.0,0,2,0,0,25,0,0.148,0
2,6656.0,0,5,0,0,79,1,0.083,0
3,12162.0,0,1,0,0,160,0,0.053,0
4,11793.0,1,5,0,0,137,0,0.383,0
3,12594.0,1,2,0,1,160,0,0.2,0
6,21347.0,0,0,0,0,25,0,0.175,0
3,7706.0,1,5,0,0,34,0,0.359,0
1,3021.0,1,1,0,0,110,0,0.159,0
1,3555.0,3,6,0,0,1,0,0.186,0
2,5211.0,0,3,0,0,7,0,0.046,0
2,7726.0,1,5,0,0,95,0,0.152,1
2,7180.0,2,4,1,0,66,0,0.031,0
1,3034.0,0,1,0,0,122,1,0.348,0
2,4648.0,0,2,0,0,153,0,0.134,0
2,7675.0,0,1,1,0,26,0,0.129,0
5,20503.0,1,2,0,0,29,1,0.137,0
2,5646.0,1,5,1,0,84,0,0.219,0
6,20982.0,0,1,0,0,144,0,0.068,0
2,5676.0,0,1,1,0,187,0,0.101,1
4,16851.0,0,1,0,0,11,0,0.095,0
8,20936.0,0,1,1,0,65,0,0.054,0
1,2741.0,2,2,0,0,99,0,0.115,0
3,9913.0,2,4,0,0,113,0,0.026,0
1,3444.0,0,2,0,0,118,1,0.126,1
2,5572.0,2,7,0,1,49,0,0.33,1
8,32955.0,1,1,0,0,199,1,0.111,0
1,3890.0,0,3,0,0,36,0,0.224,0
1,2828.0,0,2,0,0,87,0,0.05,0
1,3706.0,0,4,0,0,75,0,0.089,0
1,3522.0,0,2,0,0,176,0,0.246,0
3,13133.0,0,1,0,1,90,0,0.285,0
1,3046.0,2,2,0,0,61,0,0.226,0
2,7480.0,0,1,0,1,238,0,0.364,1
2,6226.0,1,2,0,0,96,0,0.026,0
2,6089.0,0,1,0,0,67,0,0.121,0
1,2823.0,1,1,0,0,88,1,0.161,0
2,6143.0,0,2,0,0,53,0,0.228,0
3,7490.0,0,3,0,0,90,0,0.179,0
6,17317.0,2,4,0,0,25,0,0.341,0
2,9056.0,0,5,1,1,45,0,0.38,0
5,14768.0,0,0,0,0,132,0,0.115,0
5,20031.0,0,4,0,0,198,0,0.156,1
3,8731.0,0,2,0,0,64,0,0.235,0
2,5974.0,1,6,0,0,39,0,0.221,0
2,4931.0,1,1,0,0,55,1,0.168,0
3,6835.0,0,0,0,1,10,0,0.049,0
7,24017.0,0,1,0,0,6,0,0.189,0
1,3205.0,0,3,0,0,144,0,0.052,0
3,10269.0,0,2,0,0,78,0,0.138,0
1,4198.0,1,2,0,0,91,0,0.216,0
2,5680.0,0,1,0,0,81,0,0.253,0
1,3277.0,1,3,1,0,152,0,0.355,1
2,8000.0,2,6,0,0,192,0,0.502,1
3,9873.0,2,6,0,0,41,0,0.333,0
6,17569.0,0,0,0,0,181,0,0.036,0
3,8170.0,0,4,0,0,131,0,0.311,0
5,14019.0,1,6,0,1,92,0,0.622,1
1,4425.0,2,3,0,1,18,0,0.02,0
7,26807.0,0,5,0,0,35,0,0.388,0
7,19859.0,0,3,0,0,15,0,0.121,0
2,5252.0,0,1,0,0,123,0,0.274,0
5,15765.0,0,2,0,0,94,0,0.14,0
1,3697.0,0,2,0,0,73,0,0.11,0
2,5423.0,0,2,0,0,25,0,0.064,0
2,6592.0,0,2,0,1,37,0,0.21,0
2,6489.0,0,2,1,0,227,0,0.082,1
2,7069.0,0,2,0,0,33,0,0.134,0
2,6602.0,0,1,0,0,212,0,0.208,0
3,6715.0,1,3,0,0,264,0,0.122,0
2,4925.0,0,2,0,0,31,0,0.049,0
3,7984.0,0,2,0,0,253,0,0.202,0
3,10499.0,1,4,0,0,121,0,0.446,0
3,9775.0,0,4,0,1,22,0,0.275,0
2,6438.0,0,1,0,0,62,0,0.327,0
4,11077.0,2,4,0,0,26,0,0.393,0
2,5548.0,0,2,0,0,178,0,0.196,0
7,22645.0,0,3,0,0,27,0,0.378,0
3,11311.0,0,3,0,0,53,0,0.601,0
3,11045.0,0,2,1,0,136,0,0.304,1
7,17719.0,1,3,0,0,0,0,0.067,0
6,14338.0,1,2,0,0,100,0,0.285,0
6,17904.0,3,5,0,0,87,1,0.193,1
2,8335.0,0,2,0,0,36,0,0.128,0
2,6502.0,0,1,0,0,211,0,0.434,0
2,7355.0,1,4,0,0,73,0,0.215,0
3,9977.0,2,2,0,1,54,0,0.134,0
2,7464.0,2,3,0,0,201,0,0.139,0
3,10595.0,0,4,0,0,78,0,0.125,0
1,3580.0,1,5,0,0,24,0,0.051,0
2,5926.0,0,3,0,0,80,0,0.145,0
3,9197.0,0,3,0,0,71,0,0.196,0
3,8255.0,3,6,0,0,20,0,0.024,1
8,22224.0,0,2,0,0,6,0,0.062,0
1,2666.0,0,0,0,0,213,1,0.073,0
1,4075.0,0,0,0,0,125,0,0.267,0
4,14287.0,0,2,0,0,124,0,0.032,0
3,8550.0,0,0,0,0,93,1,0.089,0
2,6746.0,1,1,0,0,53,0,0.141,0
2,5188.0,0,1,0,0,9,0,0.142,0
1,4167.0,1,3,0,0,93,1,0.124,0
2,5568.0,0,4,0,0,98,0,0.109,0
3,11936.0,3,3,0,0,183,0,0.064,0
2,7293.0,0,0,0,0,134,0,0.041,0
3,7541.0,1,2,0,1,27,0,0.137,0
3,10873.0,1,2,0,0,26,0,0.491,0
1,2533.0,0,2,0,0,173,0,0.249,0
9,32121.0,0,4,0,0,84,0,0.029,1
3,11918.0,1,1,0,0,39,0,0.069,1
2,5651.0,2,2,0,0,40,0,0.322,0
10,40315.0,0,4,0,0,134,0,0.142,1
2,5089.0,1,1,0,0,101,0,0.273,0
1,4076.0,4,9,0,0,23,0,0.249,0
2,5953.0,0,1,0,0,187,0,0.164,0
3,10388.0,0,0,0,0,86,0,0.137,1
1,2243.0,0,2,0,0,104,1,0.395,0
3,10654.0,1,3,0,0,184,0,0.229,0
3,8566.0,0,0,0,0,37,0,0.103,0
2,4855.0,1,3,0,0,208,0,0.12,0
3,11736.0,1,3,0,1,30,0,0.195,0
3,7696.0,1,2,0,0,38,1,0.047,0
3,11518.0,0,2,0,0,41,0,0.064,0
2,4771.0,0,0,0,0,177,0,0.172,0
2,4574.0,0,1,0,0,58,0,0.142,0
2,7520.0,0,0,0,0,63,0,0.14,1
3,12143.0,0,2,1,0,89,0,0.096,0
2,7631.0,0,0,0,0,43,0,0.174,0
2,5436.0,0,0,0,0,60,0,0.478,0
5,15796.0,0,4,0,0,1,0,0.026,1
3,8949.0,3,3,0,0,13,0,0.195,0
6,13655.0,3,5,0,0,198,0,0.278,0
1,4415.0,1,1,0,0,67,1,0.03,0
2,7225.0,1,4,0,0,99,1,0.264,0
4,15345.0,0,0,0,0,15,0,0.091,0
5,12413.0,0,2,0,0,107,0,0.264,0
2,8069.0,1,3,0,0,24,0,0.01,0
2,6600.0,0,2,0,0,17,0,0.401,0
1,4264.0,0,0,0,0,119,0,0.133,0
3,12390.0,0,1,0,0,135,0,0.112,0
3,12874.0,0,1,0,0,66,1,0.121,0
7,19999.0,1,1,0,0,0,0,0.123,1
1,2559.0,1,5,0,0,26,0,0.373,0
1,3602.0,0,1,0,0,19,0,0.134,0
1,1857.0,0,0,0,0,18,0,0.279,0
3,11157.0,1,6,0,0,23,0,0.581,0
1,4300.0,1,2,0,0,93,0,0.174,0
2,4477.0,0,2,0,0,36,0,0.252,1
2,5077.0,0,1,0,0,161,0,0.224,0
3,9385.0,0,2,0,0,29,0,0.373,0
8,28416.0,0,4,0,0,1,0,0.163,1
1,3078.0,3,6,0,1,117,1,0.422,1
3,10544.0,0,1,0,0,47,0,0.453,0
3,10963.0,1,1,0,1,62,0,0.283,0
5,17959.0,0,3,0,0,88,0,0.267,0
4,10361.0,0,4,0,0,37,0,0.366,0
1,4357.0,0,0,0,0,10,0,0.187,0
1,3259.0,0,2,0,0,118,0,0.304,0
2,8416.0,0,2,0,0,283,0,0.182,0
2,5009.0,1,4,0,0,183,0,0.465,0
6,22783.0,0,4,0,0,44,0,0.05,0
3,10103.0,0,1,0,0,121,0,0.109,0
3,11116.0,0,2,0,0,31,0,0.415,0
2,7558.0,0,4,0,0,32,0,0.058,0
2,5417.0,0,2,0,0,141,0,0.201,0
3,8850.0,0,2,0,0,146,0,0.196,0
1,4263.0,0,3,0,0,97,0,0.271,0
3,12202.0,0,1,0,0,129,0,0.276,0
1,2682.0,1,2,0,0,67,0,0.222,0
8,30265.0,0,4,0,1,4,0,0.25,0
4,14624.0,0,2,0,0,6,0,0.207,0
2,6486.0,0,1,0,0,94,0,0.322,0
5,11163.0,0,0,0,0,174,0,0.235,0
2,6589.0,1,2,0,0,166,0,0.303,0
3,11478.0,1,4,0,0,53,0,0.292,0
1,3852.0,0,0,1,0,36,0,0.183,0
6,15917.0,0,5,0,0,5,0,0.09,0
8,28399.0,0,2,0,0,166,1,0.093,1
2,7326.0,1,1,0,0,42,0,0.153,0
4,12383.0,1,5,0,0,33,0,0.216,0
2,7202.0,1,3,0,0,159,0,0.025,0
2,7795.0,0,4,1,0,34,0,0.356,1
3,10879.0,1,2,0,0,32,0,0.129,1
3,9126.0,1,3,0,0,46,0,0.271,0
4,9383.0,0,2,0,0,172,0,0.163,0
1,2659.0,0,3,0,0,3,0,0.212,0
2,5020.0,0,4,0,0,51,0,0.082,0
2,5313.0,2,6,0,0,203,0,0.301,0
3,12791.0,1,4,0,0,146,0,0.028,0
3,10471.0,0,3,0,0,52,0,0.199,0
9,36446.0,0,1,0,0,76,0,0.207,0
1,2237.0,0,1,0,0,44,0,0.111,0
2,8123.0,0,3,0,0,179,0,0.066,0
1,2525.0,1,3,1,0,70,0,0.24,0
4,16545.0,0,1,0,0,59,0,0.199,0
1,2717.0,0,2,0,0,169,0,0.117,0
2,5663.0,0,1,0,0,148,0,0.081,0
10,28638.0,0,5,0,0,117,0,0.095,1
1,4244.0,1,1,0,0,23,0,0.139,0
2,6763.0,1,2,0,0,164,0,0.184,0
3,9285.0,3,7,0,0,80,1,0.152,1
7,25783.0,0,2,0,0,126,0,0.136,0
1,3346.0,0,1,0,0,77,0,0.085,0
2,4921.0,0,0,0,0,50,0,0.077,0
1,3391.0,1,1,0,0,27,0,0.532,0
2,6868.0,0,3,0,0,42,0,0.162,0
1,3839.0,1,3,0,0,65,1,0.431,1
3,7726.0,0,0,1,0,33,0,0.258,0
2,8530.0,1,6,0,0,127,1,0.559,0
3,11482.0,1,4,0,0,62,0,0.061,0
8,24948.0,1,2,0,0,85,0,0.32,0
2,7141.0,1,2,0,0,40,0,0.024,0
2,7831.0,0,3,0,0,35,0,0.165,0
3,7151.0,0,0,0,0,74,0,0.089,0
1,2085.0,0,0,0,0,77,0,0.521,0
3,12199.0,0,0,0,0,52,0,0.078,0
8,23304.0,1,4,0,0,59,0,0.113,0
3,12026.0,0,2,0,0,56,0,0.165,0
1,3440.0,3,6,0,0,197,1,0.11,1
8,21560.0,0,4,0,0,120,0,0.177,0
1,3208.0,0,0,0,1,85,0,0.1,0
2,4548.0,1,3,0,0,50,0,0.113,0
2,5084.0,0,5,0,1,27,1,0.32,1
1,3751.0,0,2,0,0,9,0,0.37,0
2,4800.0,0,1,0,0,80,0,0.386,0
3,9873.0,1,4,0,1,50,0,0.233,0
7,20195.0,0,1,0,0,55,1,0.415,0
2,7498.0,0,0,0,0,103,0,0.031,0
1,4471.0,1,1,0,0,83,1,0.423,0
1,3910.0,1,2,0,0,131,0,0.123,0
2,5437.0,2,3,0,0,133,0,0.374,0
1,3753.0,2,6,0,0,24,1,0.017,0
2,6303.0,0,4,0,0,189,0,0.124,0
2,6755.0,0,0,0,0,175,0,0.131,0
1,3881.0,0,0,0,0,71,0,0.391,0
5,15019.0,0,0,0,0,177,0,0.526,0
2,7238.0,0,5,0,0,114,0,0.094,0
2,9206.0,1,3,0,0,18,0,0.169,0
2,7963.0,0,2,0,0,34,1,0.041,0
5,16809.0,2,4,1,0,25,0,0.306,0
4,16942.0,1,2,0,0,18,0,0.075,0
6,16506.0,0,2,0,0,10,0,0.48,0
4,14798.0,0,2,0,0,215,0,0.056,0
2,5918.0,1,2,0,0,53,0,0.125,0
3,11505.0,0,1,0,0,17,1,0.169,0
3,9588.0,0,2,0,0,31,0,0.327,0
3,9252.0,0,2,0,0,31,0,0.181,0
1,4365.0,0,3,0,0,21,0,0.281,0
5,12555.0,1,1,0,0,123,1,0.313,0
2,6787.0,0,3,0,0,85,0,0.167,0
2,8765.0,1,4,0,1,11,0,0.228,0
3,12821.0,0,3,0,0,105,1,0.216,0
10,29888.0,0,1,0,0,146,0,0.217,0
2,7202.0,1,5,0,0,181,0,0.169,0
3,8500.0,0,2,0,0,159,0,0.596,0
1,3514.0,2,4,1,0,125,0,0.327,1
2,6474.0,1,2,0,0,209,0,0.094,0
2,7682.0,0,1,0,1,18,0,0.127,0
2,8421.0,0,2,0,0,14,0,0.264,0
3,6462.0,0,3,0,1,94,1,0.171,0
7,20291.0,0,0,0,0,81,1,0.349,0
3,11906.0,0,0,0,1,61,0,0.083,0
1,4136.0,0,0,0,1,195,1,0.034,0
1,3970.0,1,2,1,0,52,0,0.125,0
10,25301.0,0,1,0,0,229,0,0.094,0
2,6158.0,1,6,0,0,104,0,0.214,1
1,2377.0,1,5,0,0,154,0,0.085,1
3,10063.0,3,5,0,0,174,0,0.279,1
2,6630.0,0,1,0,0,123,0,0.218,0
1,3856.0,0,5,0,0,140,0,0.212,0
1,2916.0,0,4,0,0,109,0,0.245,0
4,15912.0,0,0,0,0,35,0,0.054,0
4,14179.0,0,1,0,0,165,0,0.035,0
6,19949.0,0,0,0,0,106,0,0.261,0
5,19470.0,3,3,0,0,30,0,0.198,0
4,12032.0,0,1,0,0,122,0,0.197,0
1,4483.0,0,1,0,1,113,0,0.259,0
1,3556.0,0,4,0,0,13,0,0.338,0
6,25479.0,3,7,0,0,81,1,0.406,1
6,21300.0,0,0,0,0,19,0,0.381,0
3,11788.0,0,2,0,0,49,0,0.082,0
1,3563.0,1,4,0,0,32,0,0.199,0
7,26212.0,0,2,0,0,114,0,0.147,0
2,7989.0,0,3,0,0,126,0,0.197,0
6,15589.0,1,4,0,1,15,1,0.178,0
2,8188.0,1,1,0,0,15,0,0.148,1
1,2974.0,2,2,0,0,72,0,0.195,0
7,26528.0,0,1,0,0,80,0,0.546,0
6,16514.0,1,1,0,0,168,0,0.334,0
7,24707.0,1,3,0,0,77,0,0.154,1
6,16464.0,2,3,0,0,31,1,0.302,0
6,18836.0,0,3,0,0,27,0,0.11,0
1,2524.0,2,2,0,0,183,0,0.15,0
2,8050.0,0,0,0,0,1,0,0.091,1
3,6911.0,0,2,0,0,126,1,0.096,0
1,2629.0,0,2,0,0,56,1,0.137,1
1,2933.0,1,1,0,0,6,0,0.032,0
3,13024.0,0,1,0,0,78,0,0.264,0
2,6501.0,1,2,0,0,52,0,0.344,0
1,3251.0,1,5,0,0,168,0,0.189,0
3,12342.0,0,0,0,0,160,0,0.171,0
1,3937.0,1,6,0,0,51,0,0.247,0
2,7934.0,0,0,0,0,13,1,0.44,0
2,8760.0,1,1,0,0,10,0,0.176,0
1,3340.0,1,5,0,0,59,0,0.03,0
3,12469.0,0,0,0,0,25,0,0.419,0
1,2797.0,1,1,0,0,3,0,0.061,0
1,3462.0,1,3,0,1,33,1,0.143,0
3,6604.0,1,2,0,0,98,0,0.249,1
4,11969.0,2,2,0,0,164,1,0.191,0
1,3517.0,3,6,0,0,86,0,0.107,0
4,16433.0,0,0,0,0,6,0,0.225,1
7,26961.0,0,1,0,0,78,0,0.167,0
6,23056.0,1,4,0,0,5,0,0.078,0
3,11604.0,0,0,0,0,70,0,0.177,0
1,4800.0,0,3,0,0,84,0,0.214,0
3,9679.0,0,1,0,0,34,1,0.093,0
2,5330.0,0,5,0,0,75,0,0.261,0
3,7387.0,0,2,0,0,36,0,0.414,0
1,4157.0,0,3,1,0,7,0,0.053,1
3,12603.0,2,4,0,0,74,0,0.246,0
2,5543.0,1,1,0,0,75,0,0.061,0
2,6149.0,1,5,0,1,74,1,0.255,1
4,14193.0,1,5,0,0,39,0,0.241,0
1,2709.0,1,2,0,1,127,0,0.154,0
3,7476.0,0,0,0,0,71,0,0.05,0
1,4003.0,0,1,0,0,178,1,0.216,0
2,8181.0,0,1,1,0,36,0,0.122,0
1,2733.0,0,4,0,0,61,0,0.158,0
7,20915.0,0,2,0,0,21,0,0.234,0
1,2795.0,0,1,0,0,105,0,0.116,0
3,10946.0,1,5,0,0,44,0,0.349,0
5,18539.0,0,0,1,0,87,0,0.136,0
8,27174.0,0,5,0,0,67,1,0.104,0
3,9085.0,1,2,0,0,53,0,0.226,0
3,9390.0,0,1,0,1,162,0,0.274,0
6,15858.0,1,2,0,0,85,0,0.25,1
1,4205.0,1,1,0,0,36,0,0.21,0
1,3590.0,0,1,0,0,71,0,0.006,0
3,11274.0,0,1,0,0,182,0,0.226,0
4,13250.0,0,4,0,0,36,0,0.238,1
2,5207.0,3,4,0,0,23,0,0.221,0
4,12639.0,0,2,0,0,60,0,0.369,0
4,15883.0,0,0,0,0,178,0,0.401,0
7,22220.0,1,2,0,0,17,0,0.274,0
1,2908.0,0,2,0,1,56,0,0.19,0
4,13349.0,0,3,0,0,132,0,0.295,0
6,19920.0,1,3,0,0,1,0,0.076,0
2,7828.0,0,2,0,1,92,0,0.274,0
3,11843.0,0,0,0,0,7,0,0.141,0
2,7061.0,0,1,0,0,142,0,0.237,0
1,3091.0,0,2,0,0,83,0,0.142,0
8,30197.0,0,4,0,0,106,0,0.136,0
2,6102.0,0,3,0,0,134,0,0.375,1
1,3581.0,0,1,1,1,96,0,0.11,0
3,9998.0,0,4,0,0,123,1,0.036,0
7,18481.0,0,2,0,0,144,0,0.292,0
1,2097.0,0,3,0,0,96,0,0.129,0
2,6439.0,2,5,0,0,10,0,0.312,0
1,3067.0,0,0,0,0,45,0,0.364,0
3,8768.0,0,5,0,0,199,0,0.304,1
4,12943.0,0,0,0,0,30,0,0.211,0
4,11788.0,0,5,1,0,52,0,0.028,0
1,4863.0,0,3,0,0,102,0,0.303,0
1,4075.0,1,3,0,0,80,0,0.112,0
3,9123.0,1,2,0,0,14,0,0.154,0
1,2316.0,0,2,0,0,55,0,0.246,0
1,2722.0,2,2,0,0,73,0,0.15,0
5,19970.0,0,2,0,0,51,0,0.054,0
1,3571.0,1,6,0,0,43,0,0.249,0
3,10390.0,2,3,0,0,89,0,0.165,0
3,9310.0,0,1,0,1,64,0,0.091,0
2,6876.0,3,3,0,0,29,0,0.155,1
3,8303.0,0,1,0,0,210,0,0.209,0
1,3286.0,0,1,0,0,127,0,0.029,0
2,4548.0,2,2,0,0,113,0,0.283,0
2,7193.0,0,4,0,1,150,0,0.097,0
1,3007.0,0,0,0,0,104,0,0.064,0
1,3770.0,0,1,0,0,43,0,0.246,0
2,6226.0,0,2,0,1,93,0,0.294,0
1,3048.0,0,1,0,0,14,0,0.014,1
5,17248.0,0,0,0,0,209,0,0.495,0
3,10344.0,3,3,0,0,0,0,0.203,0
1,4035.0,0,3,0,0,43,0,0.217,0
2,7378.0,4,6,0,0,71,0,0.209,1
4,14711.0,0,5,0,0,196,0,0.376,0
1,3490.0,0,1,0,0,42,0,0.234,0
1,2351.0,1,3,0,0,150,0,0.026,0
6,16002.0,0,4,0,0,130,0,0.039,0
3,8959.0,1,5,0,0,147,0,0.161,0
3,6896.0,0,2,0,1,74,0,0.256,0
2,7225.0,0,0,0,0,31,0,0.108,0
1,3768.0,0,1,0,0,46,0,0.236,1
3,12256.0,1,1,0,1,14,0,0.195,0
1,3280.0,0,1,0,1,43,0,0.22,0
2,4885.0,0,4,0,0,83,0,0.363,0
1,3938.0,0,3,0,0,156,1,0.333,0
3,9487.0,0,5,0,0,214,0,0.311,0
3,8238.0,3,4,0,0,92,0,0.199,0
5,20706.0,0,1,0,0,145,0,0.192,0
3,10924.0,0,5,0,1,158,0,0.18,0
7,18183.0,0,4,0,0,192,0,0.063,0
8,25220.0,1,5,0,0,87,0,0.189,0
6,21792.0,0,1,0,0,161,0,0.308,0
8,27787.0,1,4,0,0,131,1,0.117,1
2,7578.0,0,2,0,0,11,0,0.195,0
1,2404.0,0,5,0,1,110,1,0.088,0
3,11392.0,0,1,0,0,159,0,0.453,1
1,2741.0,0,2,0,0,14,0,0.117,0
4,11762.0,0,4,0,0,43,0,0.125,0
1,2219.0,0,2,0,0,60,0,0.094,0
3,7586.0,0,0,0,0,89,0,0.166,0
3,8835.0,1,4,0,0,91,0,0.164,0
3,8399.0,0,3,0,0,27,0,0.115,0
6,20762.0,1,6,0,0,51,0,0.134,0
6,19032.0,1,3,0,0,60,0,0.061,1
7,18472.0,0,4,0,0,19,0,0.385,1
3,9008.0,1,1,0,0,128,1,0.231,0
1,2936.0,1,2,0,0,121,0,0.425,0
8,23608.0,0,0,0,0,129,0,0.072,0
2,4934.0,0,1,0,0,98,0,0.024,1
1,3657.0,0,0,0,0,45,0,0.214,0
5,19712.0,1,6,0,0,54,0,0.183,0
2,6070.0,0,1,0,0,254,0,0.079,0
2,8463.0,0,2,0,0,89,0,0.015,0
3,9058.0,0,2,0,0,86,0,0.079,0
8,30243.0,0,2,0,0,72,0,0.308,0
4,15923.0,3,6,0,0,68,0,0.098,0
4,9535.0,1,3,0,0,1,0,0.406,0
2,7658.0,1,1,0,0,219,0,0.03,0
2,5370.0,0,0,0,1,45,0,0.098,0
1,4438.0,0,5,0,0,95,0,0.166,1
6,19111.0,0,5,0,0,103,0,0.288,0
3,8526.0,1,2,0,0,84,0,0.287,0
3,11895.0,3,6,0,0,54,0,0.324,0
3,7978.0,0,0,0,0,191,0,0.131,1
7,24759.0,0,4,0,0,69,1,0.092,1
2,8034.0,2,2,0,0,163,0,0.09,0
1,3166.0,1,1,0,0,17,0,0.169,0
2,6437.0,0,0,0,0,25,0,0.21,0
1,3232.0,1,2,0,0,15,0,0.145,0
4,17006.0,0,1,0,0,165,0,0.178,0
3,6998.0,1,2,0,0,29,0,0.42,0
2,6695.0,2,3,0,0,5,0,0.325,0
2,4912.0,0,3,0,0,109,0,0.078,0
4,15148.0,0,2,0,0,107,0,0.177,0
10,31310.0,0,3,0,0,216,1,0.351,1
1,2623.0,1,3,0,0,27,1,0.058,0
1,3221.0,0,0,0,1,12,0,0.436,0
1,2589.0,0,3,0,0,36,0,0.35,0
7,27674.0,0,4,1,0,122,0,0.062,0
3,10320.0,0,2,0,0,122,0,0.281,0
1,2935.0,0,2,0,0,177,0,0.112,0
1,3961.0,1,6,0,0,170,0,0.355,0
4,11305.0,0,0,0,0,160,0,0.11,0
4,13559.0,0,2,0,0,59,0,0.181,0
1,3206.0,0,2,0,0,78,0,0.309,0
1,3254.0,0,2,0,0,80,0,0.456,0
2,5340.0,1,2,0,1,11,0,0.057,0
1,2215.0,1,3,0,0,31,0,0.432,0
2,6230.0,0,0,0,0,70,0,0.27,0
4,13035.0,0,0,0,1,4,0,0.402,0
1,3223.0,0,2,0,0,81,1,0.594,0
3,9718.0,0,1,0,0,155,0,0.145,0
8,23799.0,2,3,0,0,106,0,0.049,0
7,24028.0,0,3,0,0,100,0,0.018,0
3,7086.0,3,3,0,0,128,0,0.419,0
7,25345.0,1,1,0,0,79,0,0.316,0
1,3603.0,0,0,0,0,17,0,0.413,0
5,17129.0,0,0,0,0,209,0,0.046,0
10,35087.0,0,5,0,0,73,0,0.11,0
1,3575.0,1,3,0,0,46,0,0.12,0
1,2773.0,2,3,0,0,67,0,0.452,0
1,2634.0,1,5,0,0,92,0,0.103,0
2,7577.0,0,5,0,0,101,0,0.096,0
5,17300.0,1,3,0,0,37,0,0.014,0
8,26704.0,3,8,0,0,37,0,0.523,0
2,6337.0,0,5,0,0,17,0,0.196,0
2,6217.0,0,0,0,0,111,0,0.119,0
2,5041.0,2,3,0,0,12,0,0.163,0
3,11404.0,1,3,0,0,3,0,0.109,0
3,8531.0,1,4,0,0,239,1,0.094,1
3,10833.0,0,2,0,0,17,0,0.258,0
4,10444.0,0,0,0,0,142,0,0.081,0
5,13378.0,0,3,0,0,203,1,0.148,0
2,4777.0,0,3,0,0,84,0,0.109,0
3,12350.0,0,4,0,0,134,0,0.062,0
1,3428.0,0,1,0,0,12,0,0.033,0
1,3441.0,0,2,0,0,74,0,0.206,0
2,7072.0,1,3,0,0,74,0,0.118,0
8,19455.0,1,2,0,0,77,0,0.259,0
1,4604.0,0,1,0,0,171,0,0.233,1
3,7828.0,1,1,0,0,16,0,0.113,0
3,11792.0,1,2,0,0,35,0,0.352,0
1,2370.0,0,0,0,0,70,0,0.233,0
6,23996.0,0,3,0,0,71,0,0.097,0
7,26659.0,0,2,1,0,11,0,0.334,0
4,9296.0,0,4,0,0,20,0,0.255,0
1,2862.0,1,2,0,0,70,0,0.113,0
1,3333.0,1,3,0,0,8,0,0.115,0
4,11287.0,0,4,0,0,22,0,0.403,0
2,6366.0,0,4,1,0,62,0,0.265,0
3,7033.0,0,0,0,0,49,0,0.057,0
1,4876.0,0,1,0,0,51,1,0.214,0
3,6719.0,0,3,0,0,55,0,0.032,0
4,12547.0,0,1,0,1,64,0,0.028,0
1,3971.0,4,5,0,0,210,1,0.06,1
1,3656.0,0,1,0,0,145,0,0.211,0
8,19528.0,0,3,1,0,224,0,0.112,0
5,18340.0,0,0,1,0,203,0,0.115,0
4,9481.0,0,1,0,0,165,0,0.409,0
3,12008.0,2,4,0,0,130,0,0.27,0
3,9926.0,0,2,0,0,204,1,0.244,0
6,15772.0,1,4,0,0,39,1,0.117,0
2,5380.0,0,0,0,0,15,0,0.317,0
5,13800.0,0,1,0,0,72,1,0.092,1
1,3369.0,0,2,0,0,117,0,0.172,0
2,4906.0,1,2,0,0,9,0,0.251,0
9,33853.0,1,2,0,0,93,0,0.411,1
1,2623.0,0,2,0,0,30,0,0.158,0
2,5634.0,0,2,0,0,69,0,0.258,0
4,15523.0,2,5,0,0,130,0,0.169,0
2,7431.0,0,1,0,0,72,1,0.28,0
2,7611.0,0,1,0,0,72,0,0.301,0
2,7481.0,1,1,0,1,94,0,0.282,1
6,21934.0,0,1,0,0,65,0,0.223,0
1,2463.0,0,4,0,0,41,1,0.053,0
4,10683.0,0,3,0,0,40,0,0.295,0
2,7095.0,0,4,0,0,34,0,0.064,0
1,2297.0,2,3,0,1,184,0,0.282,0
1,2774.0,0,3,0,0,11,0,0.21,0
7,23834.0,2,5,0,0,28,0,0.302,1
2,6414.0,1,2,0,0,6,0,0.08,0
4,10277.0,0,0,0,0,100,0,0.278,0
2,4246.0,0,4,0,0,47,0,0.131,0
9,35654.0,1,3,0,0,8,0,0.032,0
7,19019.0,0,3,0,0,110,0,0.163,0
3,7552.0,1,2,0,0,38,0,0.261,0
7,26033.0,1,6,0,0,214,0,0.175,1
5,20568.0,0,1,0,0,7,0,0.232,0
3,13156.0,0,0,0,0,19,0,0.166,0
1,2907.0,0,1,0,0,12,1,0.377,0
2,8140.0,3,5,0,0,184,0,0.207,1
2,7647.0,0,1,0,0,57,0,0.191,0
2,6162.0,1,3,0,0,20,0,0.047,0
1,4167.0,2,2,0,0,67,0,0.194,0
6,16663.0,0,1,0,0,31,0,0.127,0
2,4070.0,1,6,0,0,74,0,0.176,0
1,1942.0,0,2,0,0,165,0,0.129,0
2,8384.0,1,5,0,0,50,0,0.28,0
10,34826.0,0,3,1,0,85,0,0.125,1
7,20396.0,0,3,0,0,9,1,0.124,0
6,15714.0,0,1,0,0,208,1,0.134,0
1,3371.0,0,0,0,0,159,0,0.026,0
4,16792.0,0,1,1,0,159,0,0.339,0
8,23696.0,1,1,0,0,37,0,0.084,0
4,11353.0,0,1,0,0,109,0,0.091,0
2,6963.0,0,2,0,0,48,1,0.03,0
3,7744.0,0,0,0,0,132,0,0.123,0
2,7498.0,2,3,0,0,50,0,0.057,0
4,14528.0,0,3,0,0,9,0,0.182,1
1,2090.0,0,1,0,0,100,0,0.167,0
3,11191.0,0,3,0,0,175,0,0.284,0
6,16746.0,0,0,0,0,52,0,0.376,0
1,2887.0,1,1,0,0,157,0,0.443,0
2,6545.0,1,1,0,0,17,1,0.144,0
1,3018.0,1,1,0,0,22,0,0.118,0
6,23662.0,0,1,0,0,101,1,0.153,0
3,11051.0,0,3,0,1,38,0,0.219,0
1,3329.0,0,1,0,0,47,0,0.135,0
5,12408.0,0,3,0,0,26,0,0.167,1
1,2655.0,0,0,0,0,67,0,0.388,0
2,6352.0,0,2,0,0,1,0,0.334,1
2,4319.0,0,1,0,0,65,0,0.433,0
5,11516.0,2,3,0,1,124,0,0.125,0
6,20674.0,3,3,0,0,117,0,0.034,0
1,2375.0,0,4,0,0,120,0,0.269,0
2,8456.0,2,4,0,0,86,0,0.145,0
5,13053.0,0,2,0,0,183,0,0.256,0
1,3670.0,0,0,0,0,11,0,0.291,0
4,16366.0,3,7,0,1,270,0,0.159,0
1,4272.0,0,2,0,0,95,0,0.332,0
4,10945.0,0,3,0,0,21,0,0.23,0
8,17872.0,4,6,0,0,94,0,0.191,0
4,9452.0,1,4,0,1,16,0,0.195,0
2,7808.0,0,2,0,0,75,0,0.202,0
1,3160.0,1,3,0,0,90,0,0.071,0
4,12416.0,0,1,0,0,6,1,0.055,0
4,9938.0,0,2,0,0,38,0,0.064,0
7,22491.0,0,2,0,1,15,0,0.302,0
5,18747.0,0,2,0,0,65,0,0.049,0
9,23714.0,2,4,0,1,14,0,0.104,0
4,13415.0,3,4,0,0,53,0,0.231,1
1,3866.0,0,1,0,0,57,0,0.145,0
3,11948.0,1,5,0,0,169,0,0.019,0
5,20802.0,0,1,0,0,139,0,0.014,0
1,2989.0,1,6,0,0,85,0,0.302,0
2,4506.0,3,8,0,1,100,0,0.054,1
2,6755.0,0,5,0,0,234,0,0.199,0
3,8033.0,1,1,1,0,21,0,0.083,0
8,27376.0,0,2,0,0,46,0,0.334,1
1,3289.0,1,3,0,0,163,0,0.373,0
3,6859.0,1,3,0,0,98,0,0.044,0
2,7449.0,1,4,0,0,49,0,0.128,0
1,4224.0,0,4,0,0,11,1,0.034,0
1,2307.0,0,5,0,1,39,0,0.28,0
1,3949.0,0,5,0,0,199,0,0.414,0
2,5703.0,1,1,0,0,48,0,0.332,0
3,12441.0,2,2,0,0,139,0,0.084,0
1,3546.0,0,4,0,0,41,0,0.074,0
8,22640.0,0,1,0,0,37,1,0.12,0
5,15850.0,1,1,0,0,25,0,0.035,0
1,2317.0,0,5,0,0,3,0,0.108,0
1,1975.0,1,1,1,0,20,0,0.335,0
4,16427.0,0,1,0,1,132,0,0.349,1
1,2773.0,0,1,0,0,9,0,0.205,0
2,6426.0,0,4,0,0,53,0,0.246,0
4,9307.0,1,3,0,1,100,0,0.168,0
1,3416.0,0,4,0,0,75,0,0.571,0
3,9855.0,0,3,0,0,97,0,0.023,0
2,5373.0,2,3,0,0,77,0,0.257,0
6,23282.0,3,8,0,0,153,0,0.347,0
10,23973.0,0,1,0,0,44,0,0.328,0
2,7314.0,0,2,0,0,196,0,0.027,0
2,4977.0,0,5,0,0,93,1,0.175,0
1,4762.0,2,4,0,0,93,0,0.123,0
6,15950.0,0,3,0,0,226,0,0.154,0
3,10631.0,0,4,0,1,181,0,0.091,0
4,13665.0,0,2,0,0,50,0,0.299,0
4,14045.0,1,4,0,0,46,0,0.14,0
6,21143.0,0,1,0,0,156,0,0.087,1
10,41865.0,1,3,0,0,0,0,0.017,1
6,19294.0,0,2,0,0,22,0,0.281,0
4,15755.0,0,4,0,0,47,0,0.045,1
6,14682.0,0,3,0,0,145,1,0.389,0
1,2402.0,1,4,0,0,95,0,0.357,0
3,11709.0,0,1,0,0,54,0,0.079,0
2,5184.0,0,4,0,0,10,0,0.154,0
2,8239.0,0,1,1,0,45,0,0.07,0
2,8951.0,1,3,0,1,27,0,0.11,1
1,3785.0,1,4,0,0,38,0,0.226,0
2,5271.0,0,2,0,0,44,0,0.03,0
1,3775.0,0,5,0,0,54,0,0.185,0
1,2592.0,0,2,0,0,120,1,0.305,0
4,11984.0,0,0,0,0,121,0,0.458,0
3,11904.0,0,3,0,0,173,1,0.125,0
3,12124.0,1,2,0,1,213,0,0.051,0
5,21422.0,0,0,0,0,49,0,0.392,0
8,29142.0,2,2,0,0,96,0,0.224,0
5,12315.0,0,1,0,0,20,0,0.084,0
1,3551.0,0,2,0,0,35,0,0.313,0
3,11296.0,0,5,0,1,183,0,0.219,0
7,17078.0,0,3,0,0,11,0,0.171,0
2,5638.0,0,1,0,0,68,1,0.083,0
1,2580.0,0,2,0,0,23,0,0.261,1
2,4842.0,0,2,0,0,4,0,0.158,0
1,2690.0,1,4,1,0,63,0,0.201,0
3,12364.0,1,3,0,0,57,0,0.129,0
2,8183.0,1,3,0,0,7,1,0.205,0
1,3390.0,1,2,0,0,37,0,0.222,0
6,18476.0,0,5,0,0,19,0,0.085,0
4,10198.0,2,3,0,0,164,0,0.212,0
9,30111.0,0,2,0,0,177,1,0.207,1
7,27379.0,0,2,0,1,14,0,0.512,0
3,8744.0,0,2,0,0,11,0,0.405,0
1,4027.0,2,5,0,0,116,0,0.083,0
1,4029.0,0,1,0,0,126,0,0.131,0
2,6814.0,0,5,0,1,11,0,0.058,0
1,3290.0,0,0,0,0,37,0,0.026,0
1,2949.0,1,3,0,0,132,0,0.272,0
2,7181.0,0,1,0,0,266,0,0.338,0
2,8262.0,0,1,0,0,118,0,0.181,0
9,24123.0,1,2,0,0,152,0,0.144,0
3,10891.0,0,0,0,0,90,0,0.012,0
2,7633.0,0,2,0,0,9,0,0.226,0
5,11971.0,0,0,0,0,13,1,0.126,0
1,3336.0,0,0,0,0,81,0,0.394,0
2,4463.0,1,3,0,0,155,0,0.052,0
1,2467.0,0,0,0,0,128,0,0.161,0
6,19291.0,0,1,0,0,61,0,0.346,0
3,12115.0,2,7,0,0,14,0,0.069,0
2,8435.0,1,6,0,0,275,0,0.031,0
9,32772.0,0,4,1,1,34,0,0.197,0
3,11647.0,0,5,0,0,69,0,0.156,0
1,3841.0,0,4,0,0,133,0,0.121,0
1,3475.0,0,0,0,0,33,0,0.26,0
2,5796.0,0,1,0,1,187,0,0.019,0
1,2861.0,1,3,0,0,99,0,0.104,0
3,11061.0,0,0,0,0,190,0,0.288,0
3,10114.0,0,1,0,0,122,0,0.147,0
7,19579.0,0,2,0,0,76,0,0.123,0
1,3605.0,0,0,0,0,180,0,0.434,0
1,3159.0,0,3,0,0,178,1,0.167,0
8,21197.0,1,4,0,1,25,0,0.307,0
2,6021.0,4,9,0,1,103,0,0.207,1
3,9372.0,0,1,0,0,92,1,0.148,0
1,3877.0,0,2,0,1,126,0,0.036,0
3,8210.0,0,3,0,0,1,0,0.173,0
2,6490.0,0,3,0,0,189,0,0.024,0
2,5966.0,0,2,0,0,163,0,0.332,0
3,9449.0,0,3,0,0,11,0,0.302,0
4,16085.0,0,3,0,0,14,0,0.413,0
1,2367.0,1,6,0,0,25,1,0.046,0
2,8492.0,1,2,0,0,55,0,0.263,0
2,5636.0,0,1,0,0,72,0,0.055,1
3,8213.0,3,5,0,1,33,0,0.166,1
4,11367.0,0,3,0,0,55,0,0.151,0
10,23889.0,0,1,0,0,1,1,0.156,1
8,19111.0,2,6,0,0,81,0,0.324,0
1,2433.0,0,2,0,0,71,0,0.261,1
3,11933.0,0,2,0,0,75,0,0.411,0
4,9721.0,0,4,0,0,93,0,0.071,0
3,9502.0,0,4,0,1,76,0,0.11,0
1,3893.0,0,0,0,0,118,0,0.719,0
2,4649.0,0,2,0,0,94,0,0.046,0
1,3122.0,0,5,0,0,94,0,0.267,1
1,3542.0,0,2,0,0,151,1,0.181,0
10,27633.0,1,1,0,0,84,0,0.264,0
1,3701.0,0,2,1,0,43,0,0.149,0
2,6507.0,0,0,0,0,25,1,0.126,0
3,8332.0,0,0,0,0,66,0,0.113,0
1,1979.0,4,8,0,0,9,0,0.253,0
1,2394.0,1,4,0,0,117,0,0.239,0
7,18102.0,0,2,0,0,104,0,0.079,0
3,8708.0,2,5,0,0,81,0,0.082,0
1,4191.0,2,6,0,0,1,1,0.304,1
7,23296.0,0,2,0,0,23,0,0.319,0
1,3992.0,1,3,1,0,137,0,0.101,0
3,7792.0,3,3,0,0,287,0,0.035,0
7,25108.0,1,5,0,0,15,0,0.099,0
4,14127.0,3,3,0,0,19,1,0.135,0
8,21192.0,2,2,0,0,210,0,0.164,0
1,2781.0,1,2,0,0,69,0,0.24,0
4,14834.0,1,4,0,0,216,0,0.114,0
5,16787.0,1,5,0,0,87,0,0.283,0
4,11211.0,0,4,0,0,80,1,0.088,0
2,5935.0,0,1,0,1,21,1,0.066,0
5,19388.0,0,4,0,1,41,0,0.203,0
3,11166.0,2,3,0,0,67,0,0.052,0
1,3363.0,0,3,0,0,60,0,0.049,0
4,16999.0,0,1,0,0,78,0,0.256,0
2,8396.0,2,4,0,0,189,0,0.25,0
1,1870.0,2,6,0,0,29,0,0.161,1
5,17575.0,0,1,0,1,32,0,0.147,1
2,7295.0,1,3,0,0,13,0,0.262,0
2,4465.0,0,0,0,0,79,0,0.277,0
3,7886.0,0,2,0,0,69,0,0.185,0
1,3081.0,0,4,0,0,100,0,0.119,0
3,9494.0,0,2,0,0,30,0,0.145,0
3,8859.0,1,5,0,0,16,0,0.239,0
3,10698.0,0,3,0,0,101,0,0.167,0
3,12523.0,0,1,0,0,0,1,0.024,0
1,2640.0,0,3,0,0,31,0,0.18,0
2,5278.0,0,1,0,0,36,0,0.189,0
1,3052.0,0,1,0,0,91,0,0.5,0
3,12535.0,2,3,0,0,0,0,0.26,1
3,8132.0,1,2,0,0,73,0,0.201,0
8,19237.0,1,3,0,0,62,0,0.459,0
8,24081.0,0,1,0,0,47,0,0.078,1
6,14651.0,0,0,0,0,174,0,0.239,0
2,7640.0,0,2,0,0,54,0,0.038,0
3,9280.0,2,2,0,0,12,0,0.268,0
1,3136.0,0,5,0,0,42,0,0.227,0
7,20393.0,0,1,0,0,84,0,0.208,0
1,3013.0,3,6,0,0,0,0,0.441,1
1,4138.0,0,2,0,0,68,1,0.498,0
2,6998.0,0,2,0,0,125,0,0.038,0
1,1744.0,0,1,0,0,194,0,0.157,0
1,3236.0,4,6,0,0,96,0,0.219,1
2,8201.0,0,5,0,0,131,0,0.053,0
3,8117.0,0,3,0,0,26,0,0.049,0
4,12273.0,1,2,0,0,100,0,0.097,0
2,6646.0,2,6,0,0,32,0,0.312,0
1,2672.0,0,3,0,0,79,1,0.21,0
3,11115.0,1,1,0,0,189,0,0.507,0
1,3697.0,3,3,0,0,204,0,0.142,0
1,3112.0,0,2,1,0,117,1,0.069,0
2,7757.0,0,0,0,0,26,1,0.014,0
6,14919.0,0,2,0,0,104,0,0.044,0
2,6528.0,0,2,0,0,18,1,0.165,0
2,4575.0,1,1,0,0,1,0,0.004,1
3,8454.0,0,2,0,0,52,0,0.144,0
1,3759.0,0,3,0,0,209,0,0.15,0
5,20645.0,3,4,0,0,27,0,0.503,0
2,5366.0,0,4,0,0,37,0,0.315,0
2,7616.0,3,3,0,0,48,0,0.113,0
2,7526.0,1,2,0,0,52,1,0.228,0
3,8617.0,0,2,0,0,47,0,0.042,0
3,11305.0,2,5,0,0,102,0,0.11,0
3,8478.0,0,4,0,0,62,0,0.272,0
2,7742.0,1,1,0,0,36,0,0.089,0
1,3202.0,1,2,0,0,127,0,0.338,0
8,19832.0,1,6,0,0,1,1,0.249,0
3,12014.0,3,6,0,1,124,1,0.116,0
2,5990.0,0,2,0,0,56,0,0.281,0
1,4458.0,0,1,0,0,83,0,0.262,0
1,4466.0,0,5,0,0,13,1,0.354,1
1,3253.0,0,2,0,0,64,0,0.2,0
1,3845.0,4,5,0,0,57,1,0.136,0
3,7462.0,1,2,0,0,54,0,0.18,1
4,17056.0,0,1,0,1,33,1,0.312,1
1,3110.0,0,1,0,0,177,0,0.259,0
2,7278.0,1,2,0,0,28,0,0.184,0
1,3807.0,0,2,1,0,10,0,0.2,0
8,32679.0,0,2,0,0,87,0,0.058,0
1,4534.0,1,2,0,0,137,0,0.378,0
1,2421.0,1,6,0,0,12,0,0.282,0
3,6556.0,0,3,1,0,102,0,0.314,0
2,7526.0,1,2,0,0,191,0,0.331,0
1,3264.0,0,0,0,0,146,0,0.027,0
5,20845.0,1,3,1,0,41,1,0.362,0
2,6362.0,1,4,1,1,91,0,0.293,0
1,3251.0,1,1,0,0,108,0,0.183,0
1,2809.0,3,3,0,0,165,0,0.173,0
9,27892.0,0,2,0,0,177,0,0.1,0
2,7843.0,0,0,0,0,57,0,0.086,0
3,12906.0,3,4,0,0,34,0,0.272,0
1,4282.0,0,0,1,0,62,0,0.224,0
1,3107.0,0,2,0,0,40,1,0.324,0
7,23849.0,0,4,0,1,175,0,0.363,0
2,7210.0,2,5,0,0,17,0,0.192,0
5,19939.0,1,2,0,0,77,0,0.086,0
1,2862.0,1,1,0,0,62,0,0.076,0
1,4157.0,0,2,0,0,50,0,0.063,0
1,3693.0,1,1,0,0,165,0,0.146,0
2,7420.0,2,3,0,0,67,0,0.316,0
2,6919.0,0,1,0,0,22,0,0.323,0
2,8747.0,0,2,0,0,67,0,0.051,0
1,3712.0,0,4,0,0,4,0,0.169,0
6,22464.0,0,1,0,0,4,0,0.477,0
4,11004.0,2,2,0,0,26,0,0.239,0
1,3815.0,0,1,0,0,44,1,0.178,0
6,19881.0,1,1,0,0,30,0,0.211,0
1,3271.0,2,3,0,0,52,0,0.062,0
2,6155.0,0,3,0,0,34,1,0.009,0
1,4550.0,2,4,0,1,33,1,0.157,0
1,3625.0,0,2,1,0,53,0,0.308,0
1,3416.0,0,2,1,0,54,0,0.333,0
4,16349.0,0,2,0,0,60,0,0.089,0
4,15932.0,0,0,0,0,105,0,0.078,0
4,11334.0,1,2,0,0,104,0,0.126,0
8,33235.0,1,3,0,0,18,0,0.019,1
3,10219.0,0,3,0,0,61,0,0.032,0
1,3453.0,0,3,0,0,101,0,0.151,0
3,11751.0,0,1,0,0,128,1,0.114,0
2,5278.0,0,3,0,0,39,0,0.16,0
3,11697.0,0,2,0,1,177,1,0.045,0
5,11607.0,0,2,0,0,34,0,0.202,0
5,17822.0,0,1,0,0,25,0,0.099,0
4,17053.0,0,1,0,0,165,0,0.32,0
3,7262.0,0,2,0,0,62,1,0.379,0
7,27232.0,0,0,0,0,254,0,0.034,1
6,17534.0,0,0,0,0,21,1,0.321,0
3,8275.0,2,4,0,0,9,0,0.417,0
3,8285.0,0,2,0,0,165,1,0.569,0
1,4753.0,0,1,0,0,36,0,0.04,0
2,5250.0,0,4,0,0,72,0,0.175,0
2,7411.0,0,0,0,0,31,0,0.158,0
6,20010.0,0,0,0,0,3,1,0.211,0
1,3746.0,2,3,0,0,316,0,0.329,0
1,3299.0,0,3,0,0,118,0,0.376,0
3,7944.0,0,0,0,0,12,0,0.049,0
1,2591.0,1,4,0,0,104,1,0.164,0
2,6362.0,0,0,0,1,50,0,0.168,0
3,7456.0,1,4,0,0,45,0,0.081,0
10,41588.0,0,1,0,0,2,0,0.31,0
2,7752.0,0,0,0,0,80,0,0.122,0
1,4308.0,1,2,0,0,137,1,0.123,1
1,2782.0,0,2,0,0,48,0,0.18,0
1,3022.0,0,1,0,1,40,0,0.014,0
2,7133.0,0,0,0,0,6,0,0.102,0
4,13091.0,0,4,0,0,111,0,0.115,0
3,10296.0,0,2,0,0,71,0,0.038,0
3,9231.0,4,6,0,0,62,0,0.04,0
2,8190.0,1,4,0,0,12,0,0.191,0
2,6549.0,0,4,1,0,68,0,0.281,0
3,9644.0,1,2,0,0,57,0,0.17,1
2,7645.0,2,2,0,0,217,0,0.164,0
7,16417.0,1,5,0,0,181,0,0.211,1
3,11031.0,0,2,0,0,110,0,0.113,0
3,8381.0,0,1,0,0,80,0,0.084,0
5,20830.0,0,1,0,0,248,0,0.163,0
3,7423.0,0,1,0,0,104,0,0.196,0
6,23504.0,0,1,0,0,16,0,0.212,0
1,3707.0,0,1,0,0,53,0,0.452,0
3,7867.0,1,5,0,0,3,0,0.348,0
5,21550.0,0,4,0,0,75,0,0.303,0
1,3141.0,0,1,0,1,108,0,0.516,0
1,3127.0,0,2,0,0,21,0,0.368,1
1,3373.0,0,3,0,0,6,0,0.575,0
1,3164.0,0,2,0,0,284,0,0.22,0
7,28273.0,3,4,0,0,79,0,0.38,1
1,3245.0,0,3,0,0,58,0,0.13,0
2,6021.0,0,1,0,0,76,0,0.129,0
2,7888.0,0,3,0,0,21,0,0.325,0
6,17457.0,0,2,0,0,65,0,0.236,0
6,23333.0,2,3,0,0,106,0,0.372,0
5,12439.0,4,8,0,0,43,0,0.122,1
2,6339.0,0,0,0,0,27,0,0.177,0
2,4555.0,0,0,0,0,123,0,0.33,0
3,9204.0,0,1,0,0,64,0,0.364,0
4,10750.0,0,0,0,0,85,0,0.21,0
2,6742.0,2,2,0,0,76,0,0.118,0
2,5963.0,1,2,0,0,153,0,0.181,0
2,7526.0,0,1,0,1,108,1,0.024,0
5,15464.0,0,1,0,0,44,0,0.138,0
2,4528.0,0,0,0,0,111,0,0.136,0
3,7055.0,0,2,0,0,228,0,0.363,0
4,14905.0,0,4,0,0,90,0,0.325,0
7,29270.0,1,4,0,0,9,0,0.112,0
4,9495.0,0,5,0,0,12,0,0.128,0
4,13398.0,0,0,1,0,112,0,0.135,0
3,8146.0,2,3,0,0,46,0,0.251,0
4,17245.0,1,2,0,0,0,0,0.038,0
3,7514.0,0,0,0,0,72,0,0.166,0
3,8317.0,0,0,0,0,141,0,0.349,0
1,3153.0,0,2,0,0,131,0,0.142,0
2,8729.0,0,0,0,0,6,0,0.042,0
1,3559.0,1,3,0,0,95,0,0.116,0
7,26068.0,2,4,0,0,57,0,0.17,1
2,6689.0,3,7,0,0,261,0,0.308,0
3,6811.0,0,3,0,0,95,0,0.133,0
3,11103.0,0,5,0,0,34,0,0.073,0
1,2859.0,0,0,0,0,176,0,0.204,0
2,8738.0,1,2,0,0,205,0,0.002,0
2,4635.0,0,1,0,0,10,0,0.349,1
4,15934.0,1,5,0,0,13,1,0.319,0
3,12811.0,0,2,0,0,40,0,0.078,0
5,21319.0,0,2,1,0,68,0,0.314,1
2,4574.0,3,5,0,0,212,0,0.158,0
2,5129.0,2,4,0,0,19,0,0.186,0
2,8887.0,0,0,0,0,114,0,0.244,0
2,7659.0,2,2,0,0,38,0,0.17,0
2,7272.0,0,1,0,0,40,0,0.123,0
3,9846.0,0,1,0,0,212,0,0.088,0
1,3716.0,0,1,0,0,81,1,0.161,0
2,7812.0,0,3,0,0,84,1,0.408,0
4,14472.0,0,5,0,0,143,0,0.209,0
5,19054.0,0,5,0,0,35,0,0.036,0
1,2971.0,2,3,0,0,73,0,0.173,0
4,13744.0,1,3,0,0,73,0,0.371,0
1,3103.0,1,6,0,0,2,0,0.341,0
2,8200.0,0,4,0,0,45,0,0.283,0
2,7883.0,0,0,0,0,142,0,0.227,0
1,4361.0,0,3,0,0,109,0,0.106,0
1,3775.0,3,5,0,0,70,0,0.072,0
1,4133.0,0,4,0,0,41,0,0.275,0
1,3578.0,0,5,0,0,33,1,0.067,1
1,3937.0,2,2,0,1,106,1,0.18,0
2,6039.0,0,2,0,0,116,0,0.299,1
2,8209.0,2,6,0,0,143,0,0.163,0
8,25823.0,0,0,0,1,82,0,0.021,0
2,8009.0,0,3,0,0,12,0,0.377,0
2,5346.0,0,3,0,1,84,0,0.236,0
1,4365.0,0,3,0,0,234,0,0.38,0
8,32359.0,0,0,0,1,43,1,0.248,0
2,8463.0,0,0,0,0,34,0,0.34,0
3,12133.0,0,5,0,0,233,0,0.175,0
2,7905.0,0,0,0,0,204,0,0.123,0
1,2668.0,0,3,0,0,115,1,0.216,1
1,3734.0,3,4,0,0,21,0,0.051,0
1,2827.0,2,3,0,0,135,0,0.185,0
2,7088.0,0,0,0,0,94,0,0.113,0
1,3593.0,1,1,0,0,115,0,0.097,0
2,8487.0,0,1,0,0,89,0,0.119,0
2,8342.0,1,3,0,1,25,0,0.273,0
2,6404.0,3,3,0,0,233,0,0.276,0
6,14003.0,0,1,0,0,5,1,0.07,0
1,3651.0,0,2,0,0,117,0,0.054,0
3,10553.0,2,4,0,0,8,0,0.205,0
2,4457.0,3,4,0,0,32,0,0.289,0
1,4495.0,0,3,0,1,37,0,0.267,0
4,15232.0,1,4,1,0,226,1,0.006,0
8,30819.0,0,3,0,0,30,0,0.134,0
1,3096.0,0,1,0,0,100,0,0.205,0
7,22343.0,0,2,0,0,59,0,0.402,1
8,17289.0,1,1,0,0,7,0,0.232,0
4,10943.0,0,4,0,0,129,1,0.038,0
2,6822.0,0,1,0,0,77,1,0.135,0
2,6792.0,1,4,0,0,119,0,0.04,0
6,22952.0,0,2,0,0,147,0,0.082,1
3,7375.0,1,3,0,1,78,0,0.135,0
1,3636.0,0,0,0,0,9,0,0.269,1
2,5502.0,1,1,0,0,10,0,0.357,0
1,2800.0,0,0,0,0,147,0,0.25,0
4,9352.0,2,3,0,0,76,0,0.262,0
5,12249.0,0,0,0,0,61,0,0.157,0
4,9144.0,0,4,0,1,90,1,0.419,0
2,7759.0,0,2,0,0,125,0,0.203,1
2,6414.0,1,1,0,0,49,0,0.085,0
4,13698.0,0,4,0,1,199,0,0.165,0
5,20403.0,0,2,1,0,25,0,0.194,0
5,15501.0,1,6,0,0,36,1,0.294,0
1,2803.0,0,3,0,0,130,0,0.09,0
1,4459.0,0,2,0,1,30,0,0.244,0
3,7414.0,1,2,0,1,2,0,0.23,1
8,27288.0,0,2,0,0,113,0,0.228,0
3,7654.0,0,3,0,0,176,0,0.142,0
2,8322.0,0,2,1,0,323,0,0.292,1
1,2296.0,0,3,0,0,126,0,0.198,0
4,11854.0,0,0,0,0,30,0,0.444,0
3,9388.0,3,3,0,0,53,0,0.228,0
5,14904.0,0,3,1,0,153,0,0.16,0
3,11291.0,1,2,0,1,48,0,0.063,0
9,21886.0,3,5,0,0,78,0,0.064,0
3,9496.0,0,1,0,0,163,0,0.342,0
1,2765.0,0,4,0,0,50,0,0.272,0
7,21336.0,0,2,0,0,18,0,0.133,0
4,15522.0,1,3,0,0,65,0,0.418,0
1,4456.0,0,4,0,0,148,0,0.314,0
5,13180.0,1,2,0,0,8,0,0.116,0
2,5523.0,0,0,0,0,75,0,0.023,0
1,3813.0,1,4,0,0,157,0,0.308,0
1,2967.0,0,0,0,1,26,0,0.125,0
1,3690.0,1,1,0,0,11,0,0.32,0
2,8399.0,1,1,1,0,36,0,0.237,0
3,9070.0,3,7,0,0,264,0,0.251,0
2,5335.0,3,6,1,0,79,1,0.256,0
2,5409.0,0,0,0,0,150,0,0.035,0
1,3545.0,0,1,0,0,6,0,0.09,0
1,3450.0,2,3,0,0,72,0,0.399,0
2,7210.0,0,2,0,0,144,0,0.362,0
3,10768.0,1,2,0,0,93,0,0.201,0
1,4333.0,0,2,1,0,57,1,0.157,0
3,11965.0,0,0,0,0,65,0,0.116,0
6,17214.0,0,3,0,0,14,0,0.134,0
1,4334.0,0,0,0,0,32,0,0.059,0
5,13535.0,0,1,0,0,12,0,0.496,0
5,18627.0,0,1,0,0,36,1,0.056,0
4,12580.0,1,2,0,0,102,1,0.025,0
1,3013.0,0,1,0,0,101,0,0.115,0
2,8056.0,0,3,0,0,123,0,0.314,0
1,3912.0,0,1,0,0,35,0,0.119,0
4,14684.0,1,2,0,0,48,0,0.058,0
1,2810.0,0,1,0,0,3,0,0.042,0
3,10802.0,0,2,0,1,44,1,0.224,0
1,2734.0,0,1,0,0,27,0,0.208,0
2,7445.0,3,3,0,0,83,0,0.101,0
1,4089.0,4,6,0,0,3,0,0.164,1
2,7849.0,0,3,0,0,76,0,0.215,1
3,8138.0,0,2,0,0,18,0,0.094,0
1,2387.0,1,3,0,0,59,0,0.353,0
1,3373.0,0,2,0,0,91,0,0.056,0
2,8943.0,0,0,0,0,9,0,0.056,0
1,2948.0,0,2,0,0,87,1,0.279,1
1,4411.0,0,1,0,0,26,0,0.311,0
1,2876.0,3,6,0,0,128,0,0.261,0
2,5085.0,2,2,0,0,151,0,0.198,0
8,26976.0,0,3,1,0,114,0,0.15,1
5,12435.0,1,5,0,0,69,0,0.239,0
3,8230.0,1,1,0,0,129,0,0.13,0
1,2809.0,0,5,0,0,161,0,0.304,0
2,7437.0,0,1,0,0,159,0,0.334,0
2,7761.0,3,4,0,0,111,0,0.117,0
1,3213.0,0,3,0,0,63,0,0.307,0
7,25164.0,1,6,0,0,27,0,0.221,0
8,20506.0,0,2,0,0,157,0,0.299,1
5,20367.0,0,0,0,0,47,0,0.371,0
3,11340.0,2,2,0,0,193,0,0.041,0
1,3209.0,2,7,0,0,122,0,0.081,0
2,7842.0,0,1,0,0,60,0,0.185,0
2,7933.0,3,4,0,0,21,0,0.25,0
1,3726.0,1,5,0,0,169,1,0.296,0
1,3488.0,2,7,0,0,32,0,0.146,0
2,5538.0,2,3,0,0,236,0,0.145,0
1,2525.0,0,1,0,0,37,0,0.175,0
1,3772.0,0,1,0,0,41,0,0.295,0
1,4677.0,1,2,1,0,44,0,0.381,1
3,10735.0,0,1,0,0,162,0,0.091,0
9,37544.0,0,2,0,0,89,0,0.283,1
1,4851.0,0,2,0,0,29,0,0.21,0
7,28045.0,3,5,0,0,43,1,0.133,0
1,2254.0,2,6,0,0,27,0,0.244,1
10,22929.0,0,1,0,0,15,0,0.075,0
6,21103.0,0,3,0,0,95,0,0.084,0
1,4372.0,1,6,0,0,11,0,0.232,0
8,18864.0,0,1,0,0,32,0,0.214,0
2,5975.0,1,1,0,0,68,0,0.211,0
1,3321.0,0,0,0,1,74,0,0.081,0
2,7931.0,3,5,0,0,5,0,0.194,0
2,6550.0,0,1,0,0,62,0,0.076,1
1,2636.0,0,0,0,0,39,0,0.31,0
2,6120.0,1,1,0,0,32,0,0.187,0
1,3992.0,1,4,0,1,67,0,0.111,0
2,7006.0,3,5,0,0,46,0,0.129,1
1,3091.0,3,7,0,0,0,0,0.193,0
6,19611.0,0,1,0,0,65,0,0.097,0
1,3335.0,1,1,0,0,174,0,0.11,0
2,6550.0,0,3,0,0,82,0,0.234,0
6,14723.0,0,2,0,0,9,0,0.222,0
2,7484.0,2,7,0,0,133,0,0.18,0
4,11504.0,0,0,0,0,71,0,0.091,0
6,17045.0,0,1,0,0,21,0,0.269,1
2,5295.0,1,1,0,0,277,0,0.055,0
5,11969.0,1,2,0,0,75,0,0.272,0
2,6144.0,1,4,0,0,9,0,0.204,0
8,26709.0,1,2,0,0,93,0,0.175,0
4,9895.0,0,0,0,0,53,0,0.309,0
5,15338.0,0,2,0,0,9,0,0.216,0
2,5153.0,0,1,0,0,49,0,0.225,0
5,15606.0,0,1,0,0,30,0,0.101,0
1,2870.0,0,3,0,0,29,0,0.201,0
1,3708.0,1,6,0,0,176,0,0.288,0
4,10249.0,0,0,0,0,64,0,0.201,0
1,3195.0,0,2,0,0,209,1,0.106,0
1,2897.0,0,2,0,0,144,0,0.21,0
2,8166.0,0,4,0,0,46,0,0.109,0
2,6589.0,0,1,0,0,207,0,0.131,0
4,10922.0,0,2,0,1,54,0,0.039,0
4,16290.0,1,3,0,0,3,0,0.33,0
7,21238.0,0,1,0,0,2,0,0.338,0
3,12659.0,0,0,0,0,96,0,0.183,0
1,3931.0,0,0,0,0,127,1,0.259,0
3,13072.0,0,2,0,0,28,0,0.119,0
4,13175.0,3,4,0,0,28,1,0.348,0
3,7860.0,0,3,0,0,35,0,0.466,0
7,21147.0,0,0,0,0,75,1,0.086,0
6,21909.0,0,2,0,0,27,0,0.385,0
4,16174.0,0,0,0,0,19,0,0.269,0
5,18341.0,2,5,0,0,31,0,0.262,1
2,6537.0,0,1,0,0,108,0,0.051,0
1,4346.0,0,4,0,0,65,0,0.183,1
1,3035.0,3,4,0,0,154,0,0.253,0
2,7450.0,0,4,0,0,33,0,0.196,0
2,8551.0,0,2,0,0,56,0,0.15,0
1,3593.0,0,3,0,0,21,0,0.433,0
2,7335.0,0,1,0,0,67,0,0.384,0
1,3527.0,0,2,0,0,104,0,0.076,0
4,10970.0,0,0,0,0,133,0,0.24,0
4,17224.0,0,0,0,0,51,0,0.165,0
6,20709.0,0,5,0,0,166,0,0.216,0
2,5056.0,0,2,0,1,32,0,0.286,0
1,3839.0,1,3,0,0,45,0,0.211,0
4,10256.0,0,1,0,0,74,0,0.234,0
1,3702.0,0,4,0,0,56,0,0.196,0
2,7642.0,0,2,0,1,25,0,0.066,0
2,5300.0,2,5,0,0,195,0,0.057,0
2,5452.0,0,0,0,0,71,0,0.228,0
3,10023.0,0,3,0,0,135,0,0.237,0
7,22442.0,1,2,0,0,49,0,0.083,0
6,20773.0,0,0,0,1,134,0,0.092,0
3,8350.0,0,1,0,0,61,0,0.099,0
1,2695.0,0,1,0,0,40,1,0.116,0
2,6438.0,0,1,1,0,19,0,0.28,0
2,4578.0,0,3,0,0,98,0,0.127,0
6,23182.0,1,1,0,0,4,0,0.088,0
5,14327.0,0,0,0,1,44,0,0.013,0
1,3756.0,2,6,0,0,111,0,0.531,0
6,20244.0,0,1,0,0,25,0,0.134,0
5,15254.0,3,6,0,0,9,0,0.346,0
2,6959.0,2,2,0,0,105,0,0.063,0
2,8390.0,1,6,0,0,170,0,0.224,0
1,4144.0,2,6,0,0,88,1,0.143,0
1,3000.0,1,3,0,1,61,1,0.151,0
3,8939.0,1,1,0,0,6,0,0.106,0
2,7158.0,0,4,0,0,33,0,0.399,0
3,8526.0,0,2,1,0,162,0,0.213,1
1,2057.0,0,3,0,0,31,0,0.086,0
1,3429.0,1,2,0,0,129,0,0.343,0
1,2702.0,0,3,0,0,97,0,0.252,0
3,11184.0,0,3,0,0,44,1,0.171,0
1,4009.0,1,3,0,0,128,0,0.359,0
2,9145.0,2,5,0,0,184,0,0.151,0
4,12112.0,0,2,0,0,61,0,0.117,0
8,25736.0,2,5,0,0,136,0,0.134,0
1,2617.0,0,3,0,0,80,0,0.041,0
2,6018.0,1,1,0,0,175,0,0.137,0
7,21644.0,0,1,0,0,63,0,0.438,0
6,22140.0,0,0,0,0,29,0,0.095,0
1,3835.0,1,3,0,0,14,0,0.199,0
2,8122.0,0,0,0,0,4,0,0.098,0
4,15590.0,0,2,0,0,137,0,0.09,0
3,8064.0,0,0,0,0,210,0,0.201,0
4,14697.0,0,1,0,0,16,0,0.098,0
6,16972.0,0,0,0,0,161,0,0.135,0
1,4108.0,0,2,0,0,6,0,0.248,0
7,23159.0,0,0,0,0,174,0,0.169,0
4,14419.0,0,0,0,1,195,1,0.054,0
4,15401.0,0,1,0,0,7,0,0.117,0
2,7679.0,0,2,1,0,101,0,0.26,0
5,15867.0,0,0,0,0,106,0,0.074,0
1,2779.0,3,4,0,0,21,0,0.114,0
2,7529.0,0,2,0,0,117,0,0.164,0
1,3601.0,0,0,0,0,82,1,0.348,0
1,2863.0,0,2,0,0,133,0,0.071,0
3,6373.0,3,5,0,0,36,0,0.074,0
3,9860.0,1,3,0,0,2,0,0.231,0
2,5411.0,0,2,0,0,135,0,0.261,0
5,19574.0,0,0,0,0,110,0,0.222,0
2,6216.0,1,1,0,0,35,0,0.31,0
1,3360.0,0,3,0,0,158,0,0.353,0
3,11029.0,1,1,0,0,75,0,0.326,0
1,3433.0,0,1,1,0,46,0,0.492,0
2,6803.0,0,3,0,0,160,0,0.101,0
2,7976.0,0,0,0,0,31,0,0.109,0
6,15381.0,1,3,1,0,147,0,0.283,0
2,6531.0,0,5,0,0,74,0,0.433,0
10,28882.0,0,3,0,0,40,0,0.113,0
3,8111.0,0,1,0,1,126,0,0.215,0
1,3010.0,4,9,0,0,0,1,0.438,1
4,11754.0,1,1,0,0,80,0,0.665,0
2,7015.0,0,0,0,0,165,1,0.202,0
3,12232.0,1,1,0,0,180,0,0.31,0
1,4772.0,0,1,0,0,269,0,0.215,0
6,17195.0,0,2,0,1,67,0,0.168,0
2,6591.0,1,5,0,0,8,1,0.018,0
1,3732.0,2,4,0,0,102,0,0.267,0
3,9775.0,0,0,0,0,38,0,0.252,0
3,7035.0,1,6,0,0,363,0,0.348,0
9,21579.0,0,5,0,0,56,1,0.027,0
2,5573.0,0,3,0,0,13,0,0.071,0
7,18930.0,3,4,0,0,75,0,0.087,0
2,8892.0,1,1,0,0,81,0,0.233,0
3,7978.0,3,4,0,0,97,0,0.269,0
1,3399.0,3,5,1,0,100,1,0.26,0
8,33389.0,1,4,0,1,36,1,0.312,1
2,5346.0,0,1,0,0,50,0,0.148,0
1,4304.0,2,3,0,0,97,1,0.137,0
1,3290.0,0,5,0,0,54,0,0.075,0
2,5397.0,0,0,0,1,61,0,0.228,0
2,7559.0,0,3,0,0,45,0,0.148,0
1,3267.0,0,1,0,0,38,0,0.066,0
1,4404.0,0,1,0,0,97,0,0.092,0
3,7224.0,1,4,0,0,117,1,0.368,0
4,15723.0,0,2,1,0,142,0,0.277,0
2,7140.0,0,0,0,0,29,0,0.285,1
3,11711.0,3,5,0,0,66,0,0.334,0
1,4065.0,0,1,0,0,35,0,0.102,0
5,14501.0,0,2,0,1,221,0,0.148,0
2,5453.0,1,6,0,0,21,0,0.447,0
2,6101.0,0,0,0,0,26,0,0.194,0
2,7452.0,0,2,0,0,5,0,0.102,0
4,15204.0,0,0,1,0,53,1,0.19,0
5,17479.0,0,1,0,0,63,0,0.29,0
1,3848.0,0,1,0,1,136,0,0.404,0
5,20574.0,0,1,0,0,5,0,0.075,0
1,2302.0,0,0,0,1,35,0,0.274,0
6,20903.0,0,0,0,0,62,0,0.085,0
1,4067.0,0,2,0,1,201,0,0.088,0
1,3945.0,3,7,0,0,37,0,0.124,0
3,12926.0,0,2,0,1,11,1,0.269,0
6,20254.0,2,4,0,0,104,0,0.197,0
2,8175.0,0,4,0,0,81,0,0.113,0
1,3517.0,0,2,0,0,67,0,0.168,0
4,9293.0,2,3,0,0,35,0,0.194,0
2,5481.0,2,3,0,0,41,0,0.175,1
2,7800.0,0,2,0,0,208,0,0.182,0
8,22039.0,0,2,0,1,54,0,0.061,0
1,3238.0,0,5,0,0,35,0,0.243,0
6,18972.0,0,3,0,0,154,0,0.084,0
9,35241.0,0,1,0,0,62,0,0.124,1
3,8577.0,0,2,0,0,106,0,0.35,0
1,2872.0,0,3,0,0,19,0,0.197,0
2,8269.0,0,0,0,0,62,0,0.046,0
3,6768.0,0,1,0,0,95,0,0.125,0
1,3745.0,4,6,0,0,47,0,0.13,0
6,18966.0,0,1,0,0,37,0,0.095,0
2,5736.0,0,0,0,1,116,0,0.24,0
2,7636.0,0,0,0,0,12,0,0.014,0
8,27848.0,1,3,0,0,71,0,0.255,0
4,15611.0,3,8,0,0,98,0,0.113,0
2,7953.0,0,1,0,0,94,0,0.119,0
8,23568.0,0,4,0,0,26,1,0.339,1
5,18436.0,0,1,0,0,52,0,0.123,0
1,3109.0,0,2,0,0,31,0,0.181,0
2,6661.0,0,3,0,0,54,0,0.136,0
6,19469.0,2,3,0,0,43,0,0.257,1
3,8565.0,1,4,0,0,65,0,0.391,0
5,12446.0,1,4,0,0,127,1,0.332,0
1,3820.0,0,2,0,0,109,0,0.411,0
2,5577.0,0,5,0,0,71,0,0.31,0
1,3473.0,1,2,0,0,78,0,0.28,0
1,2750.0,0,2,0,0,3,0,0.059,0
4,11226.0,0,1,0,0,64,0,0.121,0
1,4942.0,3,5,0,0,23,0,0.04,0
8,31441.0,0,1,0,0,132,0,0.265,0
1,2442.0,0,5,0,0,141,0,0.15,0
6,19848.0,1,4,0,0,173,0,0.246,1
2,7557.0,1,5,0,0,123,1,0.468,0
1,3393.0,0,5,0,0,187,0,0.443,0
3,8345.0,0,2,0,0,20,0,0.204,0
1,3111.0,2,3,0,0,24,1,0.373,0
1,3737.0,1,2,0,0,42,0,0.291,0
1,4427.0,0,3,0,0,41,0,0.167,0
2,8538.0,1,1,0,0,3,0,0.027,0
1,3662.0,0,1,1,0,31,0,0.151,1
8,24328.0,0,2,0,0,52,0,0.113,0
4,15691.0,0,5,0,0,52,0,0.107,0
2,5600.0,1,4,0,0,7,0,0.162,1
3,11561.0,0,1,0,0,146,0,0.211,0
3,7862.0,0,2,0,1,6,0,0.122,1
3,8094.0,1,1,1,0,53,0,0.103,1
3,11081.0,0,1,0,0,71,1,0.157,0
5,13883.0,1,4,0,0,21,0,0.179,0
1,4715.0,2,3,0,1,18,0,0.293,0
4,12746.0,3,4,0,0,37,0,0.131,0
3,7444.0,0,1,0,0,101,1,0.227,0
1,2910.0,0,3,0,0,110,0,0.228,0
1,3157.0,0,1,0,1,84,0,0.07,0
3,9051.0,0,1,0,0,101,0,0.036,0
3,7273.0,0,1,0,0,55,0,0.13,0
2,5541.0,0,0,0,0,39,0,0.056,0
1,3241.0,0,4,0,0,29,1,0.14,0
3,8415.0,0,1,0,0,54,0,0.062,0
2,6994.0,0,0,0,0,183,0,0.168,0
1,2958.0,0,3,0,0,106,0,0.371,0
2,5760.0,0,0,0,0,31,0,0.368,0
1,2364.0,0,2,0,0,88,0,0.141,0
6,15672.0,0,3,0,0,113,0,0.392,0
2,6599.0,0,5,0,0,5,0,0.251,0
4,16900.0,1,2,0,0,133,0,0.12,0
4,11332.0,1,2,0,0,95,0,0.066,0
4,12237.0,0,5,0,0,67,1,0.13,0
2,8499.0,0,1,0,0,40,1,0.228,0
5,13452.0,1,6,0,0,34,0,0.344,0
1,3928.0,1,3,0,0,68,0,0.062,0
1,4140.0,0,1,0,0,94,0,0.2,0
5,20262.0,0,2,1,0,37,0,0.263,0
3,11646.0,1,2,0,0,22,0,0.139,0
8,19672.0,0,0,0,0,227,0,0.178,0
6,23745.0,0,2,0,0,2,0,0.289,0
7,24687.0,1,3,0,0,93,0,0.248,0
3,11162.0,1,1,0,0,165,0,0.281,0
2,7668.0,1,1,0,0,84,0,0.176,0
5,15352.0,1,2,0,0,103,0,0.114,0
1,3386.0,3,4,0,0,44,0,0.39,1
2,6940.0,1,1,0,0,115,1,0.2,1
3,7836.0,1,6,1,0,49,0,0.35,1
4,15757.0,1,1,0,0,120,0,0.238,0
2,8727.0,0,2,0,0,91,0,0.476,0
1,3222.0,0,1,0,0,107,1,0.039,0
3,7420.0,2,4,0,0,9,0,0.071,0
5,20718.0,0,0,0,1,117,1,0.333,0
1,3933.0,0,1,0,0,173,0,0.709,0
1,4033.0,1,2,0,0,45,1,0.294,0
1,3358.0,2,6,0,0,51,0,0.107,0
3,11445.0,3,8,1,0,76,0,0.033,0
7,19216.0,0,2,0,0,8,1,0.049,1
1,4744.0,0,2,0,0,15,0,0.217,1
3,8964.0,0,0,0,0,112,0,0.119,0
9,22694.0,1,4,0,0,32,0,0.17,0
2,4576.0,0,2,0,0,7,1,0.166,0
2,7918.0,0,2,0,0,50,0,0.037,0
2,6367.0,1,2,0,0,32,0,0.016,0
3,11782.0,1,5,0,0,41,1,0.107,0
1,3170.0,2,6,1,0,74,0,0.158,0
5,16543.0,0,1,0,0,48,0,0.148,0
1,3088.0,1,6,0,0,140,0,0.157,0
2,6003.0,0,1,0,0,108,0,0.103,0
3,10424.0,0,3,0,0,117,0,0.118,0
3,9846.0,0,0,0,0,0,0,0.432,0
6,15090.0,0,1,0,0,199,0,0.098,0
2,5801.0,0,1,0,0,60,0,0.372,0
1,4253.0,1,5,0,0,10,0,0.1,0
6,23142.0,3,6,1,0,217,1,0.027,1
4,11963.0,0,2,0,0,17,0,0.248,0
10,25642.0,0,3,0,0,42,0,0.052,1
2,5167.0,1,2,0,0,65,0,0.313,0
3,9938.0,0,5,0,0,21,0,0.041,0
4,12763.0,0,5,0,0,241,0,0.154,0
2,8288.0,0,2,0,0,23,0,0.157,0
2,6050.0,0,1,0,0,105,0,0.093,1
7,18235.0,0,0,0,0,107,0,0.049,0
2,7592.0,0,3,0,0,30,0,0.162,0
1,2833.0,0,2,0,0,96,0,0.136,0
4,9850.0,0,1,0,0,54,0,0.107,0
2,7522.0,0,2,1,0,13,0,0.259,0
4,13526.0,1,3,0,0,18,1,0.112,1
2,6495.0,1,2,1,0,75,0,0.025,0
2,5289.0,0,1,0,0,29,0,0.098,0
2,5228.0,1,6,0,0,78,0,0.122,0
2,8090.0,2,4,1,0,194,0,0.288,0
2,8055.0,0,2,0,0,69,0,0.225,0
9,29974.0,2,5,0,0,83,0,0.031,1
3,10420.0,0,4,0,0,289,0,0.07,0
3,13079.0,2,5,0,0,210,0,0.225,0
1,3522.0,4,4,0,0,45,0,0.014,0
2,5147.0,0,1,0,0,174,0,0.323,0
3,8145.0,0,3,0,0,84,0,0.288,0
2,6846.0,0,1,0,0,2,0,0.205,0
1,3485.0,0,1,0,0,27,0,0.271,0
2,8241.0,0,5,0,0,72,0,0.387,0
6,17177.0,0,1,0,0,281,0,0.446,0
4,11567.0,0,0,0,0,35,0,0.123,0
8,25248.0,0,3,0,0,77,1,0.431,0
3,12599.0,0,0,0,0,56,0,0.04,0
3,10728.0,0,2,0,0,30,0,0.145,0
8,23984.0,0,1,0,0,160,0,0.39,0
1,2468.0,2,4,0,0,59,0,0.293,0
1,3751.0,0,4,0,0,60,0,0.321,0
2,4605.0,2,7,0,0,17,0,0.092,0
4,14757.0,0,2,0,1,21,0,0.236,0
1,3339.0,0,2,0,0,165,0,0.169,0
2,6097.0,0,2,0,0,36,0,0.385,0
3,11468.0,1,1,0,0,182,0,0.114,1
1,2433.0,2,3,0,1,145,0,0.18,0
3,6402.0,1,4,0,0,76,0,0.082,1
1,2395.0,1,6,0,0,60,0,0.04,1
5,11684.0,3,3,0,0,99,0,0.123,1
1,3980.0,2,3,0,0,78,0,0.128,1
2,5431.0,0,2,0,0,8,0,0.073,0
8,25468.0,0,1,0,0,13,0,0.379,0
1,4028.0,0,2,0,0,124,0,0.164,0
1,4855.0,0,5,0,0,151,0,0.068,0
2,7257.0,0,1,0,0,242,0,0.12,0
2,7278.0,2,6,0,0,67,0,0.392,1
5,15463.0,0,4,0,0,127,0,0.2,0
7,26131.0,0,5,0,0,2,0,0.115,1
2,7019.0,0,2,0,0,61,0,0.086,0
2,7886.0,3,5,0,0,29,0,0.033,0
1,3104.0,0,2,0,0,7,0,0.249,0
3,6142.0,0,2,0,0,3,0,0.084,0
2,6678.0,0,1,0,0,73,1,0.184,0
5,12721.0,0,0,0,0,217,0,0.599,0
1,3572.0,0,2,0,0,35,0,0.227,0
2,8067.0,2,4,0,1,13,0,0.191,0
2,7385.0,0,0,0,0,31,0,0.344,0
1,3968.0,0,2,0,0,115,0,0.19,0
1,1832.0,0,5,0,0,39,0,0.299,0
2,8515.0,0,0,0,0,4,0,0.201,0
2,4836.0,1,1,0,0,293,1,0.142,0
5,20668.0,1,3,0,0,65,0,0.117,0
6,20249.0,1,2,0,0,31,0,0.212,0
1,2590.0,0,1,0,1,168,0,0.309,1
3,8871.0,1,3,0,0,58,0,0.047,0
1,2643.0,0,0,0,0,98,0,0.134,0
7,19187.0,0,2,0,0,117,0,0.175,0
4,11429.0,1,1,0,0,104,0,0.319,0
4,14198.0,0,1,0,1,3,0,0.279,0
2,4229.0,0,0,0,0,2,0,0.158,0
1,2328.0,3,3,0,0,73,0,0.147,0
1,3917.0,0,1,0,0,14,0,0.095,0
1,2951.0,0,1,0,0,130,0,0.173,0
2,7958.0,0,2,0,0,101,0,0.047,0
1,3205.0,0,1,0,0,95,0,0.183,0
1,3961.0,0,2,0,0,143,0,0.165,0
1,4089.0,1,2,0,0,26,0,0.117,0
1,3334.0,0,0,0,0,114,0,0.323,0
4,13655.0,1,4,0,0,180,0,0.299,0
1,2295.0,0,1,0,0,126,0,0.303,0
6,22458.0,1,3,0,0,154,0,0.113,0
4,16549.0,0,5,0,0,181,0,0.046,0
5,12627.0,0,1,0,0,89,0,0.122,0
2,4698.0,0,1,0,0,106,0,0.126,0
2,6987.0,0,4,0,0,57,0,0.196,0
1,3379.0,0,1,0,0,127,1,0.048,0
3,10344.0,0,5,0,0,141,0,0.071,0
1,3233.0,0,2,0,0,208,0,0.477,0
4,11213.0,2,3,0,0,30,1,0.115,0
2,5943.0,3,3,0,0,0,0,0.151,1
3,12594.0,3,4,0,0,125,0,0.243,1
1,4396.0,1,2,0,1,49,0,0.039,0
1,3819.0,0,2,0,0,1,0,0.085,0
2,8099.0,0,2,0,0,124,0,0.265,0
5,11431.0,0,2,0,0,28,0,0.062,0
1,3315.0,0,0,0,0,34,0,0.14,0
2,7458.0,0,0,1,0,81,0,0.111,0
1,2425.0,0,2,0,0,87,0,0.454,0
3,10564.0,4,5,0,1,16,0,0.143,0
1,3093.0,0,0,0,0,80,0,0.374,0
3,12193.0,1,1,0,0,48,0,0.002,0
1,3616.0,0,3,0,0,161,0,0.254,0
2,6468.0,3,3,0,0,42,0,0.253,1
3,8572.0,0,1,0,0,5,0,0.048,0
2,6887.0,3,6,0,0,75,0,0.052,1
2,5532.0,1,1,0,0,99,0,0.026,0
2,5970.0,1,1,0,0,182,0,0.258,1
2,6416.0,1,2,0,0,185,0,0.231,0
1,2287.0,0,3,0,0,201,0,0.114,0
5,16860.0,0,4,0,0,136,0,0.132,0
2,5218.0,0,3,0,0,115,0,0.39,0
2,4584.0,0,4,0,0,128,0,0.528,0
1,3680.0,0,1,1,0,109,0,0.069,1
5,13334.0,1,1,0,0,193,1,0.27,0
1,4001.0,0,5,0,0,46,1,0.102,1
1,2916.0,0,5,0,0,118,0,0.124,0
1,1897.0,0,1,0,0,38,0,0.319,0
1,3389.0,3,7,0,0,153,0,0.128,0
1,2756.0,1,4,0,0,37,0,0.358,0
6,19431.0,3,6,0,0,81,0,0.173,1
4,8780.0,0,5,0,0,233,0,0.101,0
1,2525.0,0,1,0,0,44,0,0.367,1
2,5051.0,1,2,0,0,205,0,0.227,0
10,21797.0,0,0,0,0,161,0,0.314,0
1,2000.0,0,0,0,0,33,0,0.112,0
1,2746.0,0,0,0,0,12,0,0.147,0
4,9192.0,0,3,0,0,79,0,0.061,0
1,2936.0,0,3,0,0,37,0,0.061,0
4,11820.0,3,4,0,0,186,1,0.265,0
8,31235.0,0,3,0,1,22,0,0.247,1
1,3624.0,0,1,0,0,48,0,0.071,0
1,4736.0,0,0,0,1,167,1,0.268,0
2,5680.0,0,2,0,0,170,0,0.202,0
2,6981.0,0,1,0,0,93,0,0.132,0
1,3344.0,0,0,0,0,43,0,0.032,0
4,14612.0,0,4,0,0,21,0,0.021,0
4,16330.0,0,2,0,0,135,0,0.12,0
2,6832.0,0,2,0,0,92,1,0.075,0
1,3555.0,1,4,1,0,30,0,0.147,0
1,3770.0,0,0,0,0,140,0,0.155,0
1,2299.0,3,3,0,0,14,0,0.144,0
4,9432.0,0,0,0,0,81,0,0.494,0
3,10335.0,0,3,0,0,43,0,0.164,1
1,3785.0,1,2,0,0,77,0,0.112,0
2,6776.0,2,2,0,1,51,0,0.055,0
2,5958.0,3,5,0,0,147,0,0.226,0
3,9069.0,1,5,0,0,76,0,0.051,0
2,6276.0,0,3,0,0,21,0,0.424,0
1,2969.0,3,3,0,0,12,0,0.242,1
5,15950.0,3,8,0,0,131,0,0.192,1
2,7048.0,0,3,0,0,72,0,0.085,0
3,10622.0,0,2,0,0,178,0,0.086,0
4,9208.0,1,1,0,0,29,0,0.429,0
2,5918.0,1,2,0,1,95,0,0.17,0
2,6223.0,2,7,0,0,105,0,0.036,1
3,10654.0,0,1,0,1,8,0,0.068,0
4,12296.0,0,2,0,0,102,1,0.007,0
1,2244.0,0,1,0,0,160,0,0.27,0
2,5329.0,0,0,0,0,347,0,0.158,0
2,4487.0,0,4,0,0,112,0,0.196,0
2,7514.0,0,1,0,1,61,0,0.02,1
2,6235.0,0,1,0,0,86,0,0.434,0
7,23002.0,0,0,0,0,59,1,0.211,0
1,3256.0,1,3,0,0,199,0,0.278,0
1,2790.0,1,4,0,0,23,0,0.261,0
3,10096.0,4,6,0,0,131,0,0.107,0
3,10368.0,0,5,0,0,41,0,0.205,0
2,7360.0,0,0,0,0,192,1,0.072,0
5,12384.0,0,1,0,0,4,0,0.189,0
5,21266.0,0,0,0,0,208,0,0.137,0
1,4506.0,2,2,0,0,247,1,0.092,0
4,10766.0,3,7,0,0,93,0,0.232,0
5,15962.0,0,5,0,0,64,0,0.232,0
3,12873.0,1,3,0,0,36,0,0.361,0
3,12515.0,0,2,0,0,28,0,0.155,0
1,2595.0,1,3,0,0,75,0,0.333,1
2,6003.0,1,3,0,1,102,0,0.498,0
3,10638.0,0,2,0,0,17,0,0.343,0
1,3143.0,0,1,0,0,110,1,0.219,0
2,5400.0,0,0,0,0,21,1,0.332,1
2,5346.0,0,0,0,0,111,0,0.181,0
2,6175.0,0,0,0,0,33,0,0.109,0
2,5886.0,0,4,0,0,34,0,0.187,0
10,24363.0,0,3,0,0,67,1,0.487,1
6,16483.0,0,3,0,0,30,1,0.189,0
2,8887.0,1,5,0,0,31,0,0.342,0
2,4900.0,0,1,0,0,9,0,0.428,0
1,3890.0,0,3,0,0,25,0,0.076,0
6,23110.0,1,2,0,0,0,0,0.017,0
1,3403.0,1,1,0,0,109,0,0.252,0
3,8962.0,1,4,0,0,122,0,0.306,1
1,3185.0,0,3,0,0,21,0,0.342,0
3,8728.0,0,0,0,1,77,0,0.312,0
2,6992.0,3,6,0,0,59,0,0.195,1
1,4298.0,1,4,0,0,23,0,0.132,0
3,12191.0,0,2,0,0,138,0,0.038,0
1,2593.0,0,3,0,0,126,0,0.094,0
3,7476.0,0,2,0,0,68,0,0.122,0
1,3882.0,1,4,0,0,84,0,0.092,0
1,4164.0,0,5,0,0,29,0,0.485,0
8,24528.0,0,1,0,0,220,0,0.109,0
9,26419.0,0,2,0,0,2,0,0.272,1
2,5034.0,0,3,0,1,12,0,0.039,0
1,3304.0,0,0,0,0,135,1,0.196,0
3,9396.0,0,5,0,0,72,0,0.075,0
1,4961.0,0,3,0,0,217,0,0.063,0
1,3363.0,1,1,0,0,157,0,0.165,0
2,6206.0,2,5,0,0,131,0,0.32,0
2,6323.0,1,3,0,0,128,0,0.203,0
2,6843.0,1,3,0,0,140,0,0.159,0
1,3520.0,0,1,0,1,71,0,0.374,0
7,20739.0,0,5,1,0,202,0,0.156,1
2,7833.0,4,5,0,0,50,0,0.626,1
6,23266.0,0,5,0,0,47,0,0.226,0
1,2919.0,1,3,0,0,124,1,0.191,1
2,7620.0,0,2,0,0,85,0,0.521,0
3,7047.0,0,4,1,0,78,0,0.52,0
4,16683.0,0,0,0,0,41,0,0.164,0
7,19795.0,0,0,0,0,101,0,0.455,0
2,6975.0,0,0,0,1,2,0,0.354,0
2,7635.0,0,1,0,0,38,0,0.293,0
2,8315.0,0,1,0,0,28,0,0.21,0
6,22002.0,0,4,0,0,28,0,0.12,0
2,6758.0,1,5,0,0,76,0,0.304,1
4,15146.0,1,1,0,1,145,0,0.335,0
3,11821.0,0,0,0,0,129,0,0.022,0
3,11170.0,1,4,0,0,95,1,0.367,0
1,3070.0,0,0,0,0,2,0,0.258,1
1,3880.0,0,3,0,0,81,0,0.289,0
6,23642.0,0,4,0,1,72,0,0.143,0
2,8120.0,0,0,0,0,100,0,0.194,1
1,4559.0,1,5,0,0,103,0,0.085,0
1,2583.0,1,1,0,0,135,0,0.294,0
2,5158.0,0,1,0,0,86,0,0.189,0
2,8183.0,0,3,0,0,70,0,0.157,0
2,5756.0,0,2,0,0,8,0,0.031,0
2,4714.0,0,5,0,1,77,0,0.048,0
1,2696.0,0,1,0,1,4,1,0.008,0
2,6907.0,0,1,0,0,8,0,0.255,0
2,4945.0,0,1,0,0,123,0,0.26,0
4,13207.0,2,2,0,1,41,0,0.077,0
1,4468.0,0,0,0,0,26,0,0.174,0
1,3224.0,0,2,0,0,65,1,0.299,0
2,5399.0,0,3,0,0,159,0,0.337,0
5,16415.0,4,4,0,0,47,0,0.151,0
2,7208.0,0,2,0,0,40,1,0.239,0
1,2992.0,0,4,0,0,11,0,0.219,0
4,15777.0,0,5,0,0,14,0,0.257,0
1,2385.0,0,3,0,0,28,0,0.231,0
6,19326.0,0,2,1,0,82,0,0.22,1
3,10339.0,0,5,0,0,78,0,0.51,1
4,10283.0,1,3,0,0,76,0,0.402,0
7,20258.0,1,3,0,0,108,0,0.269,0
1,3611.0,2,6,0,0,150,0,0.161,1
2,6947.0,0,4,0,0,12,0,0.073,0
1,4783.0,2,4,0,0,72,0,0.252,0
1,2429.0,1,2,0,0,87,0,0.278,0
8,18629.0,0,5,1,0,19,0,0.246,1
7,18585.0,0,3,0,0,75,0,0.165,0
7,29078.0,2,5,0,0,46,0,0.042,0
2,7634.0,0,3,0,0,167,0,0.17,0
1,3229.0,0,4,0,0,93,0,0.053,0
1,3414.0,1,4,0,0,49,0,0.1,0
5,10756.0,0,1,1,0,65,0,0.221,0
5,17992.0,0,1,0,0,115,0,0.175,1
2,6462.0,0,4,0,0,146,0,0.207,0
1,3260.0,2,2,0,0,165,0,0.076,0
6,14304.0,1,4,0,0,7,0,0.051,0
1,4824.0,0,0,0,0,95,1,0.218,0
1,3390.0,0,1,0,0,58,0,0.163,0
1,3753.0,0,2,0,0,107,0,0.072,0
9,23755.0,1,3,0,0,86,0,0.208,0
4,15422.0,2,5,0,0,133,0,0.344,1
1,3983.0,0,2,0,1,87,0,0.342,0
8,18565.0,0,5,0,0,85,0,0.136,0
3,10433.0,2,7,0,0,41,0,0.238,0
1,4576.0,0,2,0,0,50,0,0.185,0
5,12342.0,2,7,0,1,153,0,0.374,1
2,5249.0,1,6,0,0,11,0,0.205,0
3,12675.0,2,7,0,0,30,0,0.239,0
3,12361.0,0,1,0,0,124,0,0.234,0
1,2992.0,1,6,0,0,149,0,0.258,0
3,8841.0,0,0,0,0,27,0,0.036,0
1,2055.0,1,5,0,0,99,0,0.152,1
4,11246.0,1,3,0,0,73,0,0.181,0
9,32608.0,0,0,0,0,33,0,0.205,0
5,20645.0,0,5,0,0,11,0,0.235,0
3,11942.0,0,2,0,0,37,0,0.177,0
2,7933.0,0,1,0,0,145,0,0.161,0
3,7521.0,0,5,0,0,43,0,0.11,0
1,3495.0,0,3,0,0,145,0,0.048,0
3,10966.0,1,4,0,1,150,0,0.203,1
3,7451.0,2,7,0,0,6,0,0.212,1
5,20407.0,0,1,0,0,146,1,0.382,0
2,7456.0,0,2,0,0,22,0,0.559,0
4,15847.0,0,2,0,0,59,0,0.019,0
1,3359.0,0,3,0,0,225,1,0.357,0
8,28817.0,4,4,0,0,227,0,0.091,1
2,5157.0,0,0,0,0,20,1,0.094,0
1,4196.0,0,3,0,0,153,0,0.416,0
2,4865.0,1,2,0,0,132,0,0.397,0
7,20102.0,0,0,0,0,43,0,0.279,1
3,7708.0,0,2,0,0,82,0,0.434,0
7,23233.0,2,2,0,0,11,0,0.173,0
2,8120.0,0,3,1,0,142,0,0.372,0
1,3531.0,0,3,0,0,158,0,0.054,0
4,16388.0,0,4,0,0,164,1,0.144,0
4,10918.0,0,0,0,0,93,0,0.286,0
2,7810.0,1,4,0,0,95,1,0.027,0
2,6548.0,1,2,1,0,73,0,0.258,0
2,8147.0,0,4,0,0,22,0,0.144,0
10,39543.0,0,1,0,0,227,1,0.155,1
10,40696.0,0,4,1,0,25,1,0.13,0
2,7783.0,1,3,0,0,155,0,0.126,0
1,2522.0,3,6,0,0,63,1,0.022,1
2,7212.0,0,1,0,0,32,0,0.274,0
2,4605.0,0,1,0,0,55,1,0.318,0
1,3334.0,0,1,0,0,51,0,0.38,0
7,20721.0,1,3,0,0,1,0,0.119,0
4,14324.0,1,1,0,0,161,1,0.087,0
7,18032.0,0,4,0,0,93,0,0.323,0
2,4867.0,1,2,0,1,128,0,0.265,0
4,16405.0,1,1,0,0,118,0,0.085,0
7,22666.0,0,1,0,0,16,0,0.131,0
1,2471.0,2,7,0,0,9,0,0.135,0
1,4844.0,0,4,0,0,44,0,0.437,0
7,20693.0,0,1,0,0,72,0,0.445,0
1,3329.0,2,3,0,0,8,0,0.103,0
1,2176.0,0,1,0,0,66,0,0.225,0
2,6169.0,0,2,0,0,215,0,0.092,0
3,8200.0,2,6,0,0,82,0,0.093,1
2,7210.0,0,2,0,0,157,0,0.347,0
1,3252.0,1,1,0,0,39,1,0.327,0
2,7044.0,0,4,0,0,5,1,0.057,0
5,12907.0,0,0,0,0,103,0,0.159,0
1,3030.0,0,1,0,0,83,0,0.151,0
3,10399.0,1,3,0,0,206,1,0.174,0
8,30749.0,0,3,0,0,33,0,0.076,0
2,6411.0,0,5,1,0,84,0,0.097,0
2,5239.0,0,2,0,0,54,0,0.336,0
2,5234.0,0,5,0,0,247,0,0.157,1
2,6714.0,1,3,0,0,164,0,0.198,0
4,10409.0,0,2,0,0,83,0,0.367,0
2,4954.0,0,2,0,0,37,0,0.372,0
1,3830.0,1,1,0,0,83,0,0.147,1
3,8132.0,0,2,0,0,40,0,0.254,0
5,19258.0,0,1,0,0,212,0,0.068,0
6,17148.0,0,3,0,0,59,1,0.304,0
2,7768.0,0,1,0,0,109,1,0.05,0
1,3485.0,1,1,0,0,41,0,0.028,0
2,8812.0,0,0,0,0,171,0,0.243,0
3,9834.0,2,3,1,0,25,0,0.093,0
3,11521.0,0,5,0,0,116,0,0.163,0
6,15197.0,0,5,0,0,3,0,0.053,0
10,32807.0,0,1,0,0,211,0,0.138,1
2,8764.0,1,1,0,0,187,0,0.267,0
1,4571.0,0,1,0,0,65,0,0.428,0
2,7830.0,0,1,0,0,19,0,0.38,0
5,12428.0,0,3,0,0,65,0,0.102,1
1,2444.0,0,2,0,0,6,0,0.344,0
1,2709.0,0,1,0,0,165,0,0.102,0
7,17296.0,3,3,0,0,83,1,0.538,1
1,3549.0,3,7,0,0,116,0,0.014,1
7,23905.0,1,5,0,1,95,0,0.349,0
3,8043.0,2,3,0,0,106,1,0.422,0
1,2823.0,3,3,0,0,17,0,0.097,0
2,7297.0,2,2,0,0,13,0,0.283,0
6,23371.0,0,4,0,0,40,0,0.073,0
1,2972.0,3,7,0,0,138,0,0.313,0
5,11873.0,0,0,0,0,55,0,0.421,0
1,3848.0,1,3,0,0,159,0,0.148,0
1,4214.0,2,3,0,0,90,0,0.204,1
2,7761.0,3,4,0,0,137,0,0.205,1
3,6750.0,1,2,0,0,92,0,0.157,0
2,5256.0,0,5,0,0,3,1,0.263,0
1,2407.0,0,3,0,0,54,0,0.272,0
1,2595.0,0,3,0,0,84,0,0.311,0
6,17216.0,0,4,1,0,55,0,0.141,0
2,5391.0,0,1,0,0,86,0,0.147,0
3,8330.0,0,0,0,0,137,1,0.245,0
1,4138.0,1,2,1,0,155,0,0.113,0
1,3812.0,0,1,0,0,97,0,0.186,0
1,3425.0,0,4,0,0,186,0,0.12,0
1,3734.0,0,3,0,0,120,0,0.213,0
1,2068.0,1,1,0,0,85,1,0.385,1
4,9304.0,0,1,0,0,59,0,0.153,0
5,20524.0,0,1,0,0,75,0,0.305,0
2,5994.0,0,1,0,0,41,0,0.107,1
4,15993.0,0,0,0,0,102,0,0.122,0
3,7584.0,0,3,0,0,21,0,0.115,0
7,24384.0,1,1,0,0,69,0,0.339,0
1,4570.0,2,3,0,0,189,0,0.033,1
3,11095.0,1,6,0,0,75,0,0.358,1
6,22098.0,0,0,0,0,77,0,0.112,1
3,8084.0,0,1,1,0,72,1,0.169,0
1,3362.0,1,1,0,0,40,0,0.361,0
3,12342.0,0,3,0,0,181,1,0.039,0
3,6655.0,0,3,1,0,201,1,0.327,0
9,27323.0,0,1,0,0,87,1,0.184,1
1,2635.0,0,3,0,0,124,1,0.112,0
1,3456.0,1,2,0,0,74,0,0.142,0
1,3262.0,0,1,0,0,67,0,0.07,0
1,3376.0,0,2,0,0,0,0,0.049,0
2,5828.0,0,1,0,0,74,1,0.208,0
4,9895.0,0,1,0,0,141,0,0.079,0
1,3382.0,0,0,1,0,162,0,0.053,0
1,4570.0,0,1,0,0,80,1,0.105,0
1,3074.0,0,1,0,0,97,0,0.212,0
1,2576.0,0,1,0,0,64,0,0.06,0
7,25869.0,0,0,0,0,38,0,0.331,1
1,2706.0,0,3,0,0,109,0,0.297,0
9,29343.0,0,2,0,0,102,0,0.072,0
7,21939.0,0,2,0,0,129,0,0.306,0
2,7853.0,4,4,0,0,20,0,0.017,0
1,3514.0,0,3,1,0,34,0,0.279,0
6,16567.0,0,0,0,1,83,0,0.146,0
2,8053.0,2,3,0,0,11,0,0.41,0
8,32640.0,1,5,0,0,32,0,0.113,1
1,2643.0,3,6,0,0,49,0,0.087,0
1,3894.0,0,1,0,0,17,1,0.45,0
2,6467.0,0,5,0,0,123,0,0.193,0
2,6459.0,3,4,0,0,186,1,0.156,0
10,41461.0,0,2,1,0,35,0,0.024,0
5,19247.0,1,3,0,0,132,0,0.219,0
1,2320.0,0,5,0,1,26,0,0.006,0
1,3711.0,0,1,0,0,39,0,0.331,0
1,3524.0,0,4,1,0,109,1,0.109,0
1,2824.0,0,5,0,0,44,1,0.175,1
2,7697.0,0,0,0,1,12,0,0.316,0
2,6039.0,2,7,0,0,99,0,0.121,1
1,1956.0,0,1,0,0,14,0,0.427,0
6,18415.0,2,4,0,0,80,0,0.321,1
4,11222.0,4,5,0,0,73,0,0.127,0
3,10926.0,1,1,0,1,31,0,0.12,0
2,6360.0,1,1,0,0,75,0,0.15,0
7,25794.0,0,1,0,0,150,0,0.251,0
6,14450.0,0,1,0,0,63,0,0.183,0
6,18395.0,2,3,0,0,75,1,0.112,0
8,34130.0,1,3,0,0,266,0,0.178,0
1,2488.0,0,4,0,0,139,0,0.115,0
4,13099.0,0,2,0,0,14,0,0.012,0
1,4498.0,1,6,0,0,9,0,0.253,1
1,3193.0,1,3,0,0,251,1,0.222,0
2,8929.0,0,0,0,0,100,0,0.15,0
6,18498.0,0,2,0,0,199,0,0.329,0
6,17201.0,0,1,0,0,11,0,0.194,0
4,12268.0,0,1,0,1,194,0,0.181,0
4,9933.0,1,2,0,1,52,0,0.019,0
2,4516.0,0,1,0,0,70,0,0.21,0
2,5067.0,1,1,0,0,67,0,0.401,0
1,2069.0,0,0,0,0,174,0,0.112,0
2,5561.0,0,1,0,0,21,0,0.174,0
1,2628.0,0,1,0,0,144,0,0.277,0
3,8113.0,1,4,0,0,73,0,0.198,0
1,4351.0,0,3,0,0,194,1,0.432,0
2,8602.0,3,5,0,0,256,0,0.182,1
4,14358.0,2,4,0,0,86,0,0.703,0
2,6979.0,1,2,0,0,71,0,0.06,0
4,14686.0,0,3,0,0,137,0,0.535,0
2,5559.0,0,2,0,0,166,1,0.481,1
3,9575.0,0,4,0,0,122,0,0.042,0
1,4080.0,0,4,0,0,177,0,0.108,1
7,16894.0,0,3,0,0,182,0,0.213,0
3,12729.0,1,1,0,1,198,0,0.223,0
1,3202.0,1,2,0,0,121,0,0.501,0
2,8468.0,1,6,0,0,9,0,0.214,1
2,6307.0,0,1,0,0,146,0,0.161,1
8,22935.0,0,0,0,0,173,0,0.031,0
6,18954.0,1,1,0,0,215,0,0.151,0
1,2643.0,2,3,0,0,116,0,0.429,1
1,3968.0,0,3,0,0,88,1,0.383,0
3,7647.0,0,5,0,0,20,0,0.189,1
8,25952.0,0,1,0,0,147,0,0.098,0
2,8072.0,0,0,0,0,32,0,0.147,0
2,7276.0,3,8,0,0,111,0,0.236,0
1,3995.0,1,4,0,0,168,0,0.076,0
4,14705.0,2,5,0,0,1,1,0.431,1
2,5651.0,0,2,0,0,37,0,0.055,0
1,3232.0,0,1,0,0,129,0,0.514,0
1,4633.0,0,1,0,0,131,0,0.19,0
4,12943.0,3,4,0,0,70,0,0.081,1
2,6176.0,1,2,0,0,115,0,0.259,0
4,9837.0,0,3,0,0,12,0,0.151,0
1,3232.0,2,2,0,0,24,1,0.176,1
2,5901.0,2,3,0,0,115,0,0.092,0
3,9211.0,2,7,0,0,21,0,0.263,1
4,14806.0,0,0,0,0,72,0,0.206,0
2,7830.0,0,0,0,0,18,0,0.081,0
1,3469.0,4,4,0,0,78,0,0.085,0
3,8769.0,0,5,0,0,98,0,0.188,1
7,16800.0,0,5,0,0,132,0,0.304,0
1,3069.0,0,5,0,0,43,0,0.402,0
3,10224.0,2,6,0,0,26,0,0.28,0
3,12007.0,1,3,0,0,32,1,0.298,0
1,2849.0,1,2,0,0,13,0,0.21,0
2,4865.0,0,0,0,0,25,0,0.312,0
7,20055.0,3,6,0,0,169,0,0.233,0
2,6318.0,0,4,0,0,104,0,0.164,0
7,24383.0,0,0,0,0,69,1,0.309,1
3,9640.0,0,0,0,0,128,0,0.247,0
2,4391.0,0,2,0,0,30,0,0.356,0
2,5593.0,0,3,0,0,185,0,0.315,0
2,7460.0,1,5,0,0,197,0,0.331,0
3,12359.0,0,4,0,0,145,0,0.174,0
2,6003.0,0,1,0,0,9,0,0.164,0
1,3908.0,1,5,0,0,65,0,0.107,0
3,7994.0,0,1,0,0,151,0,0.049,0
2,7478.0,1,2,0,0,49,0,0.032,0
6,15742.0,0,2,0,0,66,0,0.159,0
3,8009.0,0,0,0,0,16,0,0.257,1
8,19711.0,0,0,0,0,22,0,0.262,1
1,3646.0,0,0,0,1,50,0,0.266,0
1,3208.0,1,2,0,0,20,0,0.242,1
1,4509.0,0,0,0,0,5,0,0.403,0
4,12033.0,0,3,0,0,89,0,0.102,0
2,8077.0,0,2,0,0,23,0,0.27,0
4,9858.0,0,5,0,0,51,0,0.073,0
1,4463.0,1,2,0,0,28,0,0.36,0
1,2992.0,1,2,0,0,71,0,0.077,0
5,12977.0,1,6,0,0,62,0,0.182,0
3,11523.0,0,5,0,0,82,0,0.137,1
6,13773.0,0,0,0,0,53,0,0.433,0
1,2783.0,0,1,0,0,14,0,0.145,1
1,3339.0,0,2,0,0,77,0,0.221,0
1,2950.0,1,1,0,0,196,0,0.177,0
1,3492.0,0,5,0,0,70,0,0.29,0
2,4960.0,0,4,0,0,133,0,0.344,0
3,9226.0,1,2,0,0,144,0,0.143,0
5,18134.0,0,1,0,0,59,0,0.206,0
2,4096.0,1,2,1,0,80,1,0.009,0
2,6434.0,1,2,1,0,108,1,0.123,1
1,4483.0,0,5,0,0,205,0,0.115,0
3,7380.0,0,2,1,0,114,0,0.05,0
2,7908.0,0,3,0,0,25,0,0.115,0
5,19815.0,0,4,0,1,74,0,0.164,0
4,15310.0,0,2,0,0,76,0,0.173,0
1,2176.0,1,2,0,1,196,0,0.232,0
3,7744.0,0,4,0,0,130,0,0.151,0
2,6669.0,0,4,0,0,90,0,0.093,0
4,15476.0,0,4,0,0,128,0,0.157,0
4,12926.0,0,1,0,0,63,0,0.435,0
5,14671.0,0,0,0,0,18,0,0.487,0
4,8641.0,0,2,0,0,164,1,0.291,0
4,14414.0,1,4,0,0,56,0,0.389,0
1,3726.0,0,2,0,0,50,0,0.158,0
2,4295.0,0,5,0,0,128,0,0.045,1
6,16685.0,0,0,0,0,119,0,0.022,0
2,5354.0,0,5,0,0,6,0,0.051,0
2,4304.0,0,2,0,0,41,0,0.371,0
2,5061.0,2,5,0,1,39,0,0.16,1
